time,w,rho
1998-06-24 23:14:08+00:00,468.0,7.130000114440918
1998-10-29 00:20:05+00:00,611.0,4.119999885559082
1998-10-29 00:25:05+00:00,599.0,3.8399999141693115
1998-10-29 00:30:07+00:00,594.0,4.179999828338623
1998-10-29 00:35:10+00:00,599.0,4.079999923706055
1998-10-29 00:40:12+00:00,588.0,4.150000095367432
1998-10-29 00:45:13+00:00,598.0,3.930000066757202
1998-10-29 00:50:15+00:00,622.0,3.9600000381469727
1998-10-29 00:55:19+00:00,596.0,3.930000066757202
1998-10-29 01:00:20+00:00,584.0,3.740000009536743
1998-10-29 01:05:22+00:00,604.0,3.5199999809265137
1998-10-29 01:10:25+00:00,649.0,3.930000066757202
1998-10-29 01:15:27+00:00,680.0,3.940000057220459
1998-10-29 01:20:29+00:00,588.0,3.6500000953674316
1998-10-29 01:25:32+00:00,578.0,4.039999961853027
1998-10-29 01:30:34+00:00,577.0,4.260000228881836
1998-10-29 01:35:35+00:00,576.0,3.930000066757202
1998-10-29 01:40:37+00:00,579.0,3.7100000381469727
1998-10-29 01:45:40+00:00,605.0,3.309999942779541
1998-10-29 01:50:42+00:00,652.0,3.680000066757202
1998-10-29 01:55:46+00:00,567.0,4.590000152587891
1998-10-29 02:00:46+00:00,555.0,4.550000190734863
1998-10-29 02:05:49+00:00,557.0,4.829999923706055
1998-10-29 02:10:51+00:00,558.0,5.119999885559082
1998-10-29 02:15:54+00:00,571.0,4.449999809265137
1998-10-29 02:20:56+00:00,555.0,4.760000228881836
1998-10-29 02:25:59+00:00,561.0,4.809999942779541
1998-10-29 02:30:59+00:00,556.0,5.050000190734863
1998-10-29 02:36:02+00:00,552.0,4.869999885559082
1998-10-29 02:41:04+00:00,553.0,4.730000019073486
1998-10-29 02:46:06+00:00,551.0,4.46999979019165
1998-10-29 02:51:09+00:00,563.0,4.429999828338623
1998-10-29 02:56:13+00:00,593.0,4.340000152587891
1998-10-29 03:01:13+00:00,562.0,5.050000190734863
1998-10-29 03:06:16+00:00,571.0,3.509999990463257
1998-10-29 03:11:18+00:00,554.0,4.210000038146973
1998-10-29 03:16:19+00:00,556.0,4.539999961853027
1998-10-29 03:21:21+00:00,557.0,5.320000171661377
1998-10-29 03:26:27+00:00,586.0,4.800000190734863
1998-10-29 03:31:26+00:00,570.0,5.309999942779541
1998-10-29 03:36:28+00:00,563.0,5.539999961853027
1998-10-29 03:41:31+00:00,567.0,5.630000114440918
1998-10-29 03:46:33+00:00,558.0,5.570000171661377
1998-10-29 03:51:35+00:00,560.0,5.590000152587891
1998-10-29 03:56:40+00:00,567.0,5.440000057220459
1998-10-29 04:01:40+00:00,569.0,5.429999828338623
1998-10-29 04:06:41+00:00,564.0,5.420000076293945
1998-10-29 04:11:43+00:00,551.0,5.550000190734863
1998-10-29 04:16:46+00:00,548.0,5.320000171661377
1998-10-29 04:21:48+00:00,548.0,5.460000038146973
1998-10-29 04:26:50+00:00,537.0,5.110000133514404
1998-10-29 04:31:54+00:00,543.0,5.690000057220459
1998-10-29 04:36:55+00:00,546.0,5.889999866485596
1998-10-29 04:49:30+00:00,569.0,6.010000228881836
1998-10-29 04:54:32+00:00,565.0,5.840000152587891
1998-10-29 04:59:37+00:00,563.0,5.909999847412109
1998-10-29 05:04:37+00:00,563.0,5.800000190734863
1998-10-29 05:09:38+00:00,562.0,5.670000076293945
1998-10-29 05:14:42+00:00,559.0,5.670000076293945
1998-10-29 05:19:44+00:00,566.0,5.269999980926514
1998-10-29 05:24:46+00:00,570.0,5.610000133514404
1998-10-29 05:29:51+00:00,564.0,5.510000228881836
1998-10-29 05:34:51+00:00,575.0,5.440000057220459
1998-10-29 05:39:53+00:00,574.0,5.25
1998-10-29 05:44:54+00:00,567.0,5.110000133514404
1998-10-29 05:49:58+00:00,566.0,5.190000057220459
1998-10-29 05:54:59+00:00,565.0,5.159999847412109
1998-10-29 06:00:01+00:00,565.0,5.670000076293945
1998-10-29 06:05:05+00:00,569.0,5.400000095367432
1998-10-29 06:10:06+00:00,563.0,5.170000076293945
1998-10-29 06:15:08+00:00,560.0,5.409999847412109
1998-10-29 06:20:11+00:00,580.0,5.289999961853027
1998-10-29 06:25:13+00:00,582.0,5.25
1998-10-29 06:30:15+00:00,575.0,5.380000114440918
1998-10-29 06:35:18+00:00,591.0,4.96999979019165
1998-10-29 06:40:20+00:00,584.0,4.940000057220459
1998-10-29 06:45:21+00:00,587.0,5.03000020980835
1998-10-29 06:50:23+00:00,590.0,5.139999866485596
1998-10-29 06:55:26+00:00,586.0,4.96999979019165
1998-10-29 07:00:28+00:00,592.0,5.340000152587891
1998-10-29 07:05:32+00:00,588.0,4.900000095367432
1998-10-29 07:10:32+00:00,580.0,4.789999961853027
1998-10-29 07:15:35+00:00,579.0,4.800000190734863
1998-10-29 07:20:36+00:00,582.0,4.860000133514404
1998-10-29 07:25:38+00:00,581.0,5.110000133514404
1998-10-29 07:30:42+00:00,570.0,5.239999771118164
1998-10-29 07:35:45+00:00,567.0,5.380000114440918
1998-10-29 07:40:45+00:00,567.0,5.329999923706055
1998-10-29 07:45:48+00:00,570.0,5.260000228881836
1998-10-29 07:50:50+00:00,594.0,4.78000020980835
1998-10-29 07:55:52+00:00,613.0,4.619999885559082
1998-10-29 08:00:55+00:00,624.0,4.639999866485596
1998-10-29 08:05:59+00:00,633.0,4.590000152587891
1998-10-29 08:10:59+00:00,582.0,4.639999866485596
1998-10-29 08:16:00+00:00,581.0,4.699999809265137
1998-10-29 08:21:04+00:00,595.0,4.699999809265137
1998-10-29 08:26:05+00:00,613.0,4.53000020980835
1998-10-29 08:31:07+00:00,645.0,4.630000114440918
1998-10-29 08:36:13+00:00,640.0,4.630000114440918
1998-10-29 08:41:12+00:00,621.0,4.619999885559082
1998-10-29 08:46:14+00:00,635.0,4.369999885559082
1998-10-29 08:51:17+00:00,614.0,4.46999979019165
1998-10-29 08:56:19+00:00,607.0,4.400000095367432
1998-10-29 09:01:20+00:00,622.0,4.800000190734863
1998-10-29 09:06:56+00:00,606.0,4.539999961853027
1998-10-29 09:11:56+00:00,606.0,4.409999847412109
1998-10-29 09:16:57+00:00,618.0,4.889999866485596
1998-10-29 09:21:59+00:00,610.0,4.599999904632568
1998-10-29 09:27:02+00:00,607.0,4.53000020980835
1998-10-29 09:32:04+00:00,622.0,4.980000019073486
1998-10-29 09:37:06+00:00,614.0,4.659999847412109
1998-10-29 09:42:09+00:00,608.0,4.570000171661377
1998-10-29 09:47:11+00:00,600.0,4.170000076293945
1998-10-29 09:52:12+00:00,602.0,3.7899999618530273
1998-10-29 09:57:16+00:00,608.0,3.619999885559082
1998-10-29 10:02:18+00:00,605.0,3.8299999237060547
1998-10-29 10:07:19+00:00,601.0,4.019999980926514
1998-10-29 10:12:23+00:00,591.0,3.9200000762939453
1998-10-29 10:17:24+00:00,596.0,3.8399999141693115
1998-10-29 10:22:26+00:00,577.0,4.21999979019165
1998-10-29 10:27:28+00:00,567.0,4.489999771118164
1998-10-29 10:32:31+00:00,572.0,4.639999866485596
1998-10-29 10:37:33+00:00,582.0,4.53000020980835
1998-10-29 10:42:37+00:00,586.0,4.440000057220459
1998-10-29 10:47:36+00:00,593.0,4.599999904632568
1998-10-29 10:52:40+00:00,582.0,4.840000152587891
1998-10-29 10:57:41+00:00,580.0,4.820000171661377
1998-10-29 11:02:43+00:00,578.0,4.710000038146973
1998-10-29 11:07:46+00:00,578.0,4.610000133514404
1998-10-29 11:12:50+00:00,575.0,4.730000019073486
1998-10-29 11:17:50+00:00,574.0,4.690000057220459
1998-10-29 11:22:53+00:00,570.0,4.929999828338623
1998-10-29 11:27:55+00:00,567.0,5.170000076293945
1998-10-29 11:32:56+00:00,560.0,4.960000038146973
1998-10-29 11:38:00+00:00,559.0,4.760000228881836
1998-10-29 11:43:04+00:00,556.0,4.789999961853027
1998-10-29 11:48:33+00:00,553.0,4.940000057220459
1998-10-29 11:53:37+00:00,554.0,5.110000133514404
1998-10-29 11:58:38+00:00,559.0,4.800000190734863
1998-10-29 12:03:40+00:00,566.0,4.710000038146973
1998-10-29 12:08:43+00:00,564.0,4.599999904632568
1998-10-29 12:13:47+00:00,554.0,4.980000019073486
1998-10-29 12:18:47+00:00,555.0,4.840000152587891
1998-10-29 12:23:48+00:00,564.0,4.849999904632568
1998-10-29 12:28:52+00:00,556.0,4.940000057220459
1998-10-29 12:33:53+00:00,550.0,4.820000171661377
1998-10-29 12:38:55+00:00,545.0,5.019999980926514
1998-10-29 12:44:01+00:00,549.0,5.179999828338623
1998-10-29 12:49:01+00:00,552.0,5.059999942779541
1998-10-29 12:54:02+00:00,555.0,4.900000095367432
1998-10-29 12:59:04+00:00,551.0,4.840000152587891
1998-10-29 13:04:07+00:00,555.0,4.840000152587891
1998-10-29 13:09:09+00:00,558.0,4.760000228881836
1998-10-29 13:14:10+00:00,552.0,5.230000019073486
1998-10-29 13:19:14+00:00,546.0,5.590000152587891
1998-10-29 13:24:15+00:00,554.0,5.739999771118164
1998-10-29 13:29:17+00:00,562.0,5.590000152587891
1998-10-29 13:34:21+00:00,568.0,5.349999904632568
1998-10-29 13:39:22+00:00,561.0,5.25
1998-10-29 13:44:24+00:00,561.0,5.630000114440918
1998-10-29 13:49:28+00:00,563.0,5.449999809265137
1998-10-29 13:54:29+00:00,552.0,4.789999961853027
1998-10-29 13:59:31+00:00,568.0,3.9800000190734863
1998-10-29 14:04:32+00:00,572.0,3.9000000953674316
1998-10-29 14:09:36+00:00,568.0,4.019999980926514
1998-10-29 14:14:37+00:00,564.0,4.090000152587891
1998-10-29 14:19:41+00:00,563.0,4.25
1998-10-29 14:24:41+00:00,572.0,4.179999828338623
1998-10-29 14:29:44+00:00,571.0,4.239999771118164
1998-10-29 14:34:46+00:00,571.0,4.070000171661377
1998-10-29 14:39:49+00:00,589.0,3.9200000762939453
1998-10-29 14:44:51+00:00,609.0,3.7899999618530273
1998-10-29 14:49:55+00:00,604.0,3.440000057220459
1998-10-29 14:54:55+00:00,589.0,3.4000000953674316
1998-10-29 14:59:58+00:00,605.0,3.049999952316284
1998-10-29 15:05:29+00:00,598.0,3.309999942779541
1998-10-29 15:10:31+00:00,588.0,3.7899999618530273
1998-10-29 15:16:05+00:00,575.0,4.079999923706055
1998-10-29 15:21:38+00:00,573.0,4.110000133514404
1998-10-29 15:26:38+00:00,590.0,3.559999942779541
1998-10-29 15:31:41+00:00,578.0,4.059999942779541
1998-10-29 15:36:43+00:00,578.0,4.03000020980835
1998-10-29 15:41:46+00:00,587.0,3.309999942779541
1998-10-29 15:46:48+00:00,587.0,3.25
1998-10-29 15:51:52+00:00,587.0,2.9200000762939453
1998-10-29 15:56:52+00:00,590.0,2.9700000286102295
1998-10-29 16:01:55+00:00,596.0,3.0799999237060547
1998-10-29 16:06:57+00:00,596.0,3.0299999713897705
1998-10-29 16:11:58+00:00,597.0,2.809999942779541
1998-10-29 16:17:02+00:00,600.0,2.9000000953674316
1998-10-29 16:22:05+00:00,598.0,2.880000114440918
1998-10-29 16:27:05+00:00,594.0,2.809999942779541
1998-10-29 16:32:09+00:00,588.0,2.640000104904175
1998-10-29 16:37:10+00:00,597.0,2.890000104904175
1998-10-29 16:42:12+00:00,595.0,2.8499999046325684
1998-10-29 16:47:13+00:00,592.0,2.809999942779541
1998-10-29 16:52:19+00:00,593.0,2.9000000953674316
1998-10-29 16:57:19+00:00,600.0,2.9800000190734863
1998-10-29 17:02:20+00:00,601.0,2.890000104904175
1998-10-29 17:07:24+00:00,597.0,2.6700000762939453
1998-10-29 17:12:25+00:00,670.0,2.6600000858306885
1998-10-29 17:17:27+00:00,661.0,2.859999895095825
1998-10-29 17:22:33+00:00,649.0,3.240000009536743
1998-10-29 17:27:32+00:00,638.0,3.440000057220459
1998-10-29 17:33:04+00:00,635.0,3.559999942779541
1998-10-29 17:38:07+00:00,624.0,3.4000000953674316
1998-10-29 17:43:09+00:00,625.0,3.390000104904175
1998-10-29 17:48:11+00:00,652.0,3.7799999713897705
1998-10-29 17:53:12+00:00,627.0,3.4600000381469727
1998-10-29 17:58:16+00:00,634.0,3.2699999809265137
1998-10-29 18:03:17+00:00,626.0,3.390000104904175
1998-10-29 18:08:19+00:00,616.0,3.25
1998-10-29 18:13:22+00:00,612.0,3.3299999237060547
1998-10-29 18:18:54+00:00,607.0,2.7899999618530273
1998-10-29 18:23:56+00:00,601.0,2.4600000381469727
1998-10-29 18:28:59+00:00,601.0,2.359999895095825
1998-10-29 18:34:01+00:00,604.0,2.5999999046325684
1998-10-29 18:39:03+00:00,618.0,3.2200000286102295
1998-10-29 18:44:06+00:00,625.0,3.809999942779541
1998-10-29 18:49:08+00:00,614.0,3.4100000858306885
1998-10-29 18:54:09+00:00,602.0,2.759999990463257
1998-10-29 18:59:13+00:00,601.0,2.75
1998-10-29 19:04:14+00:00,599.0,2.6700000762939453
1998-10-29 19:09:16+00:00,601.0,2.940000057220459
1998-10-29 19:14:18+00:00,613.0,2.759999990463257
1998-10-29 19:19:21+00:00,614.0,2.819999933242798
1998-10-29 19:24:23+00:00,620.0,2.7799999713897705
1998-10-29 19:29:27+00:00,617.0,2.8399999141693115
1998-10-29 19:34:26+00:00,614.0,3.0
1998-10-29 19:39:30+00:00,615.0,2.940000057220459
1998-10-29 19:44:31+00:00,614.0,2.9000000953674316
1998-10-29 19:49:33+00:00,608.0,3.2899999618530273
1998-10-29 19:54:36+00:00,608.0,3.3399999141693115
1998-10-29 19:59:55+00:00,604.0,3.130000114440918
1998-10-29 20:04:40+00:00,610.0,3.4200000762939453
1998-10-29 20:09:43+00:00,597.0,3.2699999809265137
1998-10-29 20:14:45+00:00,591.0,3.440000057220459
1998-10-29 20:19:47+00:00,590.0,3.2799999713897705
1998-10-29 20:24:50+00:00,584.0,3.1700000762939453
1998-10-29 20:29:54+00:00,597.0,3.190000057220459
1998-10-29 20:34:54+00:00,599.0,3.2899999618530273
1998-10-29 20:39:55+00:00,619.0,3.740000009536743
1998-10-29 20:44:58+00:00,608.0,3.5799999237060547
1998-10-29 20:50:00+00:00,602.0,3.450000047683716
1998-10-29 20:55:02+00:00,595.0,3.200000047683716
1998-10-29 21:00:07+00:00,592.0,3.309999942779541
1998-10-29 21:05:07+00:00,592.0,3.4600000381469727
1998-10-29 21:10:09+00:00,582.0,3.740000009536743
1998-10-29 21:15:12+00:00,584.0,4.010000228881836
1998-10-29 21:20:14+00:00,592.0,4.090000152587891
1998-10-29 21:25:15+00:00,590.0,4.0
1998-10-29 21:30:17+00:00,593.0,3.950000047683716
1998-10-29 21:35:21+00:00,596.0,3.7899999618530273
1998-10-29 21:40:22+00:00,594.0,3.880000114440918
1998-10-29 21:45:24+00:00,584.0,4.21999979019165
1998-10-29 21:50:27+00:00,582.0,4.079999923706055
1998-10-29 21:55:29+00:00,582.0,3.8499999046325684
1998-10-29 22:00:31+00:00,570.0,3.819999933242798
1998-10-29 22:05:34+00:00,578.0,3.759999990463257
1998-10-29 22:10:36+00:00,588.0,3.9700000286102295
1998-10-29 22:15:37+00:00,598.0,3.7300000190734863
1998-10-29 22:20:39+00:00,603.0,3.4200000762939453
1998-10-29 22:25:42+00:00,589.0,3.8499999046325684
1998-10-29 22:30:44+00:00,585.0,3.8299999237060547
1998-10-29 22:35:48+00:00,590.0,3.4700000286102295
1998-10-29 22:40:49+00:00,578.0,3.4700000286102295
1998-10-29 22:45:51+00:00,569.0,3.619999885559082
1998-10-29 22:50:53+00:00,558.0,3.809999942779541
1998-10-29 22:55:56+00:00,557.0,3.869999885559082
1998-10-29 23:00:58+00:00,575.0,3.819999933242798
1998-10-29 23:06:01+00:00,573.0,3.930000066757202
1998-10-29 23:11:01+00:00,572.0,3.890000104904175
1998-10-29 23:16:04+00:00,571.0,3.7699999809265137
1998-10-29 23:21:06+00:00,627.0,3.4700000286102295
1998-10-29 23:26:08+00:00,595.0,3.240000009536743
1998-10-29 23:31:11+00:00,593.0,3.299999952316284
1998-10-29 23:36:15+00:00,591.0,3.440000057220459
1998-10-29 23:41:15+00:00,577.0,3.640000104904175
1998-10-29 23:46:18+00:00,570.0,3.7300000190734863
1998-10-29 23:51:20+00:00,575.0,3.6500000953674316
1998-10-29 23:56:21+00:00,584.0,3.5199999809265137
1998-10-30 00:00:08+00:00,584.0,3.4800000190734863
1998-10-30 00:04:55+00:00,583.0,3.4800000190734863
1998-10-30 00:09:58+00:00,571.0,3.4700000286102295
1998-10-30 00:15:00+00:00,564.0,3.630000114440918
1998-10-30 00:20:01+00:00,563.0,3.630000114440918
1998-10-30 00:25:05+00:00,580.0,3.380000114440918
1998-10-30 00:30:07+00:00,594.0,3.2200000286102295
1998-10-30 00:35:08+00:00,592.0,3.25
1998-10-30 00:40:12+00:00,587.0,3.390000104904175
1998-10-30 00:45:13+00:00,566.0,3.450000047683716
1998-10-30 00:50:15+00:00,567.0,3.569999933242798
1998-10-30 00:55:17+00:00,568.0,3.5399999618530273
1998-10-30 01:00:20+00:00,570.0,3.4000000953674316
1998-10-30 01:05:22+00:00,552.0,3.4000000953674316
1998-10-30 01:10:26+00:00,576.0,3.25
1998-10-30 01:15:25+00:00,568.0,3.2200000286102295
1998-10-30 01:20:29+00:00,579.0,3.049999952316284
1998-10-30 01:25:30+00:00,589.0,3.009999990463257
1998-10-30 01:30:32+00:00,564.0,3.2200000286102295
1998-10-30 01:35:35+00:00,560.0,2.8299999237060547
1998-10-30 01:40:39+00:00,556.0,2.7799999713897705
1998-10-30 01:45:39+00:00,551.0,3.0899999141693115
1998-10-30 01:50:42+00:00,553.0,2.990000009536743
1998-10-30 01:55:44+00:00,545.0,3.200000047683716
1998-10-30 02:00:45+00:00,560.0,3.2200000286102295
1998-10-30 02:05:49+00:00,550.0,3.309999942779541
1998-10-30 02:10:53+00:00,578.0,3.059999942779541
1998-10-30 02:15:53+00:00,577.0,3.1600000858306885
1998-10-30 02:20:54+00:00,544.0,3.609999895095825
1998-10-30 02:25:57+00:00,555.0,3.5
1998-10-30 02:30:59+00:00,571.0,3.1600000858306885
1998-10-30 02:36:01+00:00,571.0,3.2300000190734863
1998-10-30 02:41:06+00:00,560.0,3.4700000286102295
1998-10-30 02:46:06+00:00,547.0,3.509999990463257
1998-10-30 02:51:07+00:00,542.0,3.490000009536743
1998-10-30 02:56:11+00:00,545.0,3.450000047683716
1998-10-30 03:01:13+00:00,546.0,3.390000104904175
1998-10-30 03:06:15+00:00,541.0,3.440000057220459
1998-10-30 03:11:16+00:00,540.0,3.0
1998-10-30 03:16:20+00:00,540.0,3.119999885559082
1998-10-30 03:21:21+00:00,542.0,3.2100000381469727
1998-10-30 03:26:23+00:00,543.0,2.930000066757202
1998-10-30 03:31:27+00:00,547.0,3.180000066757202
1998-10-30 03:36:28+00:00,570.0,2.9100000858306885
1998-10-30 03:41:30+00:00,571.0,3.0399999618530273
1998-10-30 03:46:34+00:00,564.0,3.0399999618530273
1998-10-30 03:51:35+00:00,549.0,2.9800000190734863
1998-10-30 03:56:37+00:00,560.0,3.059999942779541
1998-10-30 04:01:38+00:00,574.0,3.0799999237060547
1998-10-30 04:06:42+00:00,590.0,2.8499999046325684
1998-10-30 04:11:43+00:00,589.0,2.869999885559082
1998-10-30 04:16:47+00:00,584.0,2.7300000190734863
1998-10-30 04:21:49+00:00,583.0,2.6700000762939453
1998-10-30 04:26:50+00:00,578.0,2.680000066757202
1998-10-30 04:31:52+00:00,583.0,2.869999885559082
1998-10-30 04:36:55+00:00,585.0,2.859999895095825
1998-10-30 04:41:57+00:00,574.0,3.0999999046325684
1998-10-30 04:47:01+00:00,558.0,3.130000114440918
1998-10-30 04:52:01+00:00,562.0,3.1500000953674316
1998-10-30 04:57:04+00:00,560.0,3.0799999237060547
1998-10-30 05:02:05+00:00,559.0,3.190000057220459
1998-10-30 05:07:07+00:00,547.0,3.4600000381469727
1998-10-30 05:12:11+00:00,562.0,3.309999942779541
1998-10-30 05:17:14+00:00,576.0,3.049999952316284
1998-10-30 05:22:14+00:00,572.0,3.369999885559082
1998-10-30 05:27:17+00:00,557.0,3.390000104904175
1998-10-30 05:32:19+00:00,558.0,3.5399999618530273
1998-10-30 05:37:21+00:00,559.0,3.569999933242798
1998-10-30 05:42:22+00:00,548.0,3.7799999713897705
1998-10-30 05:47:28+00:00,548.0,3.7899999618530273
1998-10-30 05:52:28+00:00,563.0,3.4200000762939453
1998-10-30 05:57:29+00:00,548.0,3.25
1998-10-30 06:02:33+00:00,550.0,3.390000104904175
1998-10-30 06:07:34+00:00,560.0,3.140000104904175
1998-10-30 06:12:36+00:00,567.0,3.0899999141693115
1998-10-30 06:17:42+00:00,569.0,3.0399999618530273
1998-10-30 06:22:41+00:00,580.0,2.7799999713897705
1998-10-30 06:27:43+00:00,551.0,3.2799999713897705
1998-10-30 06:32:44+00:00,542.0,3.109999895095825
1998-10-30 06:37:48+00:00,556.0,3.0799999237060547
1998-10-30 06:42:49+00:00,554.0,3.200000047683716
1998-10-30 06:47:51+00:00,544.0,3.3399999141693115
1998-10-30 06:52:55+00:00,531.0,3.2799999713897705
1998-10-30 06:57:56+00:00,528.0,3.2100000381469727
1998-10-30 07:02:58+00:00,528.0,3.109999895095825
1998-10-30 07:08:01+00:00,532.0,3.0799999237060547
1998-10-30 07:13:03+00:00,536.0,3.190000057220459
1998-10-30 07:18:05+00:00,539.0,3.0899999141693115
1998-10-30 07:23:08+00:00,530.0,3.0899999141693115
1998-10-30 07:28:10+00:00,527.0,2.940000057220459
1998-10-30 07:33:11+00:00,528.0,3.0
1998-10-30 07:38:13+00:00,533.0,2.9600000381469727
1998-10-30 07:43:17+00:00,534.0,2.859999895095825
1998-10-30 07:48:18+00:00,538.0,3.109999895095825
1998-10-30 07:53:22+00:00,538.0,3.0299999713897705
1998-10-30 07:58:22+00:00,536.0,2.9200000762939453
1998-10-30 08:03:25+00:00,537.0,2.9200000762939453
1998-10-30 08:08:27+00:00,526.0,3.259999990463257
1998-10-30 08:13:28+00:00,524.0,3.259999990463257
1998-10-30 08:18:32+00:00,521.0,3.0799999237060547
1998-10-30 08:23:36+00:00,520.0,2.990000009536743
1998-10-30 08:28:35+00:00,530.0,3.109999895095825
1998-10-30 08:33:39+00:00,520.0,3.0299999713897705
1998-10-30 08:38:40+00:00,517.0,3.0
1998-10-30 08:43:42+00:00,530.0,3.0799999237060547
1998-10-30 08:48:45+00:00,528.0,2.930000066757202
1998-10-30 08:53:49+00:00,528.0,3.0
1998-10-30 08:58:49+00:00,520.0,2.9200000762939453
1998-10-30 09:03:50+00:00,518.0,2.950000047683716
1998-10-30 09:08:54+00:00,520.0,3.0799999237060547
1998-10-30 09:13:55+00:00,526.0,3.0999999046325684
1998-10-30 09:18:57+00:00,524.0,3.059999942779541
1998-10-30 09:24:03+00:00,524.0,2.9000000953674316
1998-10-30 09:29:02+00:00,525.0,3.0
1998-10-30 09:34:04+00:00,522.0,2.9600000381469727
1998-10-30 09:39:07+00:00,518.0,2.859999895095825
1998-10-30 09:44:09+00:00,522.0,2.7699999809265137
1998-10-30 09:49:11+00:00,524.0,2.8299999237060547
1998-10-30 09:54:12+00:00,527.0,3.049999952316284
1998-10-30 09:59:16+00:00,525.0,3.2100000381469727
1998-10-30 10:04:47+00:00,523.0,3.119999885559082
1998-10-30 10:09:49+00:00,520.0,3.009999990463257
1998-10-30 10:14:53+00:00,525.0,2.9800000190734863
1998-10-30 10:19:54+00:00,528.0,2.5199999809265137
1998-10-30 10:24:56+00:00,533.0,2.4100000858306885
1998-10-30 10:30:00+00:00,529.0,2.559999942779541
1998-10-30 10:35:01+00:00,525.0,2.549999952316284
1998-10-30 10:40:03+00:00,520.0,2.5799999237060547
1998-10-30 10:45:06+00:00,515.0,2.7899999618530273
1998-10-30 10:50:23+00:00,520.0,2.9100000858306885
1998-10-30 10:55:09+00:00,517.0,2.9700000286102295
1998-10-30 11:00:13+00:00,517.0,2.930000066757202
1998-10-30 11:05:15+00:00,511.0,2.6500000953674316
1998-10-30 11:10:16+00:00,508.0,2.799999952316284
1998-10-30 11:15:18+00:00,518.0,3.0199999809265137
1998-10-30 11:20:21+00:00,519.0,3.069999933242798
1998-10-30 11:25:23+00:00,520.0,3.180000066757202
1998-10-30 11:30:27+00:00,514.0,2.6600000858306885
1998-10-30 11:35:26+00:00,527.0,2.2300000190734863
1998-10-30 11:40:30+00:00,508.0,2.380000114440918
1998-10-30 11:45:31+00:00,503.0,2.680000066757202
1998-10-30 11:50:33+00:00,506.0,2.819999933242798
1998-10-30 11:55:37+00:00,506.0,2.740000009536743
1998-10-30 12:00:40+00:00,503.0,2.7699999809265137
1998-10-30 12:05:40+00:00,506.0,3.190000057220459
1998-10-30 12:10:43+00:00,507.0,3.130000114440918
1998-10-30 12:15:45+00:00,503.0,3.2200000286102295
1998-10-30 12:20:47+00:00,514.0,3.5
1998-10-30 12:25:50+00:00,510.0,3.2200000286102295
1998-10-30 12:30:54+00:00,512.0,3.4600000381469727
1998-10-30 12:35:54+00:00,507.0,3.509999990463257
1998-10-30 12:40:57+00:00,506.0,3.7300000190734863
1998-10-30 12:45:59+00:00,507.0,3.609999895095825
1998-10-30 12:51:30+00:00,506.0,3.680000066757202
1998-10-30 12:56:32+00:00,501.0,3.7100000381469727
1998-10-30 13:01:37+00:00,497.0,3.609999895095825
1998-10-30 13:06:37+00:00,494.0,3.2300000190734863
1998-10-30 13:11:39+00:00,496.0,3.1700000762939453
1998-10-30 13:16:42+00:00,495.0,3.119999885559082
1998-10-30 13:22:14+00:00,495.0,3.200000047683716
1998-10-30 13:27:15+00:00,490.0,3.4700000286102295
1998-10-30 13:32:21+00:00,491.0,3.25
1998-10-30 13:37:21+00:00,492.0,3.4100000858306885
1998-10-30 13:42:39+00:00,489.0,3.309999942779541
1998-10-30 13:47:26+00:00,488.0,3.130000114440918
1998-10-30 13:52:27+00:00,485.0,3.430000066757202
1998-10-30 13:57:29+00:00,486.0,3.5899999141693115
1998-10-30 14:02:35+00:00,496.0,3.049999952316284
1998-10-30 14:07:34+00:00,489.0,3.4200000762939453
1998-10-30 14:12:36+00:00,490.0,3.4800000190734863
1998-10-30 14:17:37+00:00,488.0,3.2699999809265137
1998-10-30 14:22:41+00:00,486.0,2.9200000762939453
1998-10-30 14:27:42+00:00,488.0,2.9200000762939453
1998-10-30 14:32:44+00:00,486.0,3.200000047683716
1998-10-30 14:37:48+00:00,490.0,3.049999952316284
1998-10-30 14:42:49+00:00,486.0,3.069999933242798
1998-10-30 14:47:51+00:00,481.0,3.069999933242798
1998-10-30 14:52:53+00:00,477.0,2.930000066757202
1998-10-30 14:57:56+00:00,473.0,2.809999942779541
1998-10-30 15:02:58+00:00,472.0,2.8299999237060547
1998-10-30 15:08:01+00:00,472.0,2.9800000190734863
1998-10-30 15:13:03+00:00,473.0,2.799999952316284
1998-10-30 15:18:04+00:00,474.0,2.6600000858306885
1998-10-30 15:23:06+00:00,473.0,2.5399999618530273
1998-10-30 15:28:40+00:00,474.0,2.880000114440918
1998-10-30 15:33:41+00:00,472.0,2.8299999237060547
1998-10-30 15:38:45+00:00,472.0,2.930000066757202
1998-10-30 15:43:45+00:00,468.0,2.740000009536743
1998-10-30 15:48:48+00:00,467.0,2.5799999237060547
1998-10-30 15:54:20+00:00,470.0,2.680000066757202
1998-10-30 15:59:23+00:00,469.0,2.680000066757202
1998-10-30 16:04:25+00:00,466.0,2.640000104904175
1998-10-30 16:09:29+00:00,466.0,2.640000104904175
1998-10-30 16:14:28+00:00,465.0,2.5899999141693115
1998-10-30 16:19:32+00:00,471.0,2.6700000762939453
1998-10-30 16:24:33+00:00,471.0,2.5
1998-10-30 16:29:35+00:00,474.0,2.5299999713897705
1998-10-30 16:34:38+00:00,479.0,2.5799999237060547
1998-10-30 16:39:42+00:00,479.0,3.240000009536743
1998-10-30 16:44:42+00:00,478.0,3.1600000858306885
1998-10-30 16:49:45+00:00,479.0,3.2899999618530273
1998-10-30 16:54:47+00:00,477.0,3.1700000762939453
1998-10-30 16:59:48+00:00,471.0,2.799999952316284
1998-10-30 17:04:52+00:00,469.0,2.6700000762939453
1998-10-30 17:09:56+00:00,479.0,2.9600000381469727
1998-10-30 17:14:55+00:00,470.0,2.7699999809265137
1998-10-30 17:19:57+00:00,471.0,2.8499999046325684
1998-10-30 17:25:00+00:00,480.0,3.2899999618530273
1998-10-30 17:30:02+00:00,479.0,3.4100000858306885
1998-10-30 17:35:04+00:00,476.0,3.240000009536743
1998-10-30 17:40:09+00:00,476.0,3.0299999713897705
1998-10-30 17:45:09+00:00,475.0,3.0399999618530273
1998-10-30 17:50:10+00:00,462.0,2.509999990463257
1998-10-30 17:55:14+00:00,453.0,2.369999885559082
1998-10-30 18:00:16+00:00,474.0,3.0299999713897705
1998-10-30 18:05:17+00:00,461.0,2.5799999237060547
1998-10-30 18:10:19+00:00,460.0,2.5
1998-10-30 18:15:23+00:00,464.0,2.5999999046325684
1998-10-30 18:20:24+00:00,470.0,2.5399999618530273
1998-10-30 18:25:26+00:00,464.0,2.569999933242798
1998-10-30 18:30:29+00:00,459.0,2.549999952316284
1998-10-30 18:35:31+00:00,451.0,2.359999895095825
1998-10-30 18:40:32+00:00,458.0,2.4700000286102295
1998-10-30 18:45:36+00:00,463.0,2.559999942779541
1998-10-30 18:50:38+00:00,460.0,2.4100000858306885
1998-10-30 18:55:39+00:00,456.0,2.450000047683716
1998-10-30 19:00:41+00:00,468.0,2.7100000381469727
1998-10-30 19:05:44+00:00,466.0,2.799999952316284
1998-10-30 19:10:46+00:00,453.0,2.5
1998-10-30 19:15:50+00:00,453.0,2.5299999713897705
1998-10-30 19:20:50+00:00,471.0,2.9200000762939453
1998-10-30 19:25:53+00:00,461.0,2.6500000953674316
1998-10-30 19:30:54+00:00,456.0,2.619999885559082
1998-10-30 19:35:58+00:00,445.0,2.509999990463257
1998-10-30 19:41:00+00:00,444.0,2.4700000286102295
1998-10-30 19:46:03+00:00,442.0,2.4000000953674316
1998-10-30 19:51:03+00:00,439.0,2.4600000381469727
1998-10-30 19:56:06+00:00,442.0,2.4600000381469727
1998-10-30 20:01:08+00:00,441.0,2.490000009536743
1998-10-30 20:06:10+00:00,447.0,2.6700000762939453
1998-10-30 20:11:13+00:00,444.0,2.6700000762939453
1998-10-30 20:16:47+00:00,448.0,2.700000047683716
1998-10-30 20:21:47+00:00,442.0,2.619999885559082
1998-10-30 20:26:50+00:00,434.0,2.569999933242798
1998-10-30 20:31:51+00:00,436.0,2.6500000953674316
1998-10-30 20:36:53+00:00,437.0,2.6600000858306885
1998-10-30 20:41:57+00:00,444.0,2.680000066757202
1998-10-30 20:47:30+00:00,442.0,2.6500000953674316
1998-10-30 20:52:30+00:00,446.0,2.619999885559082
1998-10-30 20:57:33+00:00,440.0,2.809999942779541
1998-10-30 21:02:35+00:00,442.0,2.859999895095825
1998-10-30 21:07:37+00:00,441.0,2.869999885559082
1998-10-30 21:12:40+00:00,443.0,2.859999895095825
1998-10-30 21:17:44+00:00,446.0,2.8499999046325684
1998-10-30 21:22:44+00:00,442.0,2.990000009536743
1998-10-30 21:27:45+00:00,443.0,2.9600000381469727
1998-10-30 21:32:49+00:00,443.0,2.950000047683716
1998-10-30 21:37:50+00:00,448.0,3.0999999046325684
1998-10-30 21:42:52+00:00,438.0,3.190000057220459
1998-10-30 21:47:58+00:00,434.0,3.180000066757202
1998-10-30 21:52:57+00:00,433.0,3.240000009536743
1998-10-30 21:57:59+00:00,436.0,3.190000057220459
1998-10-30 22:03:00+00:00,434.0,3.140000104904175
1998-10-30 22:08:04+00:00,436.0,3.0999999046325684
1998-10-30 22:13:05+00:00,437.0,3.059999942779541
1998-10-30 22:18:07+00:00,435.0,3.0999999046325684
1998-10-30 22:23:11+00:00,434.0,3.2899999618530273
1998-10-30 22:28:12+00:00,435.0,3.440000057220459
1998-10-30 22:33:14+00:00,427.0,3.4200000762939453
1998-10-30 22:38:17+00:00,428.0,3.4200000762939453
1998-10-30 22:43:19+00:00,427.0,3.359999895095825
1998-10-30 22:48:21+00:00,418.0,3.380000114440918
1998-10-30 22:53:24+00:00,425.0,3.2699999809265137
1998-10-30 22:58:26+00:00,426.0,3.4700000286102295
1998-10-30 23:03:27+00:00,409.0,3.680000066757202
1998-10-30 23:08:29+00:00,408.0,3.9100000858306885
1998-10-30 23:13:33+00:00,411.0,3.569999933242798
1998-10-30 23:18:34+00:00,412.0,3.2200000286102295
1998-10-30 23:24:38+00:00,415.0,2.700000047683716
1998-10-30 23:29:39+00:00,411.0,3.5999999046325684
1998-10-30 23:34:41+00:00,447.0,3.5399999618530273
1998-10-30 23:40:14+00:00,464.0,3.880000114440918
1998-10-30 23:46:16+00:00,462.0,3.9200000762939453
1998-10-30 23:51:48+00:00,438.0,3.609999895095825
1998-10-30 23:56:51+00:00,425.0,3.390000104904175
1998-10-31 00:00:08+00:00,412.0,3.609999895095825
1998-10-31 00:04:55+00:00,407.0,3.119999885559082
1998-10-31 00:09:56+00:00,405.0,3.299999952316284
1998-10-31 00:14:58+00:00,407.0,3.430000066757202
1998-10-31 00:20:01+00:00,411.0,3.5999999046325684
1998-10-31 00:25:05+00:00,410.0,3.5799999237060547
1998-10-31 00:30:05+00:00,408.0,3.2100000381469727
1998-10-31 00:35:08+00:00,408.0,3.4100000858306885
1998-10-31 00:40:10+00:00,408.0,3.619999885559082
1998-10-31 00:45:11+00:00,401.0,4.099999904632568
1998-10-31 00:50:15+00:00,396.0,4.650000095367432
1998-10-31 00:55:19+00:00,396.0,4.570000171661377
1998-10-31 01:00:18+00:00,401.0,3.759999990463257
1998-10-31 01:05:22+00:00,399.0,3.890000104904175
1998-10-31 01:10:23+00:00,398.0,4.289999961853027
1998-10-31 01:15:25+00:00,394.0,4.519999980926514
1998-10-31 01:20:27+00:00,391.0,4.889999866485596
1998-10-31 01:25:32+00:00,402.0,3.7799999713897705
1998-10-31 01:30:32+00:00,394.0,4.460000038146973
1998-10-31 01:35:33+00:00,393.0,4.809999942779541
1998-10-31 01:40:37+00:00,393.0,4.860000133514404
1998-10-31 01:45:39+00:00,391.0,5.010000228881836
1998-10-31 01:50:40+00:00,390.0,4.769999980926514
1998-10-31 01:55:42+00:00,392.0,4.480000019073486
1998-10-31 02:00:46+00:00,394.0,4.400000095367432
1998-10-31 02:05:47+00:00,399.0,3.75
1998-10-31 02:10:49+00:00,405.0,3.200000047683716
1998-10-31 02:15:52+00:00,393.0,4.090000152587891
1998-10-31 02:20:54+00:00,406.0,3.5
1998-10-31 02:25:55+00:00,407.0,3.7300000190734863
1998-10-31 02:30:59+00:00,406.0,3.7799999713897705
1998-10-31 02:36:01+00:00,405.0,3.8299999237060547
1998-10-31 02:41:02+00:00,400.0,4.059999942779541
1998-10-31 02:46:06+00:00,404.0,3.549999952316284
1998-10-31 02:51:07+00:00,401.0,3.890000104904175
1998-10-31 02:56:09+00:00,404.0,3.619999885559082
1998-10-31 03:01:13+00:00,408.0,3.299999952316284
1998-10-31 03:06:14+00:00,413.0,3.009999990463257
1998-10-31 03:11:16+00:00,411.0,3.0399999618530273
1998-10-31 03:16:18+00:00,434.0,2.990000009536743
1998-10-31 03:21:21+00:00,405.0,4.170000076293945
1998-10-31 03:26:23+00:00,394.0,4.96999979019165
1998-10-31 03:31:27+00:00,395.0,4.869999885559082
1998-10-31 03:36:27+00:00,394.0,5.039999961853027
1998-10-31 03:41:30+00:00,400.0,4.800000190734863
1998-10-31 03:46:31+00:00,419.0,3.059999942779541
1998-10-31 03:51:33+00:00,409.0,4.079999923706055
1998-10-31 03:56:37+00:00,408.0,3.940000057220459
1998-10-31 04:01:40+00:00,408.0,3.9600000381469727
1998-10-31 04:06:40+00:00,401.0,4.28000020980835
1998-10-31 04:11:43+00:00,406.0,3.7799999713897705
1998-10-31 04:16:45+00:00,401.0,4.25
1998-10-31 04:21:47+00:00,390.0,4.71999979019165
1998-10-31 04:26:50+00:00,389.0,4.619999885559082
1998-10-31 04:31:54+00:00,390.0,4.820000171661377
1998-10-31 04:36:54+00:00,397.0,4.769999980926514
1998-10-31 04:41:55+00:00,392.0,5.090000152587891
1998-10-31 04:46:59+00:00,391.0,5.039999961853027
1998-10-31 04:52:00+00:00,390.0,5.199999809265137
1998-10-31 04:57:02+00:00,391.0,5.170000076293945
1998-10-31 05:02:08+00:00,394.0,4.909999847412109
1998-10-31 05:07:07+00:00,389.0,5.199999809265137
1998-10-31 05:12:09+00:00,389.0,5.150000095367432
1998-10-31 05:17:10+00:00,390.0,4.670000076293945
1998-10-31 05:22:14+00:00,394.0,4.659999847412109
1998-10-31 05:27:15+00:00,391.0,5.010000228881836
1998-10-31 05:32:17+00:00,391.0,4.690000057220459
1998-10-31 05:37:21+00:00,390.0,5.03000020980835
1998-10-31 05:42:22+00:00,391.0,5.159999847412109
1998-10-31 05:47:24+00:00,389.0,5.25
1998-10-31 05:52:26+00:00,394.0,4.440000057220459
1998-10-31 05:57:29+00:00,398.0,3.9600000381469727
1998-10-31 06:02:31+00:00,392.0,4.659999847412109
1998-10-31 06:07:34+00:00,388.0,5.090000152587891
1998-10-31 06:12:36+00:00,388.0,5.110000133514404
1998-10-31 06:17:37+00:00,388.0,5.329999923706055
1998-10-31 06:22:39+00:00,390.0,5.329999923706055
1998-10-31 06:27:43+00:00,388.0,5.590000152587891
1998-10-31 06:32:44+00:00,388.0,5.360000133514404
1998-10-31 06:37:48+00:00,388.0,5.050000190734863
1998-10-31 06:42:48+00:00,388.0,4.789999961853027
1998-10-31 06:47:51+00:00,388.0,4.650000095367432
1998-10-31 06:52:53+00:00,387.0,5.039999961853027
1998-10-31 06:57:54+00:00,388.0,5.010000228881836
1998-10-31 07:02:58+00:00,388.0,5.079999923706055
1998-10-31 07:08:02+00:00,389.0,4.989999771118164
1998-10-31 07:13:01+00:00,388.0,5.059999942779541
1998-10-31 07:18:05+00:00,389.0,4.980000019073486
1998-10-31 07:23:06+00:00,388.0,5.090000152587891
1998-10-31 07:28:08+00:00,388.0,5.28000020980835
1998-10-31 07:33:10+00:00,388.0,5.199999809265137
1998-10-31 07:38:15+00:00,388.0,5.090000152587891
1998-10-31 07:43:15+00:00,389.0,5.019999980926514
1998-10-31 07:48:18+00:00,389.0,4.940000057220459
1998-10-31 07:53:20+00:00,390.0,4.800000190734863
1998-10-31 07:58:21+00:00,388.0,4.820000171661377
1998-10-31 08:03:23+00:00,388.0,4.760000228881836
1998-10-31 08:08:29+00:00,389.0,4.539999961853027
1998-10-31 08:13:28+00:00,391.0,4.119999885559082
1998-10-31 08:18:30+00:00,396.0,3.759999990463257
1998-10-31 08:23:31+00:00,394.0,3.869999885559082
1998-10-31 08:28:35+00:00,392.0,4.119999885559082
1998-10-31 08:33:37+00:00,388.0,4.869999885559082
1998-10-31 08:38:38+00:00,392.0,4.53000020980835
1998-10-31 08:43:42+00:00,392.0,4.619999885559082
1998-10-31 08:48:43+00:00,389.0,5.119999885559082
1998-10-31 08:53:45+00:00,389.0,5.019999980926514
1998-10-31 08:58:49+00:00,390.0,4.929999828338623
1998-10-31 09:03:50+00:00,390.0,4.840000152587891
1998-10-31 09:08:52+00:00,392.0,4.329999923706055
1998-10-31 09:13:56+00:00,405.0,2.890000104904175
1998-10-31 09:18:57+00:00,406.0,2.8499999046325684
1998-10-31 09:23:59+00:00,407.0,3.319999933242798
1998-10-31 09:29:00+00:00,408.0,3.190000057220459
1998-10-31 09:34:04+00:00,408.0,3.0199999809265137
1998-10-31 09:39:05+00:00,398.0,3.490000009536743
1998-10-31 09:44:09+00:00,398.0,3.859999895095825
1998-10-31 09:49:09+00:00,404.0,3.380000114440918
1998-10-31 09:54:12+00:00,406.0,3.2899999618530273
1998-10-31 09:59:14+00:00,405.0,3.309999942779541
1998-10-31 10:04:15+00:00,412.0,2.809999942779541
1998-10-31 10:09:19+00:00,399.0,3.869999885559082
1998-10-31 10:14:23+00:00,410.0,3.0399999618530273
1998-10-31 10:19:23+00:00,413.0,2.7699999809265137
1998-10-31 10:24:26+00:00,412.0,2.9000000953674316
1998-10-31 10:29:57+00:00,408.0,3.4000000953674316
1998-10-31 10:34:59+00:00,405.0,3.569999933242798
1998-10-31 10:40:03+00:00,414.0,2.9000000953674316
1998-10-31 10:45:06+00:00,411.0,2.819999933242798
1998-10-31 10:50:06+00:00,426.0,2.859999895095825
1998-10-31 10:55:09+00:00,420.0,2.8299999237060547
1998-10-31 11:00:11+00:00,417.0,2.9100000858306885
1998-10-31 11:05:13+00:00,414.0,3.190000057220459
1998-10-31 11:10:14+00:00,404.0,3.5999999046325684
1998-10-31 11:15:50+00:00,405.0,3.7200000286102295
1998-10-31 11:20:50+00:00,404.0,3.9800000190734863
1998-10-31 11:25:53+00:00,408.0,3.4700000286102295
1998-10-31 11:30:54+00:00,412.0,3.4600000381469727
1998-10-31 11:35:56+00:00,408.0,3.6500000953674316
1998-10-31 11:40:58+00:00,412.0,3.3499999046325684
1998-10-31 11:46:03+00:00,410.0,3.3299999237060547
1998-10-31 11:51:03+00:00,406.0,3.7799999713897705
1998-10-31 11:56:05+00:00,406.0,3.869999885559082
1998-10-31 12:01:08+00:00,406.0,4.170000076293945
1998-10-31 12:06:10+00:00,396.0,5.360000133514404
1998-10-31 12:11:11+00:00,402.0,4.920000076293945
1998-10-31 12:16:13+00:00,412.0,4.059999942779541
1998-10-31 12:21:17+00:00,412.0,3.8499999046325684
1998-10-31 12:26:18+00:00,410.0,4.059999942779541
1998-10-31 12:31:20+00:00,404.0,4.300000190734863
1998-10-31 12:36:23+00:00,408.0,3.7699999809265137
1998-10-31 12:41:25+00:00,410.0,3.9000000953674316
1998-10-31 12:46:27+00:00,409.0,4.429999828338623
1998-10-31 12:51:30+00:00,408.0,5.369999885559082
1998-10-31 12:56:32+00:00,413.0,4.579999923706055
1998-10-31 13:01:33+00:00,411.0,5.659999847412109
1998-10-31 13:06:35+00:00,404.0,6.269999980926514
1998-10-31 13:11:38+00:00,401.0,6.090000152587891
1998-10-31 13:16:40+00:00,403.0,5.5
1998-10-31 13:21:44+00:00,401.0,5.980000019073486
1998-10-31 13:26:45+00:00,401.0,6.289999961853027
1998-10-31 13:31:47+00:00,400.0,6.400000095367432
1998-10-31 13:36:49+00:00,400.0,6.059999942779541
1998-10-31 13:41:52+00:00,400.0,6.170000076293945
1998-10-31 13:46:54+00:00,402.0,6.309999942779541
1998-10-31 13:51:57+00:00,403.0,6.320000171661377
1998-10-31 13:56:57+00:00,393.0,6.25
1998-10-31 14:02:00+00:00,394.0,5.880000114440918
1998-10-31 14:07:02+00:00,393.0,5.980000019073486
1998-10-31 14:12:04+00:00,398.0,5.420000076293945
1998-10-31 14:17:07+00:00,394.0,5.670000076293945
1998-10-31 14:22:11+00:00,395.0,5.679999828338623
1998-10-31 14:27:11+00:00,406.0,4.78000020980835
1998-10-31 14:32:14+00:00,401.0,5.110000133514404
1998-10-31 14:37:16+00:00,399.0,5.199999809265137
1998-10-31 14:42:17+00:00,402.0,4.840000152587891
1998-10-31 14:47:19+00:00,398.0,5.360000133514404
1998-10-31 14:52:25+00:00,393.0,5.809999942779541
1998-10-31 14:57:24+00:00,398.0,5.440000057220459
1998-10-31 15:02:26+00:00,398.0,4.909999847412109
1998-10-31 15:07:29+00:00,400.0,5.059999942779541
1998-10-31 15:12:31+00:00,397.0,5.340000152587891
1998-10-31 15:17:33+00:00,395.0,5.0
1998-10-31 15:22:38+00:00,391.0,4.820000171661377
1998-10-31 15:27:38+00:00,396.0,4.900000095367432
1998-10-31 15:32:39+00:00,401.0,4.679999828338623
1998-10-31 15:37:41+00:00,396.0,4.460000038146973
1998-10-31 15:42:44+00:00,400.0,4.0
1998-10-31 15:47:46+00:00,395.0,4.179999828338623
1998-10-31 15:52:48+00:00,401.0,4.760000228881836
1998-10-31 15:57:52+00:00,396.0,4.71999979019165
1998-10-31 16:02:53+00:00,392.0,4.429999828338623
1998-10-31 16:07:55+00:00,392.0,5.199999809265137
1998-10-31 16:13:28+00:00,395.0,5.699999809265137
1998-10-31 16:18:30+00:00,396.0,5.380000114440918
1998-10-31 16:23:31+00:00,399.0,5.130000114440918
1998-10-31 16:28:35+00:00,398.0,5.230000019073486
1998-10-31 16:33:36+00:00,399.0,5.150000095367432
1998-10-31 16:38:38+00:00,396.0,5.949999809265137
1998-10-31 16:43:40+00:00,394.0,6.300000190734863
1998-10-31 16:48:43+00:00,391.0,6.489999771118164
1998-10-31 16:53:45+00:00,390.0,6.650000095367432
1998-10-31 16:58:49+00:00,389.0,6.550000190734863
1998-10-31 17:03:48+00:00,390.0,6.28000020980835
1998-10-31 17:08:52+00:00,392.0,6.440000057220459
1998-10-31 17:13:53+00:00,389.0,5.760000228881836
1998-10-31 17:19:27+00:00,391.0,6.460000038146973
1998-10-31 17:24:28+00:00,393.0,5.960000038146973
1998-10-31 17:29:32+00:00,390.0,6.03000020980835
1998-10-31 17:34:32+00:00,387.0,6.159999847412109
1998-10-31 17:39:35+00:00,388.0,6.440000057220459
1998-10-31 17:44:37+00:00,387.0,6.25
1998-10-31 17:49:40+00:00,384.0,4.53000020980835
1998-10-31 17:54:42+00:00,384.0,4.679999828338623
1998-10-31 17:59:46+00:00,382.0,4.630000114440918
1998-10-31 18:04:45+00:00,383.0,4.230000019073486
1998-10-31 18:09:49+00:00,388.0,4.130000114440918
1998-10-31 18:14:50+00:00,393.0,7.039999961853027
1998-10-31 18:19:52+00:00,389.0,6.820000171661377
1998-10-31 18:24:56+00:00,388.0,7.039999961853027
1998-10-31 18:29:59+00:00,388.0,6.590000152587891
1998-10-31 18:34:59+00:00,385.0,7.070000171661377
1998-10-31 18:40:00+00:00,386.0,6.460000038146973
1998-10-31 18:45:04+00:00,386.0,6.269999980926514
1998-10-31 18:50:06+00:00,385.0,6.670000076293945
1998-10-31 18:55:07+00:00,387.0,6.980000019073486
1998-10-31 19:00:13+00:00,385.0,6.75
1998-10-31 19:05:43+00:00,385.0,6.630000114440918
1998-10-31 19:10:44+00:00,385.0,6.289999961853027
1998-10-31 19:15:47+00:00,383.0,6.300000190734863
1998-10-31 19:20:49+00:00,386.0,6.340000152587891
1998-10-31 19:25:51+00:00,389.0,6.119999885559082
1998-10-31 19:30:56+00:00,392.0,6.320000171661377
1998-10-31 19:35:56+00:00,390.0,6.420000076293945
1998-10-31 19:40:58+00:00,388.0,5.78000020980835
1998-10-31 19:46:31+00:00,386.0,4.789999961853027
1998-10-31 19:51:33+00:00,389.0,5.150000095367432
1998-10-31 19:56:34+00:00,387.0,5.659999847412109
1998-10-31 20:01:36+00:00,386.0,7.039999961853027
1998-10-31 20:06:40+00:00,386.0,6.610000133514404
1998-10-31 20:11:41+00:00,385.0,7.150000095367432
1998-10-31 20:16:43+00:00,386.0,7.519999980926514
1998-10-31 20:21:46+00:00,385.0,7.090000152587891
1998-10-31 20:26:48+00:00,387.0,6.78000020980835
1998-10-31 20:31:49+00:00,386.0,6.639999866485596
1998-10-31 20:36:53+00:00,386.0,6.46999979019165
1998-10-31 20:41:55+00:00,387.0,7.239999771118164
1998-10-31 20:46:56+00:00,387.0,6.849999904632568
1998-10-31 20:52:00+00:00,387.0,7.400000095367432
1998-10-31 20:57:01+00:00,387.0,5.920000076293945
1998-10-31 21:02:03+00:00,387.0,6.510000228881836
1998-10-31 21:07:07+00:00,387.0,6.340000152587891
1998-10-31 21:12:08+00:00,388.0,6.369999885559082
1998-10-31 21:17:10+00:00,388.0,6.389999866485596
1998-10-31 21:22:11+00:00,388.0,5.289999961853027
1998-10-31 21:27:15+00:00,389.0,4.849999904632568
1998-10-31 21:32:17+00:00,387.0,4.659999847412109
1998-10-31 21:37:20+00:00,386.0,4.940000057220459
1998-10-31 21:42:20+00:00,388.0,5.650000095367432
1998-10-31 21:47:23+00:00,394.0,5.059999942779541
1998-10-31 21:52:25+00:00,389.0,4.53000020980835
1998-10-31 21:57:27+00:00,388.0,4.920000076293945
1998-10-31 22:02:30+00:00,392.0,5.519999980926514
1998-10-31 22:07:34+00:00,403.0,4.949999809265137
1998-10-31 22:12:34+00:00,397.0,5.360000133514404
1998-10-31 22:17:37+00:00,397.0,4.559999942779541
1998-10-31 22:22:39+00:00,395.0,4.400000095367432
1998-10-31 22:27:40+00:00,391.0,4.679999828338623
1998-10-31 22:32:42+00:00,397.0,5.21999979019165
1998-10-31 22:37:48+00:00,406.0,4.550000190734863
1998-10-31 22:43:17+00:00,407.0,4.110000133514404
1998-10-31 22:48:21+00:00,430.0,4.110000133514404
1998-10-31 22:53:22+00:00,425.0,3.880000114440918
1998-10-31 22:58:24+00:00,391.0,4.599999904632568
1998-10-31 23:03:27+00:00,392.0,4.590000152587891
1998-10-31 23:08:31+00:00,389.0,4.579999923706055
1998-10-31 23:14:01+00:00,391.0,4.800000190734863
1998-10-31 23:19:04+00:00,395.0,4.920000076293945
1998-10-31 23:24:06+00:00,402.0,5.940000057220459
1998-10-31 23:29:07+00:00,399.0,6.210000038146973
1998-10-31 23:34:09+00:00,401.0,5.929999828338623
1998-10-31 23:39:15+00:00,399.0,5.21999979019165
1998-10-31 23:44:14+00:00,397.0,6.0
1998-10-31 23:49:16+00:00,396.0,5.710000038146973
1998-10-31 23:54:17+00:00,394.0,5.639999866485596
1998-11-01 00:00:06+00:00,394.0,5.710000038146973
1998-11-01 00:04:53+00:00,397.0,5.690000057220459
1998-11-01 00:09:58+00:00,397.0,5.840000152587891
1998-11-01 00:14:58+00:00,395.0,5.570000171661377
1998-11-01 00:19:59+00:00,396.0,5.239999771118164
1998-11-01 00:25:01+00:00,401.0,5.769999980926514
1998-11-01 00:30:04+00:00,398.0,5.260000228881836
1998-11-01 00:35:06+00:00,403.0,4.349999904632568
1998-11-01 00:40:08+00:00,396.0,4.5
1998-11-01 00:45:12+00:00,393.0,4.260000228881836
1998-11-01 00:50:13+00:00,392.0,3.859999895095825
1998-11-01 00:55:15+00:00,394.0,3.680000066757202
1998-11-01 01:00:16+00:00,400.0,3.369999885559082
1998-11-01 01:05:20+00:00,400.0,3.7100000381469727
1998-11-01 01:10:21+00:00,391.0,4.179999828338623
1998-11-01 01:15:25+00:00,392.0,4.550000190734863
1998-11-01 01:20:26+00:00,393.0,4.949999809265137
1998-11-01 01:25:28+00:00,390.0,4.78000020980835
1998-11-01 01:30:30+00:00,390.0,4.71999979019165
1998-11-01 01:35:33+00:00,411.0,4.380000114440918
1998-11-01 01:40:35+00:00,418.0,4.170000076293945
1998-11-01 01:45:39+00:00,424.0,4.110000133514404
1998-11-01 01:50:38+00:00,383.0,4.289999961853027
1998-11-01 01:55:42+00:00,386.0,4.610000133514404
1998-11-01 02:00:43+00:00,386.0,4.570000171661377
1998-11-01 02:05:45+00:00,387.0,4.71999979019165
1998-11-01 02:10:48+00:00,387.0,4.940000057220459
1998-11-01 02:15:52+00:00,387.0,4.440000057220459
1998-11-01 02:20:52+00:00,387.0,4.380000114440918
1998-11-01 02:25:55+00:00,388.0,4.429999828338623
1998-11-01 02:30:57+00:00,387.0,4.349999904632568
1998-11-01 02:35:59+00:00,386.0,4.489999771118164
1998-11-01 02:41:00+00:00,386.0,4.130000114440918
1998-11-01 02:46:06+00:00,386.0,4.039999961853027
1998-11-01 02:51:06+00:00,385.0,4.300000190734863
1998-11-01 02:56:09+00:00,386.0,4.239999771118164
1998-11-01 03:01:10+00:00,385.0,4.340000152587891
1998-11-01 03:06:12+00:00,386.0,4.389999866485596
1998-11-01 03:11:14+00:00,386.0,4.349999904632568
1998-11-01 03:16:19+00:00,386.0,4.389999866485596
1998-11-01 03:21:19+00:00,386.0,4.329999923706055
1998-11-01 03:26:21+00:00,386.0,4.199999809265137
1998-11-01 03:31:22+00:00,385.0,4.110000133514404
1998-11-01 03:36:26+00:00,385.0,4.360000133514404
1998-11-01 03:41:27+00:00,384.0,4.260000228881836
1998-11-01 03:46:29+00:00,386.0,4.329999923706055
1998-11-01 03:51:33+00:00,386.0,4.289999961853027
1998-11-01 03:56:35+00:00,387.0,4.46999979019165
1998-11-01 04:01:36+00:00,386.0,4.610000133514404
1998-11-01 04:06:40+00:00,387.0,4.429999828338623
1998-11-01 04:11:41+00:00,387.0,4.71999979019165
1998-11-01 04:16:43+00:00,387.0,4.550000190734863
1998-11-01 04:21:47+00:00,389.0,4.480000019073486
1998-11-01 04:26:48+00:00,391.0,4.619999885559082
1998-11-01 04:31:50+00:00,388.0,4.75
1998-11-01 04:36:52+00:00,390.0,4.730000019073486
1998-11-01 04:41:55+00:00,390.0,4.639999866485596
1998-11-01 04:46:57+00:00,389.0,5.03000020980835
1998-11-01 04:52:00+00:00,387.0,4.920000076293945
1998-11-01 04:57:00+00:00,387.0,4.920000076293945
1998-11-01 05:02:03+00:00,387.0,5.039999961853027
1998-11-01 05:07:05+00:00,389.0,4.960000038146973
1998-11-01 05:12:07+00:00,389.0,4.550000190734863
1998-11-01 05:17:10+00:00,390.0,4.5
1998-11-01 05:22:14+00:00,389.0,4.690000057220459
1998-11-01 05:27:14+00:00,389.0,4.829999923706055
1998-11-01 05:32:17+00:00,388.0,4.949999809265137
1998-11-01 05:37:19+00:00,387.0,5.039999961853027
1998-11-01 05:42:20+00:00,388.0,5.079999923706055
1998-11-01 05:47:22+00:00,388.0,4.980000019073486
1998-11-01 05:52:28+00:00,388.0,4.989999771118164
1998-11-01 05:57:27+00:00,388.0,5.050000190734863
1998-11-01 06:02:29+00:00,388.0,5.039999961853027
1998-11-01 06:07:32+00:00,387.0,4.989999771118164
1998-11-01 06:12:34+00:00,387.0,4.880000114440918
1998-11-01 06:17:36+00:00,388.0,4.940000057220459
1998-11-01 06:22:41+00:00,388.0,5.019999980926514
1998-11-01 06:27:41+00:00,389.0,5.190000057220459
1998-11-01 06:32:42+00:00,388.0,5.159999847412109
1998-11-01 06:37:46+00:00,387.0,5.230000019073486
1998-11-01 06:42:47+00:00,388.0,5.309999942779541
1998-11-01 06:47:49+00:00,391.0,4.869999885559082
1998-11-01 06:52:51+00:00,391.0,4.78000020980835
1998-11-01 06:57:55+00:00,390.0,4.829999923706055
1998-11-01 07:02:56+00:00,387.0,5.179999828338623
1998-11-01 07:07:57+00:00,387.0,4.989999771118164
1998-11-01 07:13:01+00:00,388.0,5.010000228881836
1998-11-01 07:18:03+00:00,389.0,4.71999979019165
1998-11-01 07:23:04+00:00,387.0,4.730000019073486
1998-11-01 07:28:08+00:00,389.0,4.46999979019165
1998-11-01 07:33:09+00:00,392.0,4.349999904632568
1998-11-01 07:38:11+00:00,390.0,4.269999980926514
1998-11-01 07:43:13+00:00,393.0,4.0
1998-11-01 07:48:16+00:00,393.0,3.680000066757202
1998-11-01 07:53:18+00:00,392.0,4.110000133514404
1998-11-01 07:58:22+00:00,392.0,4.449999809265137
1998-11-01 08:03:21+00:00,390.0,4.369999885559082
1998-11-01 08:08:25+00:00,391.0,4.489999771118164
1998-11-01 08:13:26+00:00,390.0,4.420000076293945
1998-11-01 08:18:30+00:00,392.0,3.8299999237060547
1998-11-01 08:23:31+00:00,390.0,3.880000114440918
1998-11-01 08:28:35+00:00,389.0,4.25
1998-11-01 08:33:35+00:00,389.0,4.230000019073486
1998-11-01 08:38:38+00:00,388.0,4.75
1998-11-01 08:43:40+00:00,387.0,4.789999961853027
1998-11-01 08:48:42+00:00,387.0,4.849999904632568
1998-11-01 08:53:45+00:00,387.0,4.920000076293945
1998-11-01 08:58:49+00:00,386.0,5.010000228881836
1998-11-01 09:03:49+00:00,385.0,5.070000171661377
1998-11-01 09:08:50+00:00,387.0,4.71999979019165
1998-11-01 09:13:53+00:00,388.0,4.860000133514404
1998-11-01 09:19:25+00:00,387.0,5.210000038146973
1998-11-01 09:24:27+00:00,384.0,5.050000190734863
1998-11-01 09:29:32+00:00,386.0,5.210000038146973
1998-11-01 09:34:32+00:00,386.0,5.230000019073486
1998-11-01 09:39:33+00:00,387.0,4.949999809265137
1998-11-01 09:44:37+00:00,388.0,4.21999979019165
1998-11-01 09:49:39+00:00,389.0,4.010000228881836
1998-11-01 09:54:40+00:00,388.0,4.079999923706055
1998-11-01 09:59:46+00:00,387.0,4.340000152587891
1998-11-01 10:04:46+00:00,386.0,4.739999771118164
1998-11-01 10:09:47+00:00,385.0,4.840000152587891
1998-11-01 10:14:49+00:00,385.0,4.75
1998-11-01 10:19:52+00:00,385.0,4.710000038146973
1998-11-01 10:24:54+00:00,386.0,4.920000076293945
1998-11-01 10:29:55+00:00,386.0,4.710000038146973
1998-11-01 10:34:59+00:00,388.0,5.050000190734863
1998-11-01 10:40:01+00:00,388.0,5.230000019073486
1998-11-01 10:45:02+00:00,388.0,5.28000020980835
1998-11-01 10:50:06+00:00,388.0,5.489999771118164
1998-11-01 10:55:07+00:00,389.0,5.329999923706055
1998-11-01 11:00:09+00:00,389.0,5.170000076293945
1998-11-01 11:05:13+00:00,385.0,5.099999904632568
1998-11-01 11:10:14+00:00,386.0,5.190000057220459
1998-11-01 11:15:16+00:00,385.0,4.989999771118164
1998-11-01 11:20:17+00:00,387.0,5.03000020980835
1998-11-01 11:25:21+00:00,386.0,5.239999771118164
1998-11-01 11:30:23+00:00,384.0,5.409999847412109
1998-11-01 11:35:26+00:00,387.0,5.210000038146973
1998-11-01 11:40:26+00:00,390.0,5.610000133514404
1998-11-01 11:45:29+00:00,388.0,5.559999942779541
1998-11-01 11:50:31+00:00,388.0,5.639999866485596
1998-11-01 11:55:33+00:00,387.0,5.599999904632568
1998-11-01 12:00:36+00:00,385.0,5.480000019073486
1998-11-01 12:05:40+00:00,385.0,5.53000020980835
1998-11-01 12:10:40+00:00,385.0,5.730000019073486
1998-11-01 12:15:43+00:00,382.0,5.380000114440918
1998-11-01 12:20:45+00:00,380.0,5.610000133514404
1998-11-01 12:25:46+00:00,380.0,5.829999923706055
1998-11-01 12:30:50+00:00,382.0,5.550000190734863
1998-11-01 12:35:54+00:00,384.0,5.690000057220459
1998-11-01 12:40:53+00:00,382.0,5.840000152587891
1998-11-01 12:45:55+00:00,382.0,5.590000152587891
1998-11-01 12:50:58+00:00,383.0,6.199999809265137
1998-11-01 12:56:00+00:00,386.0,6.940000057220459
1998-11-01 13:01:01+00:00,386.0,7.289999961853027
1998-11-01 13:06:07+00:00,387.0,7.710000038146973
1998-11-01 13:11:07+00:00,388.0,7.889999866485596
1998-11-01 13:16:08+00:00,387.0,7.659999847412109
1998-11-01 13:21:12+00:00,381.0,6.179999828338623
1998-11-01 13:26:13+00:00,381.0,6.320000171661377
1998-11-01 13:31:15+00:00,384.0,6.090000152587891
1998-11-01 13:36:17+00:00,384.0,6.059999942779541
1998-11-01 13:41:20+00:00,384.0,6.03000020980835
1998-11-01 13:46:22+00:00,385.0,5.949999809265137
1998-11-01 13:51:23+00:00,383.0,6.659999847412109
1998-11-01 13:56:27+00:00,383.0,6.429999828338623
1998-11-01 14:01:29+00:00,384.0,6.46999979019165
1998-11-01 14:06:30+00:00,384.0,6.840000152587891
1998-11-01 14:11:34+00:00,383.0,6.570000171661377
1998-11-01 14:16:35+00:00,380.0,6.340000152587891
1998-11-01 14:21:37+00:00,378.0,6.269999980926514
1998-11-01 14:26:39+00:00,386.0,6.929999828338623
1998-11-01 14:31:42+00:00,387.0,7.21999979019165
1998-11-01 14:36:44+00:00,388.0,7.25
1998-11-01 14:41:48+00:00,387.0,7.28000020980835
1998-11-01 14:46:47+00:00,386.0,7.75
1998-11-01 14:51:51+00:00,386.0,6.900000095367432
1998-11-01 14:56:52+00:00,386.0,6.840000152587891
1998-11-01 15:01:56+00:00,385.0,7.119999885559082
1998-11-01 15:06:57+00:00,386.0,7.079999923706055
1998-11-01 15:12:01+00:00,386.0,7.099999904632568
1998-11-01 15:17:01+00:00,385.0,6.829999923706055
1998-11-01 15:22:04+00:00,387.0,6.630000114440918
1998-11-01 15:27:06+00:00,389.0,6.769999980926514
1998-11-01 15:32:07+00:00,389.0,7.090000152587891
1998-11-01 15:37:11+00:00,390.0,7.170000076293945
1998-11-01 15:42:15+00:00,390.0,7.340000152587891
1998-11-01 15:47:14+00:00,386.0,6.769999980926514
1998-11-01 15:52:16+00:00,382.0,6.789999961853027
1998-11-01 15:57:19+00:00,382.0,6.900000095367432
1998-11-01 16:02:21+00:00,383.0,6.619999885559082
1998-11-01 16:07:23+00:00,383.0,6.809999942779541
1998-11-01 16:12:28+00:00,382.0,6.590000152587891
1998-11-01 16:17:58+00:00,382.0,6.670000076293945
1998-11-01 16:22:59+00:00,381.0,6.53000020980835
1998-11-01 16:28:03+00:00,381.0,6.71999979019165
1998-11-01 16:33:05+00:00,382.0,7.510000228881836
1998-11-01 16:38:06+00:00,376.0,6.880000114440918
1998-11-01 16:43:12+00:00,378.0,7.130000114440918
1998-11-01 16:48:12+00:00,377.0,6.940000057220459
1998-11-01 16:53:13+00:00,378.0,7.230000019073486
1998-11-01 16:58:15+00:00,376.0,6.900000095367432
1998-11-01 17:03:18+00:00,374.0,6.699999809265137
1998-11-01 17:08:20+00:00,379.0,7.199999809265137
1998-11-01 17:13:21+00:00,376.0,6.71999979019165
1998-11-01 17:18:25+00:00,378.0,6.380000114440918
1998-11-01 17:23:27+00:00,377.0,6.400000095367432
1998-11-01 17:28:28+00:00,374.0,6.710000038146973
1998-11-01 17:33:32+00:00,374.0,6.71999979019165
1998-11-01 17:39:33+00:00,374.0,6.699999809265137
1998-11-01 17:44:35+00:00,375.0,6.730000019073486
1998-11-01 17:49:39+00:00,376.0,6.880000114440918
1998-11-01 17:55:40+00:00,375.0,7.239999771118164
1998-11-01 18:00:44+00:00,376.0,7.489999771118164
1998-11-01 18:05:45+00:00,377.0,7.579999923706055
1998-11-01 18:10:47+00:00,379.0,7.860000133514404
1998-11-01 18:15:52+00:00,374.0,7.360000133514404
1998-11-01 18:20:52+00:00,375.0,7.46999979019165
1998-11-01 18:25:54+00:00,376.0,7.610000133514404
1998-11-01 18:30:55+00:00,376.0,7.5
1998-11-01 18:35:59+00:00,378.0,7.630000114440918
1998-11-01 18:41:00+00:00,379.0,7.820000171661377
1998-11-01 18:46:02+00:00,383.0,8.59000015258789
1998-11-01 18:51:06+00:00,387.0,9.369999885559082
1998-11-01 18:56:37+00:00,388.0,9.020000457763672
1998-11-01 19:01:39+00:00,386.0,8.75
1998-11-01 19:06:42+00:00,378.0,8.289999961853027
1998-11-01 19:11:44+00:00,378.0,8.050000190734863
1998-11-01 19:16:46+00:00,379.0,8.010000228881836
1998-11-01 19:21:49+00:00,378.0,7.769999980926514
1998-11-01 19:26:51+00:00,386.0,8.430000305175781
1998-11-01 19:31:52+00:00,388.0,8.520000457763672
1998-11-01 19:36:54+00:00,389.0,8.40999984741211
1998-11-01 19:41:57+00:00,389.0,8.859999656677246
1998-11-01 19:46:59+00:00,389.0,9.430000305175781
1998-11-01 19:52:03+00:00,391.0,9.350000381469727
1998-11-01 19:57:04+00:00,398.0,9.630000114440918
1998-11-01 20:02:06+00:00,394.0,10.140000343322754
1998-11-01 20:07:08+00:00,394.0,9.649999618530273
1998-11-01 20:12:11+00:00,392.0,8.539999961853027
1998-11-01 20:17:13+00:00,392.0,8.239999771118164
1998-11-01 20:22:16+00:00,393.0,8.210000038146973
1998-11-01 20:27:16+00:00,390.0,7.329999923706055
1998-11-01 20:32:19+00:00,390.0,7.440000057220459
1998-11-01 20:37:21+00:00,390.0,6.880000114440918
1998-11-01 20:42:23+00:00,390.0,7.150000095367432
1998-11-01 20:47:26+00:00,390.0,7.400000095367432
1998-11-01 20:52:30+00:00,390.0,7.480000019073486
1998-11-01 20:57:30+00:00,389.0,7.21999979019165
1998-11-01 21:02:33+00:00,389.0,7.010000228881836
1998-11-01 21:07:35+00:00,388.0,6.96999979019165
1998-11-01 21:12:36+00:00,388.0,6.949999809265137
1998-11-01 21:17:38+00:00,390.0,7.079999923706055
1998-11-01 21:22:44+00:00,390.0,7.110000133514404
1998-11-01 21:27:43+00:00,393.0,7.239999771118164
1998-11-01 21:32:45+00:00,389.0,7.019999980926514
1998-11-01 21:37:48+00:00,397.0,6.809999942779541
1998-11-01 21:42:50+00:00,391.0,6.820000171661377
1998-11-01 21:47:52+00:00,387.0,6.670000076293945
1998-11-01 21:52:57+00:00,386.0,6.769999980926514
1998-11-01 21:57:57+00:00,385.0,6.170000076293945
1998-11-01 22:02:58+00:00,386.0,5.320000171661377
1998-11-01 22:08:02+00:00,385.0,5.159999847412109
1998-11-01 22:13:03+00:00,387.0,5.409999847412109
1998-11-01 22:18:05+00:00,388.0,6.760000228881836
1998-11-01 22:23:07+00:00,384.0,6.630000114440918
1998-11-01 22:28:11+00:00,385.0,6.909999847412109
1998-11-01 22:33:12+00:00,384.0,6.710000038146973
1998-11-01 22:38:14+00:00,385.0,7.400000095367432
1998-11-01 22:43:17+00:00,388.0,7.71999979019165
1998-11-01 22:48:19+00:00,388.0,8.050000190734863
1998-11-01 22:53:20+00:00,394.0,8.369999885559082
1998-11-01 22:58:24+00:00,390.0,8.800000190734863
1998-11-01 23:03:55+00:00,388.0,8.479999542236328
1998-11-01 23:08:57+00:00,388.0,8.470000267028809
1998-11-01 23:14:01+00:00,388.0,8.010000228881836
1998-11-01 23:19:02+00:00,389.0,7.690000057220459
1998-11-01 23:24:04+00:00,389.0,7.46999979019165
1998-11-01 23:29:08+00:00,388.0,7.860000133514404
1998-11-01 23:34:09+00:00,388.0,7.630000114440918
1998-11-01 23:39:11+00:00,387.0,7.610000133514404
1998-11-01 23:44:12+00:00,387.0,7.360000133514404
1998-11-01 23:49:16+00:00,386.0,7.460000038146973
1998-11-01 23:54:17+00:00,388.0,7.03000020980835
1998-11-02 00:00:06+00:00,389.0,6.980000019073486
1998-11-02 00:04:53+00:00,388.0,7.260000228881836
1998-11-02 00:09:54+00:00,388.0,7.320000171661377
1998-11-02 00:14:56+00:00,388.0,7.260000228881836
1998-11-02 00:19:59+00:00,388.0,6.199999809265137
1998-11-02 00:25:01+00:00,390.0,5.800000190734863
1998-11-02 00:30:05+00:00,391.0,5.760000228881836
1998-11-02 00:35:05+00:00,391.0,5.840000152587891
1998-11-02 00:40:08+00:00,390.0,5.760000228881836
1998-11-02 00:45:09+00:00,390.0,6.659999847412109
1998-11-02 00:50:11+00:00,390.0,6.289999961853027
1998-11-02 00:55:15+00:00,392.0,6.260000228881836
1998-11-02 01:00:18+00:00,390.0,6.230000019073486
1998-11-02 01:05:18+00:00,390.0,6.28000020980835
1998-11-02 01:10:21+00:00,392.0,5.610000133514404
1998-11-02 01:15:23+00:00,391.0,5.670000076293945
1998-11-02 01:20:25+00:00,393.0,5.860000133514404
1998-11-02 01:25:26+00:00,391.0,6.5
1998-11-02 01:30:32+00:00,392.0,6.380000114440918
1998-11-02 01:35:32+00:00,397.0,6.400000095367432
1998-11-02 01:40:33+00:00,387.0,6.75
1998-11-02 01:45:37+00:00,386.0,6.670000076293945
1998-11-02 01:50:38+00:00,386.0,6.650000095367432
1998-11-02 01:55:40+00:00,386.0,6.5
1998-11-02 02:00:45+00:00,385.0,6.480000019073486
1998-11-02 02:05:45+00:00,385.0,6.199999809265137
1998-11-02 02:10:47+00:00,390.0,6.0
1998-11-02 02:15:48+00:00,390.0,6.710000038146973
1998-11-02 02:20:52+00:00,390.0,7.079999923706055
1998-11-02 02:25:53+00:00,390.0,7.409999847412109
1998-11-02 02:30:55+00:00,382.0,6.579999923706055
1998-11-02 02:35:59+00:00,386.0,6.579999923706055
1998-11-02 02:41:00+00:00,389.0,6.550000190734863
1998-11-02 02:46:02+00:00,389.0,6.400000095367432
1998-11-02 02:51:05+00:00,390.0,6.179999828338623
1998-11-02 02:56:07+00:00,388.0,6.46999979019165
1998-11-02 03:01:09+00:00,384.0,7.349999904632568
1998-11-02 03:06:12+00:00,387.0,6.699999809265137
1998-11-02 03:11:14+00:00,388.0,6.590000152587891
1998-11-02 03:16:15+00:00,386.0,6.639999866485596
1998-11-02 03:21:17+00:00,387.0,7.050000190734863
1998-11-02 03:26:21+00:00,386.0,7.380000114440918
1998-11-02 03:31:22+00:00,384.0,7.579999923706055
1998-11-02 03:36:26+00:00,384.0,7.28000020980835
1998-11-02 03:41:26+00:00,384.0,6.880000114440918
1998-11-02 03:46:29+00:00,384.0,6.769999980926514
1998-11-02 03:51:31+00:00,384.0,6.690000057220459
1998-11-02 03:56:32+00:00,385.0,6.570000171661377
1998-11-02 04:01:36+00:00,385.0,6.610000133514404
1998-11-02 04:06:40+00:00,384.0,6.550000190734863
1998-11-02 04:11:39+00:00,382.0,6.46999979019165
1998-11-02 04:16:43+00:00,385.0,6.389999866485596
1998-11-02 04:21:45+00:00,385.0,6.550000190734863
1998-11-02 04:26:46+00:00,383.0,6.559999942779541
1998-11-02 04:31:50+00:00,383.0,6.46999979019165
1998-11-02 04:36:54+00:00,384.0,6.53000020980835
1998-11-02 04:41:53+00:00,383.0,6.46999979019165
1998-11-02 04:46:57+00:00,382.0,6.300000190734863
1998-11-02 04:51:58+00:00,383.0,6.5
1998-11-02 04:57:00+00:00,385.0,6.570000171661377
1998-11-02 05:02:02+00:00,383.0,6.460000038146973
1998-11-02 05:07:07+00:00,385.0,6.429999828338623
1998-11-02 05:12:07+00:00,385.0,6.559999942779541
1998-11-02 05:17:08+00:00,385.0,6.559999942779541
1998-11-02 05:22:12+00:00,385.0,6.570000171661377
1998-11-02 05:27:14+00:00,385.0,6.070000171661377
1998-11-02 05:32:15+00:00,387.0,5.829999923706055
1998-11-02 05:37:17+00:00,388.0,5.730000019073486
1998-11-02 05:42:21+00:00,388.0,5.760000228881836
1998-11-02 05:47:22+00:00,388.0,5.730000019073486
1998-11-02 05:52:24+00:00,388.0,5.71999979019165
1998-11-02 05:57:27+00:00,388.0,5.679999828338623
1998-11-02 06:02:29+00:00,388.0,5.710000038146973
1998-11-02 06:07:30+00:00,388.0,5.71999979019165
1998-11-02 06:12:34+00:00,388.0,5.71999979019165
1998-11-02 06:17:36+00:00,388.0,5.75
1998-11-02 06:22:37+00:00,386.0,5.920000076293945
1998-11-02 06:27:39+00:00,386.0,6.039999961853027
1998-11-02 06:32:42+00:00,386.0,6.269999980926514
1998-11-02 06:37:44+00:00,385.0,6.630000114440918
1998-11-02 06:42:48+00:00,385.0,6.440000057220459
1998-11-02 06:47:48+00:00,386.0,6.429999828338623
1998-11-02 06:52:51+00:00,386.0,6.070000171661377
1998-11-02 06:57:52+00:00,385.0,6.380000114440918
1998-11-02 07:02:56+00:00,386.0,6.28000020980835
1998-11-02 07:07:58+00:00,385.0,6.519999980926514
1998-11-02 07:13:01+00:00,385.0,6.53000020980835
1998-11-02 07:18:01+00:00,385.0,6.570000171661377
1998-11-02 07:23:04+00:00,385.0,6.320000171661377
1998-11-02 07:28:06+00:00,384.0,6.300000190734863
1998-11-02 07:33:08+00:00,384.0,6.409999847412109
1998-11-02 07:38:11+00:00,387.0,6.110000133514404
1998-11-02 07:43:15+00:00,386.0,5.760000228881836
1998-11-02 07:48:15+00:00,386.0,5.789999961853027
1998-11-02 07:53:18+00:00,386.0,5.880000114440918
1998-11-02 07:58:20+00:00,386.0,5.840000152587891
1998-11-02 08:03:21+00:00,385.0,6.010000228881836
1998-11-02 08:08:23+00:00,385.0,6.190000057220459
1998-11-02 08:13:28+00:00,384.0,6.139999866485596
1998-11-02 08:18:28+00:00,385.0,6.320000171661377
1998-11-02 08:23:30+00:00,385.0,6.21999979019165
1998-11-02 08:28:33+00:00,384.0,6.150000095367432
1998-11-02 08:33:35+00:00,384.0,6.179999828338623
1998-11-02 08:38:36+00:00,384.0,6.130000114440918
1998-11-02 08:43:42+00:00,384.0,6.110000133514404
1998-11-02 08:48:42+00:00,383.0,5.929999828338623
1998-11-02 08:53:43+00:00,384.0,5.769999980926514
1998-11-02 08:58:45+00:00,383.0,6.210000038146973
1998-11-02 09:03:48+00:00,383.0,6.130000114440918
1998-11-02 09:08:50+00:00,383.0,6.070000171661377
1998-11-02 09:13:52+00:00,382.0,5.909999847412109
1998-11-02 09:18:55+00:00,381.0,5.900000095367432
1998-11-02 09:23:57+00:00,383.0,6.010000228881836
1998-11-02 09:28:58+00:00,382.0,6.300000190734863
1998-11-02 09:34:02+00:00,385.0,6.150000095367432
1998-11-02 09:39:03+00:00,385.0,6.139999866485596
1998-11-02 09:44:05+00:00,386.0,5.989999771118164
1998-11-02 09:49:09+00:00,386.0,6.010000228881836
1998-11-02 09:54:10+00:00,387.0,6.079999923706055
1998-11-02 09:59:12+00:00,386.0,6.110000133514404
1998-11-02 10:04:14+00:00,386.0,5.369999885559082
1998-11-02 10:09:17+00:00,387.0,5.150000095367432
1998-11-02 10:14:19+00:00,386.0,5.170000076293945
1998-11-02 10:19:22+00:00,386.0,5.230000019073486
1998-11-02 10:24:22+00:00,386.0,5.570000171661377
1998-11-02 10:29:25+00:00,387.0,5.559999942779541
1998-11-02 10:34:27+00:00,391.0,5.570000171661377
1998-11-02 10:39:29+00:00,391.0,5.590000152587891
1998-11-02 10:44:32+00:00,392.0,5.559999942779541
1998-11-02 10:49:36+00:00,392.0,5.5
1998-11-02 10:54:36+00:00,392.0,5.559999942779541
1998-11-02 10:59:39+00:00,393.0,5.46999979019165
1998-11-02 11:04:41+00:00,391.0,5.739999771118164
1998-11-02 11:09:42+00:00,393.0,5.429999828338623
1998-11-02 11:14:46+00:00,391.0,5.449999809265137
1998-11-02 11:19:50+00:00,390.0,5.070000171661377
1998-11-02 11:24:49+00:00,389.0,5.039999961853027
1998-11-02 11:29:51+00:00,388.0,5.119999885559082
1998-11-02 11:34:54+00:00,389.0,4.650000095367432
1998-11-02 11:39:56+00:00,386.0,5.050000190734863
1998-11-02 11:44:57+00:00,386.0,5.110000133514404
1998-11-02 11:50:03+00:00,386.0,5.050000190734863
1998-11-02 11:55:03+00:00,390.0,4.769999980926514
1998-11-02 12:00:04+00:00,393.0,4.71999979019165
1998-11-02 12:05:08+00:00,393.0,4.730000019073486
1998-11-02 12:10:24+00:00,390.0,4.78000020980835
1998-11-02 12:15:11+00:00,389.0,4.75
1998-11-02 12:20:13+00:00,388.0,4.840000152587891
1998-11-02 12:25:16+00:00,388.0,5.010000228881836
1998-11-02 12:30:18+00:00,388.0,5.0
1998-11-02 12:35:19+00:00,389.0,5.179999828338623
1998-11-02 12:40:23+00:00,393.0,4.78000020980835
1998-11-02 12:45:25+00:00,396.0,5.130000114440918
1998-11-02 12:50:26+00:00,390.0,5.010000228881836
1998-11-02 12:55:30+00:00,391.0,5.380000114440918
1998-11-02 13:00:31+00:00,392.0,5.119999885559082
1998-11-02 13:05:33+00:00,391.0,5.920000076293945
1998-11-02 13:10:37+00:00,391.0,5.679999828338623
1998-11-02 13:16:08+00:00,390.0,5.590000152587891
1998-11-02 13:21:10+00:00,391.0,5.199999809265137
1998-11-02 13:26:14+00:00,390.0,4.989999771118164
1998-11-02 13:31:15+00:00,388.0,4.829999923706055
1998-11-02 13:36:17+00:00,395.0,4.860000133514404
1998-11-02 13:41:18+00:00,402.0,4.639999866485596
1998-11-02 13:46:22+00:00,407.0,4.039999961853027
1998-11-02 13:51:23+00:00,396.0,3.509999990463257
1998-11-02 13:56:27+00:00,393.0,4.079999923706055
1998-11-02 14:01:27+00:00,404.0,3.940000057220459
1998-11-02 14:06:30+00:00,408.0,3.8499999046325684
1998-11-02 14:11:32+00:00,400.0,3.680000066757202
1998-11-02 14:16:33+00:00,392.0,4.329999923706055
1998-11-02 14:21:37+00:00,390.0,4.480000019073486
1998-11-02 14:26:41+00:00,389.0,5.989999771118164
1998-11-02 14:31:40+00:00,390.0,5.690000057220459
1998-11-02 14:36:44+00:00,390.0,6.309999942779541
1998-11-02 14:41:45+00:00,389.0,6.130000114440918
1998-11-02 14:46:47+00:00,387.0,5.840000152587891
1998-11-02 14:51:50+00:00,387.0,5.909999847412109
1998-11-02 14:56:54+00:00,385.0,5.989999771118164
1998-11-02 15:02:24+00:00,386.0,5.949999809265137
1998-11-02 15:07:27+00:00,388.0,5.920000076293945
1998-11-02 15:12:29+00:00,388.0,5.579999923706055
1998-11-02 15:17:31+00:00,392.0,5.449999809265137
1998-11-02 15:22:32+00:00,394.0,5.119999885559082
1998-11-02 15:27:38+00:00,394.0,4.920000076293945
1998-11-02 15:32:38+00:00,398.0,4.840000152587891
1998-11-02 15:37:39+00:00,399.0,4.329999923706055
1998-11-02 15:42:42+00:00,396.0,4.539999961853027
1998-11-02 15:47:44+00:00,398.0,4.639999866485596
1998-11-02 15:52:46+00:00,399.0,4.630000114440918
1998-11-02 15:57:51+00:00,396.0,4.480000019073486
1998-11-02 16:02:51+00:00,394.0,4.610000133514404
1998-11-02 16:07:52+00:00,395.0,4.579999923706055
1998-11-02 16:12:56+00:00,395.0,4.659999847412109
1998-11-02 16:17:58+00:00,393.0,5.170000076293945
1998-11-02 16:22:59+00:00,397.0,5.809999942779541
1998-11-02 16:28:01+00:00,397.0,5.230000019073486
1998-11-02 16:33:05+00:00,401.0,3.7899999618530273
1998-11-02 16:38:06+00:00,397.0,4.550000190734863
1998-11-02 16:43:08+00:00,397.0,4.309999942779541
1998-11-02 16:48:11+00:00,398.0,4.119999885559082
1998-11-02 16:53:13+00:00,402.0,4.489999771118164
1998-11-02 16:58:14+00:00,397.0,4.570000171661377
1998-11-02 17:03:18+00:00,394.0,4.889999866485596
1998-11-02 17:08:20+00:00,399.0,4.940000057220459
1998-11-02 17:13:21+00:00,397.0,5.389999866485596
1998-11-02 17:18:23+00:00,395.0,6.039999961853027
1998-11-02 17:23:26+00:00,389.0,5.940000057220459
1998-11-02 17:28:28+00:00,389.0,5.730000019073486
1998-11-02 17:33:32+00:00,389.0,5.53000020980835
1998-11-02 17:38:32+00:00,386.0,5.25
1998-11-02 17:43:35+00:00,390.0,5.539999961853027
1998-11-02 17:48:36+00:00,389.0,5.699999809265137
1998-11-02 17:53:40+00:00,390.0,5.599999904632568
1998-11-02 17:58:42+00:00,392.0,5.639999866485596
1998-11-02 18:03:45+00:00,396.0,5.960000038146973
1998-11-02 18:08:45+00:00,397.0,6.840000152587891
1998-11-02 18:13:48+00:00,394.0,6.550000190734863
1998-11-02 18:18:50+00:00,392.0,6.110000133514404
1998-11-02 18:23:52+00:00,394.0,6.25
1998-11-02 18:28:55+00:00,394.0,6.170000076293945
1998-11-02 18:33:59+00:00,395.0,6.300000190734863
1998-11-02 18:38:59+00:00,397.0,6.53000020980835
1998-11-02 18:44:00+00:00,400.0,6.480000019073486
1998-11-02 18:49:04+00:00,408.0,6.889999866485596
1998-11-02 18:54:05+00:00,411.0,6.809999942779541
1998-11-02 18:59:39+00:00,410.0,6.920000076293945
1998-11-02 19:04:42+00:00,409.0,6.960000038146973
1998-11-02 19:09:42+00:00,406.0,7.150000095367432
1998-11-02 19:14:45+00:00,405.0,7.329999923706055
1998-11-02 19:20:17+00:00,406.0,7.340000152587891
1998-11-02 19:25:19+00:00,403.0,7.170000076293945
1998-11-02 19:30:22+00:00,405.0,7.210000038146973
1998-11-02 19:35:26+00:00,396.0,7.510000228881836
1998-11-02 19:40:26+00:00,390.0,7.190000057220459
1998-11-02 19:45:27+00:00,393.0,6.880000114440918
1998-11-02 19:50:31+00:00,396.0,6.869999885559082
1998-11-02 19:55:32+00:00,395.0,6.889999866485596
1998-11-02 20:00:34+00:00,393.0,7.25
1998-11-02 20:05:40+00:00,394.0,6.809999942779541
1998-11-02 20:10:39+00:00,394.0,6.690000057220459
1998-11-02 20:15:41+00:00,396.0,7.019999980926514
1998-11-02 20:20:42+00:00,392.0,6.679999828338623
1998-11-02 20:25:46+00:00,392.0,6.71999979019165
1998-11-02 20:30:47+00:00,399.0,7.190000057220459
1998-11-02 20:35:49+00:00,395.0,7.570000171661377
1998-11-02 20:40:53+00:00,392.0,8.0600004196167
1998-11-02 20:45:54+00:00,397.0,7.869999885559082
1998-11-02 20:50:56+00:00,399.0,7.809999942779541
1998-11-02 20:55:59+00:00,395.0,7.869999885559082
1998-11-02 21:01:01+00:00,396.0,7.679999828338623
1998-11-02 21:06:03+00:00,395.0,7.610000133514404
1998-11-02 21:11:06+00:00,396.0,7.699999809265137
1998-11-02 21:16:08+00:00,394.0,7.619999885559082
1998-11-02 21:21:09+00:00,402.0,7.369999885559082
1998-11-02 21:26:11+00:00,398.0,7.510000228881836
1998-11-02 21:31:15+00:00,405.0,7.489999771118164
1998-11-02 21:36:16+00:00,400.0,7.559999942779541
1998-11-02 21:41:20+00:00,398.0,7.789999961853027
1998-11-02 21:46:20+00:00,396.0,7.809999942779541
1998-11-02 21:51:23+00:00,390.0,7.679999828338623
1998-11-02 21:56:25+00:00,388.0,7.699999809265137
1998-11-02 22:01:26+00:00,389.0,7.610000133514404
1998-11-02 22:06:30+00:00,389.0,7.510000228881836
1998-11-02 22:11:34+00:00,389.0,7.519999980926514
1998-11-02 22:16:33+00:00,389.0,7.309999942779541
1998-11-02 22:21:37+00:00,390.0,7.010000228881836
1998-11-02 22:26:38+00:00,389.0,7.380000114440918
1998-11-02 22:31:40+00:00,387.0,7.690000057220459
1998-11-02 22:36:43+00:00,389.0,8.350000381469727
1998-11-02 22:41:47+00:00,390.0,8.739999771118164
1998-11-02 22:46:47+00:00,390.0,8.739999771118164
1998-11-02 22:51:48+00:00,390.0,9.369999885559082
1998-11-02 22:56:52+00:00,388.0,9.300000190734863
1998-11-02 23:01:53+00:00,385.0,9.130000114440918
1998-11-02 23:06:55+00:00,386.0,9.010000228881836
1998-11-02 23:12:01+00:00,380.0,7.639999866485596
1998-11-02 23:17:01+00:00,380.0,8.1899995803833
1998-11-02 23:22:02+00:00,383.0,8.34000015258789
1998-11-02 23:27:05+00:00,384.0,7.989999771118164
1998-11-02 23:32:07+00:00,380.0,6.760000228881836
1998-11-02 23:37:09+00:00,377.0,6.590000152587891
1998-11-02 23:42:10+00:00,377.0,6.429999828338623
1998-11-02 23:47:14+00:00,380.0,6.550000190734863
1998-11-02 23:52:15+00:00,379.0,6.550000190734863
1998-11-02 23:57:17+00:00,378.0,6.360000133514404
1998-11-03 00:00:04+00:00,380.0,6.539999961853027
1998-11-03 00:04:52+00:00,379.0,6.510000228881836
1998-11-03 00:09:54+00:00,379.0,6.199999809265137
1998-11-03 00:14:58+00:00,378.0,6.860000133514404
1998-11-03 00:19:58+00:00,376.0,7.210000038146973
1998-11-03 00:25:01+00:00,378.0,7.269999980926514
1998-11-03 00:30:02+00:00,378.0,7.110000133514404
1998-11-03 00:35:04+00:00,379.0,7.369999885559082
1998-11-03 00:40:08+00:00,381.0,8.350000381469727
1998-11-03 00:45:11+00:00,383.0,9.029999732971191
1998-11-03 00:50:11+00:00,384.0,9.100000381469727
1998-11-03 00:55:14+00:00,384.0,8.920000076293945
1998-11-03 01:00:16+00:00,384.0,8.979999542236328
1998-11-03 01:05:18+00:00,384.0,9.039999961853027
1998-11-03 01:10:19+00:00,386.0,8.880000114440918
1998-11-03 01:15:25+00:00,385.0,8.699999809265137
1998-11-03 01:20:25+00:00,383.0,9.100000381469727
1998-11-03 01:25:26+00:00,383.0,9.109999656677246
1998-11-03 01:30:30+00:00,380.0,8.59000015258789
1998-11-03 01:35:31+00:00,381.0,8.399999618530273
1998-11-03 01:40:33+00:00,382.0,8.430000305175781
1998-11-03 01:45:38+00:00,383.0,8.75
1998-11-03 01:50:38+00:00,380.0,7.96999979019165
1998-11-03 01:55:40+00:00,378.0,7.71999979019165
1998-11-03 02:00:41+00:00,377.0,7.619999885559082
1998-11-03 02:05:45+00:00,378.0,7.46999979019165
1998-11-03 02:10:46+00:00,378.0,7.510000228881836
1998-11-03 02:15:48+00:00,375.0,7.480000019073486
1998-11-03 02:20:52+00:00,376.0,7.550000190734863
1998-11-03 02:25:53+00:00,377.0,7.460000038146973
1998-11-03 02:30:55+00:00,378.0,7.449999809265137
1998-11-03 02:35:58+00:00,377.0,7.409999847412109
1998-11-03 02:41:00+00:00,380.0,7.360000133514404
1998-11-03 02:46:02+00:00,379.0,7.5
1998-11-03 02:51:05+00:00,378.0,7.449999809265137
1998-11-03 02:56:07+00:00,376.0,7.539999961853027
1998-11-03 03:01:08+00:00,375.0,7.829999923706055
1998-11-03 03:06:10+00:00,378.0,7.579999923706055
1998-11-03 03:11:14+00:00,381.0,7.960000038146973
1998-11-03 03:16:15+00:00,382.0,8.180000305175781
1998-11-03 03:21:19+00:00,384.0,8.039999961853027
1998-11-03 03:26:19+00:00,386.0,8.5600004196167
1998-11-03 03:31:22+00:00,382.0,8.229999542236328
1998-11-03 03:36:24+00:00,384.0,7.420000076293945
1998-11-03 03:41:25+00:00,385.0,6.920000076293945
1998-11-03 03:46:29+00:00,390.0,7.460000038146973
1998-11-03 03:51:32+00:00,388.0,8.5
1998-11-03 03:56:32+00:00,388.0,8.670000076293945
1998-11-03 04:01:35+00:00,388.0,8.680000305175781
1998-11-03 04:06:38+00:00,388.0,8.579999923706055
1998-11-03 04:11:40+00:00,390.0,8.569999694824219
1998-11-03 04:16:43+00:00,388.0,8.460000038146973
1998-11-03 04:21:47+00:00,389.0,8.489999771118164
1998-11-03 04:26:47+00:00,390.0,7.900000095367432
1998-11-03 04:31:48+00:00,390.0,6.389999866485596
1998-11-03 04:36:51+00:00,389.0,7.53000020980835
1998-11-03 04:41:53+00:00,386.0,6.199999809265137
1998-11-03 04:46:55+00:00,385.0,5.659999847412109
1998-11-03 04:52:00+00:00,387.0,5.579999923706055
1998-11-03 04:57:00+00:00,386.0,5.800000190734863
1998-11-03 05:02:02+00:00,388.0,5.639999866485596
1998-11-03 05:07:05+00:00,388.0,6.079999923706055
1998-11-03 05:12:07+00:00,394.0,5.96999979019165
1998-11-03 05:17:08+00:00,390.0,4.329999923706055
1998-11-03 05:22:10+00:00,387.0,4.5
1998-11-03 05:27:14+00:00,388.0,4.46999979019165
1998-11-03 05:32:15+00:00,388.0,4.519999980926514
1998-11-03 05:37:17+00:00,391.0,4.25
1998-11-03 05:42:20+00:00,390.0,4.28000020980835
1998-11-03 05:47:22+00:00,389.0,4.309999942779541
1998-11-03 05:52:24+00:00,390.0,4.309999942779541
1998-11-03 05:57:27+00:00,396.0,3.990000009536743
1998-11-03 06:02:29+00:00,398.0,3.309999942779541
1998-11-03 06:07:30+00:00,397.0,3.4200000762939453
1998-11-03 06:12:32+00:00,393.0,3.950000047683716
1998-11-03 06:17:35+00:00,393.0,3.8399999141693115
1998-11-03 06:22:37+00:00,392.0,4.039999961853027
1998-11-03 06:27:41+00:00,394.0,3.869999885559082
1998-11-03 06:32:42+00:00,393.0,4.039999961853027
1998-11-03 06:37:44+00:00,392.0,4.409999847412109
1998-11-03 06:42:45+00:00,392.0,4.460000038146973
1998-11-03 06:47:49+00:00,392.0,4.510000228881836
1998-11-03 06:52:51+00:00,394.0,4.099999904632568
1998-11-03 06:57:54+00:00,399.0,4.400000095367432
1998-11-03 07:02:54+00:00,398.0,4.389999866485596
1998-11-03 07:07:57+00:00,397.0,4.570000171661377
1998-11-03 07:12:59+00:00,396.0,4.929999828338623
1998-11-03 07:18:01+00:00,398.0,5.230000019073486
1998-11-03 07:23:04+00:00,397.0,4.900000095367432
1998-11-03 07:28:08+00:00,399.0,5.03000020980835
1998-11-03 07:33:08+00:00,396.0,4.920000076293945
1998-11-03 07:38:11+00:00,394.0,5.159999847412109
1998-11-03 07:43:13+00:00,406.0,4.389999866485596
1998-11-03 07:48:14+00:00,402.0,4.789999961853027
1998-11-03 07:53:18+00:00,398.0,4.739999771118164
1998-11-03 07:58:22+00:00,399.0,5.110000133514404
1998-11-03 08:03:21+00:00,401.0,4.78000020980835
1998-11-03 08:08:23+00:00,418.0,3.700000047683716
1998-11-03 08:13:26+00:00,392.0,5.28000020980835
1998-11-03 08:18:28+00:00,402.0,4.300000190734863
1998-11-03 08:23:29+00:00,390.0,4.789999961853027
1998-11-03 08:28:35+00:00,398.0,5.25
1998-11-03 08:33:35+00:00,404.0,4.619999885559082
1998-11-03 08:38:36+00:00,405.0,4.420000076293945
1998-11-03 08:43:38+00:00,398.0,4.670000076293945
1998-11-03 08:48:41+00:00,404.0,4.320000171661377
1998-11-03 08:53:43+00:00,402.0,4.539999961853027
1998-11-03 08:58:45+00:00,391.0,5.340000152587891
1998-11-03 09:03:48+00:00,392.0,5.059999942779541
1998-11-03 09:09:20+00:00,390.0,4.869999885559082
1998-11-03 09:14:21+00:00,387.0,5.050000190734863
1998-11-03 09:19:25+00:00,385.0,5.070000171661377
1998-11-03 09:24:27+00:00,388.0,5.349999904632568
1998-11-03 09:29:28+00:00,386.0,5.489999771118164
1998-11-03 09:34:32+00:00,390.0,5.559999942779541
1998-11-03 09:39:33+00:00,389.0,5.800000190734863
1998-11-03 09:44:35+00:00,387.0,5.699999809265137
1998-11-03 09:49:37+00:00,387.0,5.329999923706055
1998-11-03 09:54:40+00:00,388.0,4.989999771118164
1998-11-03 10:00:12+00:00,389.0,5.059999942779541
1998-11-03 10:05:16+00:00,394.0,5.079999923706055
1998-11-03 10:10:15+00:00,393.0,4.909999847412109
1998-11-03 10:15:19+00:00,391.0,5.050000190734863
1998-11-03 10:20:20+00:00,392.0,5.239999771118164
1998-11-03 10:25:24+00:00,395.0,5.329999923706055
1998-11-03 10:30:25+00:00,395.0,4.900000095367432
1998-11-03 10:35:29+00:00,395.0,4.75
1998-11-03 10:40:29+00:00,395.0,4.909999847412109
1998-11-03 10:45:32+00:00,392.0,5.010000228881836
1998-11-03 10:50:34+00:00,392.0,4.929999828338623
1998-11-03 10:56:07+00:00,391.0,4.78000020980835
1998-11-03 11:01:09+00:00,397.0,4.739999771118164
1998-11-03 11:06:13+00:00,397.0,4.760000228881836
1998-11-03 11:11:12+00:00,397.0,4.739999771118164
1998-11-03 11:16:16+00:00,396.0,4.590000152587891
1998-11-03 11:21:17+00:00,395.0,4.639999866485596
1998-11-03 11:26:19+00:00,393.0,5.070000171661377
1998-11-03 11:31:22+00:00,396.0,5.369999885559082
1998-11-03 11:36:26+00:00,400.0,5.360000133514404
1998-11-03 11:41:26+00:00,394.0,5.0
1998-11-03 11:46:27+00:00,395.0,5.619999885559082
1998-11-03 11:51:31+00:00,394.0,5.710000038146973
1998-11-03 11:56:33+00:00,391.0,5.429999828338623
1998-11-03 12:01:36+00:00,388.0,5.190000057220459
1998-11-03 12:06:40+00:00,388.0,5.380000114440918
1998-11-03 12:11:40+00:00,389.0,5.429999828338623
1998-11-03 12:16:41+00:00,390.0,5.429999828338623
1998-11-03 12:21:44+00:00,389.0,5.409999847412109
1998-11-03 12:26:46+00:00,389.0,5.429999828338623
1998-11-03 12:31:48+00:00,389.0,5.239999771118164
1998-11-03 12:36:53+00:00,389.0,5.159999847412109
1998-11-03 12:41:53+00:00,389.0,5.210000038146973
1998-11-03 12:46:54+00:00,394.0,5.429999828338623
1998-11-03 12:51:56+00:00,394.0,5.360000133514404
1998-11-03 12:57:00+00:00,394.0,5.420000076293945
1998-11-03 13:02:01+00:00,394.0,5.340000152587891
1998-11-03 13:07:03+00:00,394.0,5.329999923706055
1998-11-03 13:12:07+00:00,395.0,5.409999847412109
1998-11-03 13:17:08+00:00,395.0,5.400000095367432
1998-11-03 13:22:10+00:00,395.0,5.309999942779541
1998-11-03 13:27:11+00:00,393.0,5.130000114440918
1998-11-03 13:32:15+00:00,395.0,5.289999961853027
1998-11-03 13:37:16+00:00,393.0,5.070000171661377
1998-11-03 13:42:20+00:00,393.0,5.019999980926514
1998-11-03 13:47:52+00:00,392.0,5.03000020980835
1998-11-03 13:53:23+00:00,393.0,5.059999942779541
1998-11-03 13:58:27+00:00,393.0,5.050000190734863
1998-11-03 14:03:58+00:00,394.0,5.150000095367432
1998-11-03 14:09:00+00:00,396.0,5.199999809265137
1998-11-03 14:14:04+00:00,396.0,5.239999771118164
1998-11-03 14:19:05+00:00,393.0,5.190000057220459
1998-11-03 14:24:07+00:00,391.0,5.130000114440918
1998-11-03 14:29:08+00:00,391.0,5.130000114440918
1998-11-03 14:34:12+00:00,391.0,5.090000152587891
1998-11-03 14:39:14+00:00,390.0,5.150000095367432
1998-11-03 14:44:17+00:00,391.0,5.599999904632568
1998-11-03 14:49:19+00:00,392.0,5.539999961853027
1998-11-03 14:54:20+00:00,401.0,4.980000019073486
1998-11-03 14:59:22+00:00,410.0,4.869999885559082
1998-11-03 15:04:25+00:00,418.0,4.559999942779541
1998-11-03 15:09:42+00:00,415.0,4.730000019073486
1998-11-03 15:15:01+00:00,407.0,5.340000152587891
1998-11-03 15:20:02+00:00,411.0,5.199999809265137
1998-11-03 15:25:04+00:00,414.0,4.900000095367432
1998-11-03 15:30:05+00:00,415.0,5.170000076293945
1998-11-03 15:35:09+00:00,418.0,5.110000133514404
1998-11-03 15:40:11+00:00,409.0,5.300000190734863
1998-11-03 15:45:14+00:00,403.0,5.329999923706055
1998-11-03 15:50:14+00:00,401.0,5.380000114440918
1998-11-03 15:55:17+00:00,396.0,5.079999923706055
1998-11-03 16:00:19+00:00,399.0,5.03000020980835
1998-11-03 16:05:21+00:00,414.0,4.369999885559082
1998-11-03 16:10:24+00:00,432.0,4.170000076293945
1998-11-03 16:15:28+00:00,416.0,4.119999885559082
1998-11-03 16:20:28+00:00,410.0,4.28000020980835
1998-11-03 16:25:31+00:00,409.0,4.110000133514404
1998-11-03 16:30:33+00:00,406.0,4.769999980926514
1998-11-03 16:35:34+00:00,401.0,5.340000152587891
1998-11-03 16:40:38+00:00,400.0,5.059999942779541
1998-11-03 16:45:42+00:00,398.0,5.369999885559082
1998-11-03 16:50:41+00:00,399.0,5.510000228881836
1998-11-03 16:55:43+00:00,411.0,4.840000152587891
1998-11-03 17:00:46+00:00,416.0,4.559999942779541
1998-11-03 17:05:48+00:00,406.0,5.099999904632568
1998-11-03 17:10:49+00:00,408.0,4.539999961853027
1998-11-03 17:15:55+00:00,406.0,5.380000114440918
1998-11-03 17:20:55+00:00,407.0,5.050000190734863
1998-11-03 17:25:56+00:00,420.0,4.71999979019165
1998-11-03 17:30:58+00:00,414.0,5.039999961853027
1998-11-03 17:36:31+00:00,409.0,4.75
1998-11-03 17:42:03+00:00,411.0,4.429999828338623
1998-11-03 17:47:09+00:00,409.0,4.960000038146973
1998-11-03 17:52:08+00:00,406.0,5.769999980926514
1998-11-03 17:57:10+00:00,407.0,5.75
1998-11-03 18:02:13+00:00,406.0,5.21999979019165
1998-11-03 18:07:15+00:00,403.0,5.300000190734863
1998-11-03 18:12:17+00:00,404.0,4.96999979019165
1998-11-03 18:17:18+00:00,403.0,5.0
1998-11-03 18:22:22+00:00,402.0,5.090000152587891
1998-11-03 18:27:23+00:00,400.0,5.260000228881836
1998-11-03 18:32:25+00:00,400.0,5.389999866485596
1998-11-03 18:37:29+00:00,400.0,5.199999809265137
1998-11-03 18:42:30+00:00,398.0,5.039999961853027
1998-11-03 18:47:32+00:00,397.0,5.210000038146973
1998-11-03 18:52:36+00:00,397.0,5.489999771118164
1998-11-03 18:57:37+00:00,397.0,5.159999847412109
1998-11-03 19:02:39+00:00,396.0,5.619999885559082
1998-11-03 19:07:40+00:00,396.0,5.420000076293945
1998-11-03 19:12:44+00:00,394.0,5.639999866485596
1998-11-03 19:17:45+00:00,398.0,5.639999866485596
1998-11-03 19:22:49+00:00,396.0,6.269999980926514
1998-11-03 19:27:49+00:00,393.0,6.269999980926514
1998-11-03 19:32:52+00:00,395.0,6.389999866485596
1998-11-03 19:37:54+00:00,394.0,6.269999980926514
1998-11-03 19:42:57+00:00,393.0,6.119999885559082
1998-11-03 19:47:59+00:00,392.0,6.039999961853027
1998-11-03 19:53:03+00:00,396.0,5.980000019073486
1998-11-03 19:58:02+00:00,397.0,5.940000057220459
1998-11-03 20:03:21+00:00,394.0,6.050000190734863
1998-11-03 20:08:07+00:00,393.0,5.949999809265137
1998-11-03 20:13:09+00:00,390.0,5.840000152587891
1998-11-03 20:18:13+00:00,390.0,5.920000076293945
1998-11-03 20:23:31+00:00,394.0,5.789999961853027
1998-11-03 20:28:16+00:00,408.0,5.210000038146973
1998-11-03 20:33:19+00:00,398.0,5.389999866485596
1998-11-03 20:38:21+00:00,405.0,5.659999847412109
1998-11-03 20:43:23+00:00,416.0,5.070000171661377
1998-11-03 20:48:24+00:00,432.0,4.78000020980835
1998-11-03 20:53:30+00:00,426.0,5.21999979019165
1998-11-03 20:58:30+00:00,413.0,5.519999980926514
1998-11-03 21:03:31+00:00,397.0,6.239999771118164
1998-11-03 21:08:35+00:00,396.0,6.630000114440918
1998-11-03 21:13:36+00:00,399.0,6.769999980926514
1998-11-03 21:18:38+00:00,397.0,6.800000190734863
1998-11-03 21:23:43+00:00,396.0,6.699999809265137
1998-11-03 21:28:43+00:00,397.0,6.420000076293945
1998-11-03 21:33:45+00:00,398.0,6.46999979019165
1998-11-03 21:38:46+00:00,393.0,6.309999942779541
1998-11-03 21:43:50+00:00,390.0,6.309999942779541
1998-11-03 21:48:51+00:00,392.0,6.289999961853027
1998-11-03 21:53:53+00:00,394.0,6.340000152587891
1998-11-03 21:58:57+00:00,392.0,6.28000020980835
1998-11-03 22:03:58+00:00,394.0,6.360000133514404
1998-11-03 22:09:00+00:00,392.0,6.440000057220459
1998-11-03 22:14:03+00:00,390.0,6.309999942779541
1998-11-03 22:19:05+00:00,390.0,6.300000190734863
1998-11-03 22:24:07+00:00,391.0,6.329999923706055
1998-11-03 22:29:10+00:00,391.0,6.329999923706055
1998-11-03 22:34:12+00:00,392.0,6.289999961853027
1998-11-03 22:39:13+00:00,393.0,6.230000019073486
1998-11-03 22:44:15+00:00,392.0,6.510000228881836
1998-11-03 22:49:19+00:00,391.0,6.46999979019165
1998-11-03 22:54:20+00:00,392.0,6.28000020980835
1998-11-03 22:59:24+00:00,392.0,6.340000152587891
1998-11-03 23:04:25+00:00,389.0,6.150000095367432
1998-11-03 23:09:27+00:00,390.0,6.329999923706055
1998-11-03 23:14:29+00:00,390.0,6.360000133514404
1998-11-03 23:19:30+00:00,393.0,6.139999866485596
1998-11-03 23:24:34+00:00,392.0,6.309999942779541
1998-11-03 23:29:38+00:00,390.0,5.739999771118164
1998-11-03 23:34:37+00:00,391.0,5.599999904632568
1998-11-03 23:39:41+00:00,391.0,5.659999847412109
1998-11-03 23:44:42+00:00,389.0,5.440000057220459
1998-11-03 23:49:44+00:00,389.0,5.579999923706055
1998-11-03 23:54:47+00:00,390.0,5.699999809265137
1998-11-04 00:00:06+00:00,388.0,5.949999809265137
1998-11-04 00:04:51+00:00,387.0,5.829999923706055
1998-11-04 00:09:52+00:00,386.0,5.650000095367432
1998-11-04 00:15:26+00:00,386.0,5.78000020980835
1998-11-04 00:20:27+00:00,386.0,5.920000076293945
1998-11-04 00:25:31+00:00,385.0,5.989999771118164
1998-11-04 00:30:35+00:00,384.0,5.840000152587891
1998-11-04 00:35:34+00:00,386.0,5.650000095367432
1998-11-04 00:40:38+00:00,387.0,5.550000190734863
1998-11-04 00:45:39+00:00,386.0,5.429999828338623
1998-11-04 00:50:41+00:00,384.0,5.610000133514404
1998-11-04 00:55:43+00:00,384.0,5.489999771118164
1998-11-04 01:00:48+00:00,383.0,5.559999942779541
1998-11-04 01:05:48+00:00,382.0,5.570000171661377
1998-11-04 01:10:49+00:00,381.0,5.739999771118164
1998-11-04 01:15:53+00:00,383.0,5.840000152587891
1998-11-04 01:20:55+00:00,384.0,6.03000020980835
1998-11-04 01:25:56+00:00,383.0,6.239999771118164
1998-11-04 01:31:02+00:00,382.0,5.929999828338623
1998-11-04 01:36:02+00:00,383.0,5.960000038146973
1998-11-04 01:41:03+00:00,384.0,5.96999979019165
1998-11-04 01:46:05+00:00,383.0,5.96999979019165
1998-11-04 01:51:08+00:00,382.0,5.96999979019165
1998-11-04 01:56:10+00:00,383.0,5.96999979019165
1998-11-04 02:01:11+00:00,383.0,5.809999942779541
1998-11-04 02:06:15+00:00,381.0,5.679999828338623
1998-11-04 02:11:17+00:00,382.0,6.039999961853027
1998-11-04 02:16:18+00:00,385.0,6.239999771118164
1998-11-04 02:21:22+00:00,385.0,6.059999942779541
1998-11-04 02:26:23+00:00,384.0,5.960000038146973
1998-11-04 02:31:25+00:00,383.0,5.920000076293945
1998-11-04 02:36:29+00:00,384.0,5.949999809265137
1998-11-04 02:41:30+00:00,384.0,5.989999771118164
1998-11-04 02:46:32+00:00,382.0,5.949999809265137
1998-11-04 02:51:33+00:00,382.0,5.78000020980835
1998-11-04 02:57:07+00:00,384.0,5.699999809265137
1998-11-04 03:02:09+00:00,383.0,5.949999809265137
1998-11-04 03:07:12+00:00,383.0,5.710000038146973
1998-11-04 03:12:12+00:00,382.0,5.71999979019165
1998-11-04 03:17:15+00:00,383.0,5.880000114440918
1998-11-04 03:22:17+00:00,382.0,5.929999828338623
1998-11-04 03:27:19+00:00,381.0,5.619999885559082
1998-11-04 03:32:22+00:00,379.0,5.570000171661377
1998-11-04 03:37:26+00:00,381.0,5.860000133514404
1998-11-04 03:42:26+00:00,381.0,5.829999923706055
1998-11-04 03:47:29+00:00,379.0,5.71999979019165
1998-11-04 03:52:31+00:00,379.0,5.559999942779541
1998-11-04 03:57:32+00:00,380.0,5.639999866485596
1998-11-04 04:02:36+00:00,381.0,5.670000076293945
1998-11-04 04:07:40+00:00,380.0,5.599999904632568
1998-11-04 04:12:40+00:00,379.0,5.630000114440918
1998-11-04 04:17:41+00:00,380.0,5.679999828338623
1998-11-04 04:22:45+00:00,380.0,5.789999961853027
1998-11-04 04:27:46+00:00,379.0,5.989999771118164
1998-11-04 04:32:48+00:00,380.0,5.96999979019165
1998-11-04 04:37:53+00:00,379.0,5.940000057220459
1998-11-04 04:42:53+00:00,378.0,5.809999942779541
1998-11-04 04:47:55+00:00,378.0,5.869999885559082
1998-11-04 04:52:58+00:00,377.0,5.739999771118164
1998-11-04 04:58:00+00:00,377.0,5.730000019073486
1998-11-04 05:03:01+00:00,378.0,5.75
1998-11-04 05:08:03+00:00,378.0,5.769999980926514
1998-11-04 05:13:07+00:00,378.0,5.78000020980835
1998-11-04 05:18:08+00:00,379.0,5.78000020980835
1998-11-04 05:23:10+00:00,379.0,5.739999771118164
1998-11-04 05:28:13+00:00,378.0,5.769999980926514
1998-11-04 05:33:15+00:00,378.0,5.829999923706055
1998-11-04 05:38:17+00:00,378.0,5.800000190734863
1998-11-04 05:43:20+00:00,378.0,5.800000190734863
1998-11-04 05:48:22+00:00,380.0,5.929999828338623
1998-11-04 05:53:23+00:00,379.0,5.920000076293945
1998-11-04 05:58:25+00:00,380.0,6.039999961853027
1998-11-04 06:03:29+00:00,380.0,6.150000095367432
1998-11-04 06:08:30+00:00,380.0,6.079999923706055
1998-11-04 06:13:34+00:00,381.0,6.269999980926514
1998-11-04 06:18:35+00:00,382.0,6.03000020980835
1998-11-04 06:23:37+00:00,382.0,5.730000019073486
1998-11-04 06:28:39+00:00,380.0,5.809999942779541
1998-11-04 06:33:42+00:00,377.0,5.260000228881836
1998-11-04 06:38:44+00:00,380.0,5.090000152587891
1998-11-04 06:43:48+00:00,380.0,4.880000114440918
1998-11-04 06:48:47+00:00,376.0,4.940000057220459
1998-11-04 06:53:51+00:00,378.0,5.059999942779541
1998-11-04 06:59:37+00:00,380.0,5.289999961853027
1998-11-04 07:04:24+00:00,379.0,5.210000038146973
1998-11-04 07:09:27+00:00,376.0,4.920000076293945
1998-11-04 07:14:31+00:00,378.0,4.929999828338623
1998-11-04 07:20:01+00:00,382.0,5.420000076293945
1998-11-04 07:25:04+00:00,377.0,5.179999828338623
1998-11-04 07:30:06+00:00,376.0,5.059999942779541
1998-11-04 07:35:07+00:00,382.0,5.389999866485596
1998-11-04 07:40:11+00:00,382.0,5.389999866485596
1998-11-04 07:45:15+00:00,381.0,5.340000152587891
1998-11-04 07:50:14+00:00,381.0,5.460000038146973
1998-11-04 07:55:18+00:00,381.0,5.519999980926514
1998-11-04 08:00:19+00:00,381.0,5.360000133514404
1998-11-04 08:05:21+00:00,383.0,5.559999942779541
1998-11-04 08:10:24+00:00,383.0,5.880000114440918
1998-11-04 08:15:28+00:00,383.0,5.809999942779541
1998-11-04 08:20:28+00:00,383.0,5.829999923706055
1998-11-04 08:25:29+00:00,380.0,5.110000133514404
1998-11-04 08:30:33+00:00,377.0,4.929999828338623
1998-11-04 08:35:35+00:00,377.0,4.989999771118164
1998-11-04 08:40:36+00:00,378.0,4.960000038146973
1998-11-04 08:45:42+00:00,377.0,5.159999847412109
1998-11-04 08:50:42+00:00,375.0,5.139999866485596
1998-11-04 08:55:43+00:00,376.0,5.449999809265137
1998-11-04 09:00:45+00:00,377.0,5.78000020980835
1998-11-04 09:05:48+00:00,376.0,5.670000076293945
1998-11-04 09:10:50+00:00,374.0,5.289999961853027
1998-11-04 09:15:51+00:00,373.0,5.059999942779541
1998-11-04 09:20:55+00:00,373.0,5.079999923706055
1998-11-04 09:25:57+00:00,376.0,4.960000038146973
1998-11-04 09:30:58+00:00,376.0,4.75
1998-11-04 09:36:02+00:00,374.0,4.820000171661377
1998-11-04 09:41:03+00:00,374.0,4.789999961853027
1998-11-04 09:46:05+00:00,376.0,4.909999847412109
1998-11-04 09:51:09+00:00,375.0,4.96999979019165
1998-11-04 09:56:10+00:00,373.0,5.079999923706055
1998-11-04 10:01:12+00:00,374.0,5.019999980926514
1998-11-04 10:06:13+00:00,374.0,5.019999980926514
1998-11-04 10:11:17+00:00,370.0,5.269999980926514
1998-11-04 10:16:19+00:00,365.0,5.420000076293945
1998-11-04 10:21:22+00:00,370.0,5.210000038146973
1998-11-04 10:26:22+00:00,370.0,5.309999942779541
1998-11-04 10:31:25+00:00,369.0,4.989999771118164
1998-11-04 10:36:27+00:00,371.0,4.610000133514404
1998-11-04 10:41:29+00:00,372.0,4.760000228881836
1998-11-04 10:46:32+00:00,373.0,5.28000020980835
1998-11-04 10:51:36+00:00,372.0,5.039999961853027
1998-11-04 10:56:36+00:00,372.0,5.039999961853027
1998-11-04 11:01:39+00:00,372.0,5.170000076293945
1998-11-04 11:06:41+00:00,371.0,5.019999980926514
1998-11-04 11:11:42+00:00,368.0,4.849999904632568
1998-11-04 11:16:46+00:00,365.0,5.239999771118164
1998-11-04 11:21:49+00:00,372.0,4.909999847412109
1998-11-04 11:26:49+00:00,374.0,4.900000095367432
1998-11-04 11:31:52+00:00,370.0,4.789999961853027
1998-11-04 11:36:54+00:00,369.0,4.820000171661377
1998-11-04 11:41:56+00:00,370.0,5.099999904632568
1998-11-04 11:46:57+00:00,370.0,5.130000114440918
1998-11-04 11:52:03+00:00,368.0,5.260000228881836
1998-11-04 11:57:03+00:00,368.0,5.300000190734863
1998-11-04 12:02:04+00:00,367.0,5.300000190734863
1998-11-04 12:07:08+00:00,363.0,4.909999847412109
1998-11-04 12:12:09+00:00,364.0,5.050000190734863
1998-11-04 12:17:11+00:00,364.0,4.96999979019165
1998-11-04 12:22:13+00:00,367.0,4.760000228881836
1998-11-04 12:27:16+00:00,368.0,4.909999847412109
1998-11-04 12:32:18+00:00,364.0,4.949999809265137
1998-11-04 12:37:19+00:00,363.0,5.199999809265137
1998-11-04 12:42:23+00:00,361.0,6.010000228881836
1998-11-04 12:47:25+00:00,361.0,5.409999847412109
1998-11-04 12:52:26+00:00,350.0,6.179999828338623
1998-11-04 12:57:30+00:00,349.0,6.199999809265137
1998-11-04 13:02:31+00:00,363.0,5.869999885559082
1998-11-04 13:07:33+00:00,363.0,6.159999847412109
1998-11-04 13:12:35+00:00,366.0,6.639999866485596
1998-11-04 13:17:38+00:00,362.0,7.119999885559082
1998-11-04 13:22:40+00:00,367.0,6.960000038146973
1998-11-04 13:27:44+00:00,365.0,6.809999942779541
1998-11-04 13:32:45+00:00,362.0,6.679999828338623
1998-11-04 13:37:47+00:00,363.0,6.599999904632568
1998-11-04 13:42:48+00:00,364.0,6.489999771118164
1998-11-04 13:47:52+00:00,369.0,6.860000133514404
1998-11-04 13:52:53+00:00,366.0,6.800000190734863
1998-11-04 13:57:57+00:00,370.0,7.119999885559082
1998-11-04 14:02:57+00:00,372.0,7.150000095367432
1998-11-04 14:08:00+00:00,371.0,7.130000114440918
1998-11-04 14:13:02+00:00,371.0,7.199999809265137
1998-11-04 14:18:03+00:00,367.0,7.309999942779541
1998-11-04 14:23:07+00:00,369.0,7.130000114440918
1998-11-04 14:28:11+00:00,368.0,6.929999828338623
1998-11-04 14:33:10+00:00,367.0,7.059999942779541
1998-11-04 14:38:14+00:00,366.0,6.960000038146973
1998-11-04 14:43:15+00:00,365.0,6.820000171661377
1998-11-04 14:48:17+00:00,364.0,6.690000057220459
1998-11-04 14:53:19+00:00,364.0,6.599999904632568
1998-11-04 14:58:24+00:00,364.0,6.800000190734863
1998-11-04 15:03:24+00:00,366.0,7.0
1998-11-04 15:08:25+00:00,365.0,6.659999847412109
1998-11-04 15:13:29+00:00,362.0,6.400000095367432
1998-11-04 15:18:31+00:00,366.0,6.75
1998-11-04 15:23:32+00:00,368.0,6.940000057220459
1998-11-04 15:28:38+00:00,369.0,6.829999923706055
1998-11-04 15:33:38+00:00,366.0,6.559999942779541
1998-11-04 15:57:47+00:00,370.0,6.960000038146973
1998-11-04 16:02:51+00:00,368.0,6.760000228881836
1998-11-04 16:07:53+00:00,369.0,7.179999828338623
1998-11-04 16:12:54+00:00,369.0,7.179999828338623
1998-11-04 16:17:56+00:00,365.0,6.940000057220459
1998-11-04 16:22:59+00:00,366.0,6.860000133514404
1998-11-04 16:28:01+00:00,369.0,6.5
1998-11-04 16:33:05+00:00,366.0,6.46999979019165
1998-11-04 16:38:05+00:00,362.0,6.769999980926514
1998-11-04 16:43:08+00:00,367.0,6.760000228881836
1998-11-04 16:48:09+00:00,365.0,6.75
1998-11-04 16:53:11+00:00,366.0,6.579999923706055
1998-11-04 16:58:15+00:00,362.0,6.639999866485596
1998-11-04 17:03:18+00:00,364.0,6.699999809265137
1998-11-04 17:08:18+00:00,363.0,6.679999828338623
1998-11-04 17:13:21+00:00,360.0,6.659999847412109
1998-11-04 17:18:23+00:00,360.0,6.739999771118164
1998-11-04 17:23:25+00:00,364.0,6.900000095367432
1998-11-04 17:28:28+00:00,364.0,6.860000133514404
1998-11-04 17:33:32+00:00,365.0,7.039999961853027
1998-11-04 17:39:02+00:00,358.0,6.739999771118164
1998-11-04 17:44:05+00:00,345.0,6.420000076293945
1998-11-04 17:49:06+00:00,354.0,6.5
1998-11-04 17:54:08+00:00,354.0,6.579999923706055
1998-11-04 17:59:10+00:00,356.0,6.639999866485596
1998-11-04 18:04:15+00:00,357.0,6.75
1998-11-04 18:09:45+00:00,355.0,6.539999961853027
1998-11-04 18:14:47+00:00,354.0,6.650000095367432
1998-11-04 18:19:50+00:00,358.0,6.679999828338623
1998-11-04 18:24:52+00:00,360.0,6.75
1998-11-04 18:29:53+00:00,363.0,6.840000152587891
1998-11-04 18:34:59+00:00,363.0,6.980000019073486
1998-11-04 18:39:59+00:00,359.0,6.789999961853027
1998-11-04 18:45:00+00:00,360.0,6.760000228881836
1998-11-04 18:50:04+00:00,360.0,6.659999847412109
1998-11-04 18:55:05+00:00,358.0,6.650000095367432
1998-11-04 19:00:07+00:00,354.0,6.599999904632568
1998-11-04 19:05:08+00:00,352.0,6.699999809265137
1998-11-04 19:10:12+00:00,358.0,6.619999885559082
1998-11-04 19:15:14+00:00,361.0,6.360000133514404
1998-11-04 19:20:15+00:00,359.0,6.349999904632568
1998-11-04 19:25:19+00:00,363.0,6.5
1998-11-04 19:30:20+00:00,358.0,6.670000076293945
1998-11-04 19:35:22+00:00,357.0,6.880000114440918
1998-11-04 19:40:26+00:00,356.0,6.760000228881836
1998-11-04 19:45:27+00:00,357.0,6.650000095367432
1998-11-04 19:50:29+00:00,359.0,6.650000095367432
1998-11-04 19:55:30+00:00,357.0,6.909999847412109
1998-11-04 20:00:34+00:00,355.0,6.820000171661377
1998-11-04 20:05:36+00:00,358.0,6.860000133514404
1998-11-04 20:10:39+00:00,355.0,6.929999828338623
1998-11-04 20:15:41+00:00,349.0,7.0
1998-11-04 20:20:42+00:00,349.0,7.340000152587891
1998-11-04 20:25:44+00:00,350.0,7.289999961853027
1998-11-04 20:30:48+00:00,350.0,7.150000095367432
1998-11-04 20:35:49+00:00,343.0,7.559999942779541
1998-11-04 20:41:23+00:00,345.0,7.920000076293945
1998-11-04 20:46:23+00:00,347.0,7.619999885559082
1998-11-04 20:51:26+00:00,347.0,8.039999961853027
1998-11-04 20:56:28+00:00,341.0,8.270000457763672
1998-11-04 21:01:31+00:00,342.0,9.100000381469727
1998-11-04 21:06:33+00:00,344.0,8.789999961853027
1998-11-04 21:11:36+00:00,342.0,8.59000015258789
1998-11-04 21:16:36+00:00,339.0,8.619999885559082
1998-11-04 21:21:39+00:00,340.0,8.739999771118164
1998-11-04 21:26:41+00:00,340.0,8.420000076293945
1998-11-04 21:31:43+00:00,339.0,8.430000305175781
1998-11-04 21:36:46+00:00,340.0,8.720000267028809
1998-11-04 21:41:50+00:00,341.0,8.380000114440918
1998-11-04 21:46:50+00:00,344.0,7.800000190734863
1998-11-04 21:51:53+00:00,347.0,7.480000019073486
1998-11-04 21:57:40+00:00,349.0,6.380000114440918
1998-11-04 22:02:26+00:00,349.0,5.960000038146973
1998-11-04 22:07:30+00:00,350.0,6.03000020980835
1998-11-04 22:12:34+00:00,352.0,6.269999980926514
1998-11-04 22:17:33+00:00,357.0,6.329999923706055
1998-11-04 22:22:35+00:00,357.0,6.420000076293945
1998-11-04 22:27:38+00:00,352.0,6.21999979019165
1998-11-04 22:32:40+00:00,350.0,6.300000190734863
1998-11-04 22:37:41+00:00,348.0,6.150000095367432
1998-11-04 22:42:47+00:00,350.0,6.179999828338623
1998-11-04 22:47:47+00:00,352.0,5.880000114440918
1998-11-04 22:52:48+00:00,350.0,5.929999828338623
1998-11-04 22:57:52+00:00,345.0,6.519999980926514
1998-11-04 23:02:53+00:00,342.0,6.869999885559082
1998-11-04 23:07:55+00:00,342.0,6.619999885559082
1998-11-04 23:13:31+00:00,343.0,6.909999847412109
1998-11-04 23:19:00+00:00,342.0,6.940000057220459
1998-11-04 23:24:02+00:00,333.0,7.440000057220459
1998-11-04 23:29:35+00:00,336.0,6.980000019073486
1998-11-04 23:34:37+00:00,338.0,5.760000228881836
1998-11-04 23:39:39+00:00,332.0,5.679999828338623
1998-11-04 23:44:44+00:00,328.0,6.190000057220459
1998-11-04 23:49:44+00:00,324.0,6.449999809265137
1998-11-04 23:54:45+00:00,323.0,6.71999979019165
1998-11-05 00:00:04+00:00,322.0,6.789999961853027
1998-11-05 00:04:50+00:00,323.0,6.789999961853027
1998-11-05 00:09:52+00:00,330.0,5.849999904632568
1998-11-05 00:14:54+00:00,334.0,6.849999904632568
1998-11-05 00:19:58+00:00,338.0,6.679999828338623
1998-11-05 00:24:59+00:00,339.0,5.590000152587891
1998-11-05 00:30:01+00:00,342.0,6.119999885559082
1998-11-05 00:35:04+00:00,347.0,5.960000038146973
1998-11-05 00:40:06+00:00,344.0,6.429999828338623
1998-11-05 00:45:07+00:00,348.0,6.170000076293945
1998-11-05 00:50:11+00:00,347.0,6.269999980926514
1998-11-05 00:55:12+00:00,348.0,6.260000228881836
1998-11-05 01:00:14+00:00,345.0,6.170000076293945
1998-11-05 01:05:16+00:00,345.0,5.900000095367432
1998-11-05 01:10:19+00:00,348.0,5.789999961853027
1998-11-05 01:15:21+00:00,344.0,6.039999961853027
1998-11-05 01:20:25+00:00,343.0,6.050000190734863
1998-11-05 01:25:24+00:00,345.0,6.150000095367432
1998-11-05 01:30:28+00:00,346.0,5.920000076293945
1998-11-05 01:35:29+00:00,342.0,6.28000020980835
1998-11-05 01:40:33+00:00,342.0,6.389999866485596
1998-11-05 01:45:34+00:00,342.0,6.739999771118164
1998-11-05 01:50:38+00:00,342.0,7.099999904632568
1998-11-05 01:55:38+00:00,338.0,7.579999923706055
1998-11-05 02:00:41+00:00,340.0,7.400000095367432
1998-11-05 02:05:43+00:00,336.0,7.320000171661377
1998-11-05 02:10:44+00:00,340.0,6.789999961853027
1998-11-05 02:15:48+00:00,339.0,6.920000076293945
1998-11-05 02:20:52+00:00,339.0,6.949999809265137
1998-11-05 02:25:52+00:00,341.0,6.659999847412109
1998-11-05 02:30:55+00:00,342.0,6.360000133514404
1998-11-05 02:35:56+00:00,343.0,6.25
1998-11-05 02:40:58+00:00,342.0,6.510000228881836
1998-11-05 02:46:00+00:00,346.0,6.21999979019165
1998-11-05 02:51:05+00:00,347.0,6.179999828338623
1998-11-05 02:56:05+00:00,346.0,6.25
1998-11-05 03:01:06+00:00,344.0,6.639999866485596
1998-11-05 03:06:10+00:00,350.0,6.380000114440918
1998-11-05 03:11:12+00:00,343.0,6.510000228881836
1998-11-05 03:16:13+00:00,342.0,6.849999904632568
1998-11-05 03:21:19+00:00,340.0,7.25
1998-11-05 03:26:19+00:00,346.0,6.699999809265137
1998-11-05 03:31:20+00:00,345.0,6.710000038146973
1998-11-05 03:36:22+00:00,346.0,6.630000114440918
1998-11-05 03:41:25+00:00,345.0,6.920000076293945
1998-11-05 03:46:27+00:00,348.0,6.230000019073486
1998-11-05 03:51:28+00:00,349.0,6.199999809265137
1998-11-05 03:56:32+00:00,351.0,6.269999980926514
1998-11-05 04:01:34+00:00,355.0,6.239999771118164
1998-11-05 04:06:36+00:00,356.0,5.860000133514404
1998-11-05 04:11:39+00:00,351.0,5.960000038146973
1998-11-05 04:16:41+00:00,346.0,6.199999809265137
1998-11-05 04:21:43+00:00,343.0,6.420000076293945
1998-11-05 04:26:46+00:00,346.0,5.929999828338623
1998-11-05 04:31:48+00:00,348.0,5.699999809265137
1998-11-05 04:36:49+00:00,348.0,5.800000190734863
1998-11-05 04:41:51+00:00,345.0,6.230000019073486
1998-11-05 04:46:55+00:00,346.0,5.989999771118164
1998-11-05 04:51:56+00:00,345.0,6.179999828338623
1998-11-05 04:57:00+00:00,347.0,5.940000057220459
1998-11-05 05:02:00+00:00,345.0,6.360000133514404
1998-11-05 05:07:03+00:00,342.0,6.539999961853027
1998-11-05 05:12:05+00:00,348.0,6.510000228881836
1998-11-05 05:17:06+00:00,347.0,6.489999771118164
1998-11-05 05:22:10+00:00,346.0,6.550000190734863
1998-11-05 05:27:14+00:00,350.0,6.320000171661377
1998-11-05 05:32:13+00:00,350.0,6.0
1998-11-05 05:37:17+00:00,350.0,6.239999771118164
1998-11-05 05:42:18+00:00,349.0,6.329999923706055
1998-11-05 05:49:52+00:00,350.0,6.690000057220459
1998-11-05 05:54:53+00:00,348.0,7.179999828338623
1998-11-05 05:59:57+00:00,348.0,6.800000190734863
1998-11-05 06:04:58+00:00,351.0,6.619999885559082
1998-11-05 06:10:00+00:00,353.0,6.559999942779541
1998-11-05 06:15:02+00:00,352.0,6.78000020980835
1998-11-05 06:20:05+00:00,348.0,7.0
1998-11-05 06:25:07+00:00,349.0,6.800000190734863
1998-11-05 06:30:11+00:00,353.0,6.53000020980835
1998-11-05 06:35:10+00:00,352.0,6.809999942779541
1998-11-05 06:40:14+00:00,346.0,8.130000114440918
1998-11-05 06:45:15+00:00,346.0,8.390000343322754
1998-11-05 06:50:17+00:00,350.0,8.380000114440918
1998-11-05 06:55:20+00:00,351.0,8.449999809265137
1998-11-05 07:00:24+00:00,351.0,8.479999542236328
1998-11-05 07:05:24+00:00,353.0,8.529999732971191
1998-11-05 07:10:27+00:00,354.0,9.100000381469727
1998-11-05 07:15:29+00:00,356.0,9.180000305175781
1998-11-05 07:20:30+00:00,355.0,8.510000228881836
1998-11-05 07:25:34+00:00,354.0,8.4399995803833
1998-11-05 07:30:38+00:00,356.0,8.800000190734863
1998-11-05 07:35:38+00:00,355.0,9.569999694824219
1998-11-05 07:40:39+00:00,355.0,9.619999885559082
1998-11-05 07:45:42+00:00,355.0,9.5600004196167
1998-11-05 07:50:44+00:00,356.0,9.430000305175781
1998-11-05 07:55:46+00:00,359.0,9.3100004196167
1998-11-05 08:00:51+00:00,358.0,9.40999984741211
1998-11-05 08:05:51+00:00,357.0,9.59000015258789
1998-11-05 08:10:53+00:00,357.0,9.539999961853027
1998-11-05 08:15:56+00:00,358.0,9.539999961853027
1998-11-05 08:20:58+00:00,356.0,10.270000457763672
1998-11-05 08:25:59+00:00,357.0,10.289999961853027
1998-11-05 08:31:01+00:00,358.0,10.210000038146973
1998-11-05 08:36:05+00:00,359.0,10.40999984741211
1998-11-05 08:41:06+00:00,358.0,11.329999923706055
1998-11-05 08:46:08+00:00,358.0,10.90999984741211
1998-11-05 08:51:11+00:00,359.0,10.970000267028809
1998-11-05 08:56:13+00:00,360.0,10.960000038146973
1998-11-05 09:01:15+00:00,357.0,11.460000038146973
1998-11-05 09:06:18+00:00,358.0,11.819999694824219
1998-11-05 09:11:20+00:00,360.0,11.779999732971191
1998-11-05 09:16:21+00:00,360.0,11.880000114440918
1998-11-05 09:21:23+00:00,360.0,11.75
1998-11-05 09:26:26+00:00,356.0,11.789999961853027
1998-11-05 09:31:28+00:00,360.0,12.140000343322754
1998-11-05 09:36:32+00:00,353.0,11.6899995803833
1998-11-05 09:41:33+00:00,354.0,11.779999732971191
1998-11-05 09:46:35+00:00,352.0,11.5
1998-11-05 09:51:37+00:00,377.0,12.390000343322754
1998-11-05 09:56:40+00:00,382.0,14.479999542236328
1998-11-05 10:01:42+00:00,381.0,14.270000457763672
1998-11-05 10:06:45+00:00,380.0,13.649999618530273
1998-11-05 10:11:45+00:00,381.0,14.09000015258789
1998-11-05 10:16:48+00:00,381.0,13.100000381469727
1998-11-05 10:21:50+00:00,381.0,12.640000343322754
1998-11-05 10:26:52+00:00,378.0,11.890000343322754
1998-11-05 10:31:55+00:00,373.0,9.760000228881836
1998-11-05 10:36:59+00:00,374.0,9.25
1998-11-05 10:41:59+00:00,370.0,9.65999984741211
1998-11-05 10:47:02+00:00,372.0,9.680000305175781
1998-11-05 10:52:04+00:00,371.0,8.640000343322754
1998-11-05 10:57:05+00:00,375.0,8.289999961853027
1998-11-05 11:02:07+00:00,376.0,7.900000095367432
1998-11-05 11:07:13+00:00,383.0,7.619999885559082
1998-11-05 11:12:12+00:00,388.0,7.440000057220459
1998-11-05 11:17:14+00:00,388.0,6.75
1998-11-05 11:22:17+00:00,400.0,6.710000038146973
1998-11-05 11:27:19+00:00,404.0,6.829999923706055
1998-11-05 11:32:21+00:00,401.0,6.96999979019165
1998-11-05 11:37:26+00:00,401.0,7.059999942779541
1998-11-05 11:42:26+00:00,401.0,6.78000020980835
1998-11-05 11:47:27+00:00,400.0,7.019999980926514
1998-11-05 11:52:29+00:00,396.0,7.050000190734863
1998-11-05 11:57:32+00:00,394.0,6.71999979019165
1998-11-05 12:02:34+00:00,400.0,7.0
1998-11-05 12:07:36+00:00,394.0,6.630000114440918
1998-11-05 12:12:40+00:00,401.0,6.269999980926514
1998-11-05 12:17:41+00:00,412.0,5.96999979019165
1998-11-05 12:22:43+00:00,412.0,6.210000038146973
1998-11-05 12:27:46+00:00,409.0,6.050000190734863
1998-11-05 12:32:48+00:00,410.0,6.179999828338623
1998-11-05 12:37:49+00:00,413.0,6.639999866485596
1998-11-05 12:42:53+00:00,412.0,6.809999942779541
1998-11-05 12:47:54+00:00,411.0,6.690000057220459
1998-11-05 12:52:56+00:00,408.0,6.769999980926514
1998-11-05 12:57:58+00:00,404.0,6.429999828338623
1998-11-05 13:03:01+00:00,400.0,6.21999979019165
1998-11-05 13:08:03+00:00,408.0,6.369999885559082
1998-11-05 13:13:07+00:00,414.0,6.389999866485596
1998-11-05 13:18:06+00:00,413.0,6.21999979019165
1998-11-05 13:23:10+00:00,412.0,6.369999885559082
1998-11-05 13:28:11+00:00,411.0,6.699999809265137
1998-11-05 13:33:13+00:00,411.0,6.460000038146973
1998-11-05 13:38:16+00:00,416.0,6.130000114440918
1998-11-05 13:43:20+00:00,418.0,5.670000076293945
1998-11-05 13:48:20+00:00,422.0,5.429999828338623
1998-11-05 13:53:23+00:00,426.0,5.489999771118164
1998-11-05 13:58:25+00:00,429.0,5.800000190734863
1998-11-05 14:03:26+00:00,421.0,6.369999885559082
1998-11-05 14:08:30+00:00,420.0,6.46999979019165
1998-11-05 14:13:34+00:00,424.0,6.170000076293945
1998-11-05 14:18:34+00:00,420.0,6.119999885559082
1998-11-05 14:23:35+00:00,415.0,6.579999923706055
1998-11-05 14:28:38+00:00,416.0,6.619999885559082
1998-11-05 14:33:40+00:00,418.0,6.5
1998-11-05 14:38:42+00:00,416.0,6.539999961853027
1998-11-05 14:43:47+00:00,418.0,6.800000190734863
1998-11-05 14:48:47+00:00,418.0,6.659999847412109
1998-11-05 14:53:48+00:00,416.0,6.619999885559082
1998-11-05 14:58:52+00:00,416.0,6.710000038146973
1998-11-05 15:03:54+00:00,402.0,6.03000020980835
1998-11-05 15:08:55+00:00,412.0,6.929999828338623
1998-11-05 15:13:57+00:00,414.0,6.980000019073486
1998-11-05 15:19:01+00:00,416.0,6.820000171661377
1998-11-05 15:24:02+00:00,416.0,6.519999980926514
1998-11-05 15:29:04+00:00,421.0,5.539999961853027
1998-11-05 15:34:07+00:00,419.0,5.539999961853027
1998-11-05 15:39:09+00:00,417.0,5.739999771118164
1998-11-05 15:44:10+00:00,404.0,6.0
1998-11-05 15:49:14+00:00,416.0,6.829999923706055
1998-11-05 15:54:16+00:00,416.0,6.710000038146973
1998-11-05 15:59:17+00:00,415.0,6.550000190734863
1998-11-05 16:04:21+00:00,415.0,6.570000171661377
1998-11-05 16:09:22+00:00,418.0,6.340000152587891
1998-11-05 16:14:24+00:00,415.0,6.309999942779541
1998-11-05 16:19:28+00:00,418.0,6.230000019073486
1998-11-05 16:24:29+00:00,411.0,5.119999885559082
1998-11-05 16:29:31+00:00,419.0,6.130000114440918
1998-11-05 16:34:32+00:00,420.0,6.139999866485596
1998-11-05 16:39:36+00:00,421.0,6.269999980926514
1998-11-05 16:44:38+00:00,416.0,6.239999771118164
1998-11-05 16:49:41+00:00,414.0,6.300000190734863
1998-11-05 16:54:41+00:00,422.0,6.409999847412109
1998-11-05 16:59:44+00:00,425.0,6.21999979019165
1998-11-05 17:04:46+00:00,429.0,6.03000020980835
1998-11-05 17:09:48+00:00,422.0,6.0
1998-11-05 17:14:51+00:00,417.0,6.130000114440918
1998-11-05 17:19:55+00:00,422.0,5.550000190734863
1998-11-05 17:24:55+00:00,425.0,5.880000114440918
1998-11-05 17:29:58+00:00,425.0,6.050000190734863
1998-11-05 17:35:00+00:00,427.0,5.900000095367432
1998-11-05 17:40:01+00:00,426.0,6.090000152587891
1998-11-05 17:45:03+00:00,423.0,5.920000076293945
1998-11-05 17:50:09+00:00,426.0,6.03000020980835
1998-11-05 17:55:08+00:00,430.0,5.710000038146973
1998-11-05 18:00:10+00:00,435.0,5.369999885559082
1998-11-05 18:05:43+00:00,434.0,4.980000019073486
1998-11-05 18:10:45+00:00,432.0,5.019999980926514
1998-11-05 18:15:46+00:00,436.0,4.510000228881836
1998-11-05 18:20:52+00:00,423.0,4.679999828338623
1998-11-05 18:25:52+00:00,421.0,4.739999771118164
1998-11-05 18:30:53+00:00,424.0,4.809999942779541
1998-11-05 18:35:57+00:00,422.0,5.039999961853027
1998-11-05 18:40:58+00:00,427.0,4.96999979019165
1998-11-05 18:46:15+00:00,431.0,4.829999923706055
1998-11-05 18:51:02+00:00,431.0,4.960000038146973
1998-11-05 18:56:05+00:00,419.0,5.409999847412109
1998-11-05 19:01:07+00:00,426.0,5.269999980926514
1998-11-05 19:06:08+00:00,427.0,4.920000076293945
1998-11-05 19:11:12+00:00,426.0,4.78000020980835
1998-11-05 19:16:14+00:00,421.0,4.679999828338623
1998-11-05 19:21:15+00:00,440.0,4.730000019073486
1998-11-05 19:26:19+00:00,441.0,4.559999942779541
1998-11-05 19:31:20+00:00,423.0,4.760000228881836
1998-11-05 19:36:22+00:00,425.0,4.619999885559082
1998-11-05 19:41:25+00:00,428.0,4.550000190734863
1998-11-05 19:46:27+00:00,431.0,4.510000228881836
1998-11-05 19:51:29+00:00,431.0,4.139999866485596
1998-11-05 19:56:32+00:00,422.0,4.019999980926514
1998-11-05 20:01:34+00:00,434.0,3.950000047683716
1998-11-05 20:06:35+00:00,438.0,3.880000114440918
1998-11-05 20:11:37+00:00,435.0,3.880000114440918
1998-11-05 20:16:41+00:00,429.0,3.690000057220459
1998-11-05 20:21:42+00:00,428.0,3.8299999237060547
1998-11-05 20:26:46+00:00,429.0,3.9800000190734863
1998-11-05 20:31:46+00:00,423.0,3.9700000286102295
1998-11-05 20:36:49+00:00,440.0,3.940000057220459
1998-11-05 20:41:51+00:00,437.0,4.21999979019165
1998-11-05 20:46:52+00:00,431.0,4.289999961853027
1998-11-05 20:51:56+00:00,426.0,4.679999828338623
1998-11-05 20:57:00+00:00,414.0,4.920000076293945
1998-11-05 21:01:59+00:00,411.0,4.829999923706055
1998-11-05 21:07:03+00:00,407.0,4.920000076293945
1998-11-05 21:12:04+00:00,416.0,4.650000095367432
1998-11-05 21:17:06+00:00,441.0,4.420000076293945
1998-11-05 21:22:08+00:00,446.0,4.400000095367432
1998-11-05 21:27:13+00:00,449.0,4.150000095367432
1998-11-05 21:32:13+00:00,415.0,5.179999828338623
1998-11-05 21:37:14+00:00,418.0,4.849999904632568
1998-11-05 21:42:18+00:00,437.0,4.739999771118164
1998-11-05 21:47:19+00:00,400.0,5.28000020980835
1998-11-05 21:52:21+00:00,401.0,5.340000152587891
1998-11-05 21:57:27+00:00,401.0,5.21999979019165
1998-11-05 22:02:27+00:00,398.0,5.369999885559082
1998-11-05 22:07:28+00:00,398.0,5.300000190734863
1998-11-05 22:12:30+00:00,396.0,5.570000171661377
1998-11-05 22:17:33+00:00,402.0,5.269999980926514
1998-11-05 22:22:35+00:00,403.0,4.769999980926514
1998-11-05 22:27:36+00:00,399.0,4.869999885559082
1998-11-05 22:32:40+00:00,396.0,5.579999923706055
1998-11-05 22:37:41+00:00,393.0,6.289999961853027
1998-11-05 22:42:43+00:00,403.0,6.869999885559082
1998-11-05 22:47:47+00:00,405.0,6.519999980926514
1998-11-05 22:52:48+00:00,395.0,6.119999885559082
1998-11-05 22:57:50+00:00,394.0,6.150000095367432
1998-11-05 23:02:54+00:00,395.0,6.150000095367432
1998-11-05 23:07:55+00:00,390.0,6.110000133514404
1998-11-05 23:12:57+00:00,389.0,6.110000133514404
1998-11-05 23:17:58+00:00,389.0,6.010000228881836
1998-11-05 23:23:02+00:00,391.0,6.130000114440918
1998-11-05 23:28:03+00:00,390.0,6.039999961853027
1998-11-05 23:33:07+00:00,391.0,5.730000019073486
1998-11-05 23:38:37+00:00,391.0,5.440000057220459
1998-11-05 23:44:10+00:00,398.0,5.239999771118164
1998-11-05 23:49:12+00:00,386.0,6.539999961853027
1998-11-05 23:54:15+00:00,378.0,6.949999809265137
1998-11-06 00:00:02+00:00,382.0,7.010000228881836
1998-11-06 00:04:51+00:00,399.0,7.210000038146973
1998-11-06 00:09:52+00:00,397.0,7.329999923706055
1998-11-06 00:14:54+00:00,392.0,7.230000019073486
1998-11-06 00:19:55+00:00,390.0,7.409999847412109
1998-11-06 00:24:59+00:00,387.0,7.670000076293945
1998-11-06 00:30:01+00:00,385.0,7.050000190734863
1998-11-06 00:35:04+00:00,389.0,6.929999828338623
1998-11-06 00:40:04+00:00,392.0,7.659999847412109
1998-11-06 00:45:07+00:00,413.0,6.130000114440918
1998-11-06 00:50:09+00:00,384.0,7.460000038146973
1998-11-06 00:55:11+00:00,382.0,7.579999923706055
1998-11-06 01:00:14+00:00,395.0,7.179999828338623
1998-11-06 01:05:18+00:00,406.0,5.230000019073486
1998-11-06 01:10:18+00:00,417.0,4.46999979019165
1998-11-06 01:15:21+00:00,426.0,4.829999923706055
1998-11-06 01:20:23+00:00,438.0,5.050000190734863
1998-11-06 01:25:24+00:00,436.0,5.079999923706055
1998-11-06 01:30:26+00:00,421.0,4.380000114440918
1998-11-06 01:35:32+00:00,405.0,5.400000095367432
1998-11-06 01:40:31+00:00,407.0,5.0
1998-11-06 01:45:35+00:00,419.0,4.900000095367432
1998-11-06 01:50:36+00:00,414.0,4.409999847412109
1998-11-06 01:55:38+00:00,422.0,4.380000114440918
1998-11-06 02:00:39+00:00,425.0,4.429999828338623
1998-11-06 02:05:45+00:00,418.0,4.71999979019165
1998-11-06 02:10:45+00:00,409.0,4.610000133514404
1998-11-06 02:15:46+00:00,409.0,4.639999866485596
1998-11-06 02:20:48+00:00,396.0,5.800000190734863
1998-11-06 02:25:51+00:00,401.0,4.519999980926514
1998-11-06 02:30:53+00:00,398.0,4.329999923706055
1998-11-06 02:35:55+00:00,392.0,4.75
1998-11-06 02:40:58+00:00,389.0,6.199999809265137
1998-11-06 02:46:00+00:00,390.0,5.050000190734863
1998-11-06 02:51:01+00:00,389.0,5.309999942779541
1998-11-06 02:56:05+00:00,396.0,4.949999809265137
1998-11-06 03:01:07+00:00,404.0,4.440000057220459
1998-11-06 03:06:08+00:00,401.0,4.630000114440918
1998-11-06 03:11:12+00:00,390.0,6.070000171661377
1998-11-06 03:16:13+00:00,393.0,5.809999942779541
1998-11-06 03:21:15+00:00,390.0,6.230000019073486
1998-11-06 03:26:17+00:00,390.0,6.070000171661377
1998-11-06 03:31:20+00:00,388.0,6.429999828338623
1998-11-06 03:36:22+00:00,390.0,5.960000038146973
1998-11-06 03:41:26+00:00,390.0,5.519999980926514
1998-11-06 03:46:27+00:00,392.0,5.630000114440918
1998-11-06 03:51:29+00:00,389.0,5.71999979019165
1998-11-06 03:56:30+00:00,388.0,6.159999847412109
1998-11-06 04:01:32+00:00,391.0,6.139999866485596
1998-11-06 04:06:36+00:00,396.0,5.78000020980835
1998-11-06 04:11:40+00:00,394.0,5.820000171661377
1998-11-06 04:16:39+00:00,393.0,5.920000076293945
1998-11-06 04:21:43+00:00,391.0,5.579999923706055
1998-11-06 04:26:44+00:00,390.0,5.889999866485596
1998-11-06 04:31:46+00:00,387.0,5.909999847412109
1998-11-06 04:36:49+00:00,386.0,6.309999942779541
1998-11-06 04:41:53+00:00,386.0,6.119999885559082
1998-11-06 04:46:53+00:00,387.0,6.25
1998-11-06 04:51:54+00:00,394.0,5.579999923706055
1998-11-06 04:56:58+00:00,403.0,4.699999809265137
1998-11-06 05:01:59+00:00,394.0,5.539999961853027
1998-11-06 05:07:01+00:00,389.0,5.96999979019165
1998-11-06 05:12:07+00:00,390.0,5.840000152587891
1998-11-06 05:17:07+00:00,393.0,5.809999942779541
1998-11-06 05:22:08+00:00,397.0,5.28000020980835
1998-11-06 05:27:11+00:00,390.0,5.590000152587891
1998-11-06 05:32:13+00:00,389.0,5.690000057220459
1998-11-06 05:37:15+00:00,387.0,6.110000133514404
1998-11-06 05:42:16+00:00,388.0,6.260000228881836
1998-11-06 05:47:20+00:00,387.0,6.400000095367432
1998-11-06 05:52:21+00:00,386.0,6.46999979019165
1998-11-06 05:57:23+00:00,387.0,6.25
1998-11-06 06:02:27+00:00,386.0,6.230000019073486
1998-11-06 06:07:28+00:00,387.0,6.440000057220459
1998-11-06 06:12:30+00:00,386.0,7.079999923706055
1998-11-06 06:17:34+00:00,387.0,7.03000020980835
1998-11-06 06:22:35+00:00,386.0,7.230000019073486
1998-11-06 06:27:37+00:00,385.0,7.820000171661377
1998-11-06 06:32:38+00:00,383.0,8.0600004196167
1998-11-06 06:37:42+00:00,382.0,7.889999866485596
1998-11-06 06:42:43+00:00,384.0,7.869999885559082
1998-11-06 06:47:47+00:00,384.0,8.029999732971191
1998-11-06 06:52:47+00:00,382.0,7.75
1998-11-06 06:57:50+00:00,382.0,6.980000019073486
1998-11-06 07:02:52+00:00,381.0,7.360000133514404
1998-11-06 07:07:55+00:00,383.0,7.380000114440918
1998-11-06 07:12:57+00:00,382.0,7.269999980926514
1998-11-06 07:18:01+00:00,388.0,7.320000171661377
1998-11-06 07:23:01+00:00,390.0,7.659999847412109
1998-11-06 07:28:04+00:00,390.0,7.269999980926514
1998-11-06 07:33:05+00:00,390.0,6.210000038146973
1998-11-06 07:38:07+00:00,393.0,5.46999979019165
1998-11-06 07:43:11+00:00,395.0,5.110000133514404
1998-11-06 07:48:14+00:00,383.0,7.150000095367432
1998-11-06 07:53:14+00:00,382.0,7.980000019073486
1998-11-06 07:58:17+00:00,386.0,8.130000114440918
1998-11-06 08:03:19+00:00,388.0,7.659999847412109
1998-11-06 08:08:21+00:00,386.0,7.559999942779541
1998-11-06 08:13:22+00:00,384.0,7.670000076293945
1998-11-06 08:18:28+00:00,386.0,7.909999847412109
1998-11-06 08:23:28+00:00,390.0,7.929999828338623
1998-11-06 08:28:29+00:00,396.0,7.619999885559082
1998-11-06 08:33:33+00:00,388.0,7.840000152587891
1998-11-06 08:38:34+00:00,382.0,7.679999828338623
1998-11-06 08:43:36+00:00,381.0,8.079999923706055
1998-11-06 08:48:41+00:00,378.0,8.180000305175781
1998-11-06 08:54:11+00:00,377.0,7.909999847412109
1998-11-06 08:59:13+00:00,385.0,8.039999961853027
1998-11-06 09:04:46+00:00,387.0,8.149999618530273
1998-11-06 09:09:48+00:00,388.0,8.640000343322754
1998-11-06 09:14:49+00:00,386.0,8.399999618530273
1998-11-06 09:19:55+00:00,380.0,8.529999732971191
1998-11-06 09:24:55+00:00,380.0,8.329999923706055
1998-11-06 09:29:56+00:00,380.0,8.380000114440918
1998-11-06 09:35:00+00:00,380.0,8.319999694824219
1998-11-06 09:40:31+00:00,381.0,8.539999961853027
1998-11-06 09:45:33+00:00,383.0,8.329999923706055
1998-11-06 09:50:38+00:00,383.0,9.369999885559082
1998-11-06 09:55:38+00:00,387.0,9.260000228881836
1998-11-06 10:00:40+00:00,393.0,9.369999885559082
1998-11-06 10:05:43+00:00,384.0,8.970000267028809
1998-11-06 10:10:45+00:00,375.0,8.510000228881836
1998-11-06 10:15:46+00:00,376.0,8.260000228881836
1998-11-06 10:20:48+00:00,377.0,8.229999542236328
1998-11-06 10:25:52+00:00,378.0,8.140000343322754
1998-11-06 10:30:53+00:00,382.0,8.039999961853027
1998-11-06 10:35:55+00:00,376.0,8.220000267028809
1998-11-06 10:40:58+00:00,388.0,7.940000057220459
1998-11-06 10:46:00+00:00,388.0,8.25
1998-11-06 10:51:02+00:00,378.0,8.119999885559082
1998-11-06 10:56:05+00:00,384.0,7.980000019073486
1998-11-06 11:01:07+00:00,386.0,7.940000057220459
1998-11-06 11:06:08+00:00,394.0,8.210000038146973
1998-11-06 11:11:10+00:00,394.0,8.399999618530273
1998-11-06 11:16:14+00:00,398.0,8.239999771118164
1998-11-06 11:21:15+00:00,393.0,8.220000267028809
1998-11-06 11:26:19+00:00,383.0,7.489999771118164
1998-11-06 11:31:20+00:00,383.0,7.519999980926514
1998-11-06 11:36:22+00:00,381.0,7.369999885559082
1998-11-06 11:41:24+00:00,382.0,7.25
1998-11-06 11:46:27+00:00,384.0,7.619999885559082
1998-11-06 11:51:29+00:00,386.0,7.840000152587891
1998-11-06 11:56:33+00:00,384.0,7.190000057220459
1998-11-06 12:01:32+00:00,383.0,7.340000152587891
1998-11-06 12:06:36+00:00,383.0,7.050000190734863
1998-11-06 12:11:37+00:00,384.0,7.179999828338623
1998-11-06 12:16:39+00:00,384.0,6.929999828338623
1998-11-06 12:21:42+00:00,385.0,7.420000076293945
1998-11-06 12:26:46+00:00,384.0,7.409999847412109
1998-11-06 12:31:46+00:00,384.0,7.429999828338623
1998-11-06 12:36:49+00:00,385.0,7.400000095367432
1998-11-06 12:41:51+00:00,384.0,7.110000133514404
1998-11-06 12:46:52+00:00,385.0,6.670000076293945
1998-11-06 12:55:26+00:00,392.0,6.340000152587891
1998-11-06 13:00:30+00:00,391.0,6.300000190734863
1998-11-06 13:05:31+00:00,390.0,5.880000114440918
1998-11-06 13:10:33+00:00,391.0,5.880000114440918
1998-11-06 13:15:34+00:00,395.0,5.980000019073486
1998-11-06 13:20:38+00:00,398.0,5.739999771118164
1998-11-06 13:25:39+00:00,405.0,5.78000020980835
1998-11-06 13:30:43+00:00,425.0,6.159999847412109
1998-11-06 13:35:43+00:00,422.0,6.150000095367432
1998-11-06 13:40:46+00:00,416.0,6.0
1998-11-06 13:45:48+00:00,405.0,5.960000038146973
1998-11-06 13:50:51+00:00,411.0,5.75
1998-11-06 13:55:53+00:00,414.0,5.519999980926514
1998-11-06 14:00:57+00:00,410.0,5.440000057220459
1998-11-06 14:05:56+00:00,407.0,5.699999809265137
1998-11-06 14:11:00+00:00,414.0,5.880000114440918
1998-11-06 14:16:01+00:00,419.0,5.800000190734863
1998-11-06 14:21:03+00:00,414.0,5.510000228881836
1998-11-06 14:26:06+00:00,398.0,6.550000190734863
1998-11-06 14:31:10+00:00,400.0,6.71999979019165
1998-11-06 14:36:10+00:00,386.0,6.25
1998-11-06 14:41:11+00:00,384.0,6.099999904632568
1998-11-06 14:46:15+00:00,386.0,6.130000114440918
1998-11-06 14:51:17+00:00,388.0,6.389999866485596
1998-11-06 14:56:18+00:00,388.0,6.159999847412109
1998-11-06 15:01:24+00:00,389.0,5.929999828338623
1998-11-06 15:06:24+00:00,391.0,6.320000171661377
1998-11-06 15:11:25+00:00,390.0,6.059999942779541
1998-11-06 15:16:28+00:00,391.0,5.71999979019165
1998-11-06 15:21:30+00:00,399.0,5.789999961853027
1998-11-06 15:26:32+00:00,402.0,5.829999923706055
1998-11-06 15:31:37+00:00,388.0,6.619999885559082
1998-11-06 15:36:37+00:00,389.0,6.840000152587891
1998-11-06 15:41:39+00:00,396.0,5.820000171661377
1998-11-06 15:46:40+00:00,397.0,5.579999923706055
1998-11-06 15:51:44+00:00,396.0,6.179999828338623
1998-11-06 15:56:45+00:00,406.0,6.099999904632568
1998-11-06 16:01:47+00:00,408.0,6.449999809265137
1998-11-06 16:07:21+00:00,406.0,6.449999809265137
1998-11-06 16:12:52+00:00,398.0,6.150000095367432
1998-11-06 16:17:54+00:00,394.0,6.53000020980835
1998-11-06 16:22:57+00:00,397.0,6.75
1998-11-06 16:27:59+00:00,403.0,6.989999771118164
1998-11-06 16:33:00+00:00,408.0,6.840000152587891
1998-11-06 16:38:04+00:00,401.0,6.940000057220459
1998-11-06 16:43:06+00:00,406.0,6.75
1998-11-06 16:48:07+00:00,400.0,6.650000095367432
1998-11-06 16:53:11+00:00,396.0,6.559999942779541
1998-11-06 16:58:12+00:00,399.0,6.800000190734863
1998-11-06 17:03:14+00:00,397.0,7.199999809265137
1998-11-06 17:08:18+00:00,398.0,7.059999942779541
1998-11-06 17:13:19+00:00,386.0,6.829999923706055
1998-11-06 17:18:21+00:00,386.0,6.539999961853027
1998-11-06 17:23:22+00:00,390.0,6.96999979019165
1998-11-06 17:28:26+00:00,404.0,6.889999866485596
1998-11-06 17:33:28+00:00,402.0,7.059999942779541
1998-11-06 17:38:31+00:00,411.0,7.579999923706055
1998-11-06 17:43:31+00:00,415.0,7.159999847412109
1998-11-06 17:48:34+00:00,405.0,7.71999979019165
1998-11-06 17:53:36+00:00,398.0,7.449999809265137
1998-11-06 17:58:38+00:00,404.0,7.090000152587891
1998-11-06 18:04:11+00:00,411.0,7.369999885559082
1998-11-06 18:09:15+00:00,406.0,7.289999961853027
1998-11-06 18:14:15+00:00,406.0,7.079999923706055
1998-11-06 18:19:18+00:00,417.0,7.71999979019165
1998-11-06 18:24:20+00:00,411.0,6.889999866485596
1998-11-06 18:29:21+00:00,420.0,6.489999771118164
1998-11-06 18:34:25+00:00,428.0,6.489999771118164
1998-11-06 18:39:29+00:00,419.0,6.679999828338623
1998-11-06 18:44:28+00:00,414.0,6.519999980926514
1998-11-06 18:49:32+00:00,407.0,6.579999923706055
1998-11-06 18:54:33+00:00,409.0,6.889999866485596
1998-11-06 18:59:35+00:00,423.0,6.639999866485596
1998-11-06 19:04:38+00:00,403.0,6.679999828338623
1998-11-06 19:09:42+00:00,398.0,7.0
1998-11-06 19:14:42+00:00,401.0,6.789999961853027
1998-11-06 19:19:43+00:00,398.0,6.949999809265137
1998-11-06 19:24:47+00:00,398.0,6.880000114440918
1998-11-06 19:29:48+00:00,395.0,7.03000020980835
1998-11-06 19:34:50+00:00,397.0,6.900000095367432
1998-11-06 19:39:56+00:00,395.0,6.900000095367432
1998-11-06 19:44:55+00:00,397.0,6.960000038146973
1998-11-06 19:49:57+00:00,392.0,7.230000019073486
1998-11-06 19:54:58+00:00,391.0,7.159999847412109
1998-11-06 20:00:32+00:00,390.0,6.820000171661377
1998-11-06 20:05:34+00:00,389.0,7.079999923706055
1998-11-06 20:11:09+00:00,386.0,7.619999885559082
1998-11-06 20:16:09+00:00,383.0,8.119999885559082
1998-11-06 20:23:42+00:00,384.0,7.309999942779541
1998-11-06 20:28:44+00:00,388.0,7.659999847412109
1998-11-06 20:33:45+00:00,387.0,7.099999904632568
1998-11-06 20:38:49+00:00,384.0,6.550000190734863
1998-11-06 20:43:53+00:00,385.0,6.329999923706055
1998-11-06 20:48:52+00:00,387.0,6.400000095367432
1998-11-06 20:54:26+00:00,387.0,5.980000019073486
1998-11-06 20:59:27+00:00,386.0,5.809999942779541
1998-11-06 21:04:29+00:00,389.0,5.920000076293945
1998-11-06 21:09:32+00:00,393.0,6.71999979019165
1998-11-06 21:14:36+00:00,392.0,6.75
1998-11-06 21:19:36+00:00,387.0,6.860000133514404
1998-11-06 21:24:39+00:00,390.0,7.289999961853027
1998-11-06 21:29:41+00:00,394.0,7.400000095367432
1998-11-06 21:34:42+00:00,392.0,7.420000076293945
1998-11-06 21:39:44+00:00,392.0,7.820000171661377
1998-11-06 21:44:50+00:00,393.0,8.029999732971191
1998-11-06 21:49:49+00:00,393.0,8.130000114440918
1998-11-06 21:54:51+00:00,389.0,8.1899995803833
1998-11-06 21:59:54+00:00,394.0,8.3100004196167
1998-11-06 22:04:56+00:00,394.0,8.84000015258789
1998-11-06 22:09:58+00:00,394.0,8.84000015258789
1998-11-06 22:15:03+00:00,393.0,8.720000267028809
1998-11-06 22:20:03+00:00,393.0,9.170000076293945
1998-11-06 22:25:04+00:00,394.0,9.170000076293945
1998-11-06 22:30:06+00:00,395.0,8.880000114440918
1998-11-06 22:35:10+00:00,390.0,8.399999618530273
1998-11-06 22:40:11+00:00,389.0,7.329999923706055
1998-11-06 22:45:13+00:00,400.0,6.380000114440918
1998-11-06 22:50:17+00:00,401.0,5.610000133514404
1998-11-06 22:55:18+00:00,396.0,6.880000114440918
1998-11-06 23:00:20+00:00,394.0,7.210000038146973
1998-11-06 23:05:21+00:00,395.0,7.599999904632568
1998-11-06 23:10:25+00:00,394.0,7.079999923706055
1998-11-06 23:15:26+00:00,394.0,6.920000076293945
1998-11-06 23:20:30+00:00,392.0,6.210000038146973
1998-11-06 23:25:32+00:00,394.0,5.860000133514404
1998-11-06 23:30:33+00:00,394.0,6.139999866485596
1998-11-06 23:35:35+00:00,396.0,6.170000076293945
1998-11-06 23:40:38+00:00,396.0,6.210000038146973
1998-11-06 23:45:40+00:00,394.0,6.679999828338623
1998-11-06 23:50:44+00:00,397.0,6.949999809265137
1998-11-06 23:55:44+00:00,398.0,7.03000020980835
1998-11-07 00:00:02+00:00,389.0,5.829999923706055
1998-11-07 00:04:48+00:00,386.0,5.679999828338623
1998-11-07 00:09:50+00:00,387.0,5.710000038146973
1998-11-07 00:14:52+00:00,386.0,5.789999961853027
1998-11-07 00:19:57+00:00,384.0,6.179999828338623
1998-11-07 00:24:57+00:00,385.0,5.210000038146973
1998-11-07 00:29:58+00:00,385.0,5.760000228881836
1998-11-07 00:35:02+00:00,383.0,5.630000114440918
1998-11-07 00:40:04+00:00,387.0,6.670000076293945
1998-11-07 00:45:05+00:00,389.0,6.570000171661377
1998-11-07 00:50:11+00:00,392.0,6.5
1998-11-07 00:55:11+00:00,391.0,6.460000038146973
1998-11-07 01:00:12+00:00,387.0,6.889999866485596
1998-11-07 01:05:14+00:00,391.0,6.630000114440918
1998-11-07 01:10:17+00:00,393.0,6.96999979019165
1998-11-07 01:15:19+00:00,390.0,7.070000171661377
1998-11-07 01:20:21+00:00,387.0,6.610000133514404
1998-11-07 01:25:24+00:00,386.0,6.400000095367432
1998-11-07 01:30:26+00:00,391.0,6.739999771118164
1998-11-07 01:35:27+00:00,391.0,7.269999980926514
1998-11-07 01:40:29+00:00,386.0,7.090000152587891
1998-11-07 01:45:32+00:00,387.0,6.989999771118164
1998-11-07 01:50:34+00:00,388.0,6.949999809265137
1998-11-07 01:55:38+00:00,390.0,6.860000133514404
1998-11-07 02:00:39+00:00,389.0,6.599999904632568
1998-11-07 02:05:41+00:00,390.0,6.010000228881836
1998-11-07 02:10:43+00:00,392.0,6.170000076293945
1998-11-07 02:15:46+00:00,393.0,6.289999961853027
1998-11-07 02:20:48+00:00,399.0,6.429999828338623
1998-11-07 02:25:51+00:00,419.0,5.260000228881836
1998-11-07 02:30:51+00:00,420.0,4.949999809265137
1998-11-07 02:35:54+00:00,418.0,4.989999771118164
1998-11-07 02:40:56+00:00,412.0,5.28000020980835
1998-11-07 02:45:58+00:00,400.0,6.210000038146973
1998-11-07 02:51:01+00:00,404.0,6.769999980926514
1998-11-07 02:56:05+00:00,407.0,6.550000190734863
1998-11-07 03:01:05+00:00,395.0,6.539999961853027
1998-11-07 03:06:08+00:00,391.0,7.150000095367432
1998-11-07 03:11:10+00:00,395.0,6.730000019073486
1998-11-07 03:16:11+00:00,392.0,6.050000190734863
1998-11-07 03:21:13+00:00,392.0,5.840000152587891
1998-11-07 03:26:19+00:00,390.0,5.96999979019165
1998-11-07 03:31:18+00:00,389.0,5.639999866485596
1998-11-07 03:36:20+00:00,392.0,5.860000133514404
1998-11-07 03:41:23+00:00,392.0,5.75
1998-11-07 03:46:25+00:00,389.0,5.690000057220459
1998-11-07 03:51:26+00:00,410.0,5.489999771118164
1998-11-07 03:56:32+00:00,401.0,5.380000114440918
1998-11-07 04:01:32+00:00,411.0,5.420000076293945
1998-11-07 04:06:34+00:00,399.0,5.670000076293945
1998-11-07 04:11:37+00:00,391.0,5.679999828338623
1998-11-07 04:16:39+00:00,391.0,5.579999923706055
1998-11-07 04:21:41+00:00,391.0,5.679999828338623
1998-11-07 04:26:42+00:00,394.0,5.829999923706055
1998-11-07 04:31:46+00:00,397.0,5.78000020980835
1998-11-07 04:36:47+00:00,390.0,6.079999923706055
1998-11-07 04:41:49+00:00,389.0,6.130000114440918
1998-11-07 04:46:53+00:00,389.0,5.840000152587891
1998-11-07 04:51:54+00:00,390.0,5.699999809265137
1998-11-07 04:56:56+00:00,391.0,5.570000171661377
1998-11-07 05:02:00+00:00,392.0,5.119999885559082
1998-11-07 05:07:01+00:00,395.0,5.210000038146973
1998-11-07 05:12:03+00:00,393.0,5.590000152587891
1998-11-07 05:17:04+00:00,392.0,5.550000190734863
1998-11-07 05:22:08+00:00,390.0,5.480000019073486
1998-11-07 05:27:09+00:00,388.0,5.420000076293945
1998-11-07 05:32:13+00:00,391.0,5.550000190734863
1998-11-07 05:37:13+00:00,390.0,5.550000190734863
1998-11-07 05:42:16+00:00,391.0,5.590000152587891
1998-11-07 05:47:18+00:00,394.0,5.519999980926514
1998-11-07 05:52:20+00:00,400.0,4.840000152587891
1998-11-07 05:57:23+00:00,398.0,4.949999809265137
1998-11-07 06:02:27+00:00,391.0,5.440000057220459
1998-11-07 06:07:27+00:00,393.0,5.71999979019165
1998-11-07 06:12:30+00:00,392.0,5.820000171661377
1998-11-07 06:17:31+00:00,389.0,5.420000076293945
1998-11-07 06:22:33+00:00,391.0,5.429999828338623
1998-11-07 06:27:37+00:00,392.0,5.789999961853027
1998-11-07 06:32:40+00:00,391.0,5.75
1998-11-07 06:37:40+00:00,397.0,6.050000190734863
1998-11-07 06:42:42+00:00,397.0,5.989999771118164
1998-11-07 06:47:45+00:00,403.0,5.980000019073486
1998-11-07 06:52:47+00:00,404.0,5.440000057220459
1998-11-07 06:57:48+00:00,404.0,5.199999809265137
1998-11-07 07:02:54+00:00,392.0,5.440000057220459
1998-11-07 07:07:54+00:00,393.0,5.429999828338623
1998-11-07 07:12:55+00:00,399.0,5.309999942779541
1998-11-07 07:17:59+00:00,402.0,6.46999979019165
1998-11-07 07:23:00+00:00,402.0,6.440000057220459
1998-11-07 07:28:02+00:00,399.0,6.289999961853027
1998-11-07 07:33:04+00:00,449.0,7.179999828338623
1998-11-07 07:38:07+00:00,464.0,9.329999923706055
1998-11-07 07:43:09+00:00,462.0,9.680000305175781
1998-11-07 07:48:10+00:00,477.0,8.529999732971191
1998-11-07 07:53:14+00:00,485.0,8.119999885559082
1998-11-07 07:58:15+00:00,489.0,8.569999694824219
1998-11-07 08:03:17+00:00,489.0,7.900000095367432
1998-11-07 08:08:21+00:00,488.0,7.809999942779541
1998-11-07 08:13:22+00:00,491.0,8.529999732971191
1998-11-07 08:18:24+00:00,493.0,8.34000015258789
1998-11-07 08:23:26+00:00,506.0,7.460000038146973
1998-11-07 08:28:29+00:00,494.0,8.09000015258789
1998-11-07 08:33:31+00:00,496.0,8.479999542236328
1998-11-07 08:38:34+00:00,506.0,7.019999980926514
1998-11-07 08:43:34+00:00,494.0,6.980000019073486
1998-11-07 08:48:37+00:00,504.0,8.180000305175781
1998-11-07 08:53:39+00:00,512.0,7.5
1998-11-07 08:58:43+00:00,520.0,8.789999961853027
1998-11-07 09:03:44+00:00,523.0,9.100000381469727
1998-11-07 09:08:48+00:00,523.0,9.279999732971191
1998-11-07 09:13:48+00:00,521.0,9.359999656677246
1998-11-07 09:18:51+00:00,526.0,9.510000228881836
1998-11-07 09:23:53+00:00,520.0,9.819999694824219
1998-11-07 09:28:54+00:00,522.0,10.09000015258789
1998-11-07 09:33:58+00:00,524.0,10.170000076293945
1998-11-07 09:39:02+00:00,519.0,10.079999923706055
1998-11-07 09:44:01+00:00,535.0,9.90999984741211
1998-11-07 09:49:05+00:00,529.0,11.279999732971191
1998-11-07 09:54:06+00:00,531.0,11.699999809265137
1998-11-07 09:59:08+00:00,534.0,11.59000015258789
1998-11-07 10:04:09+00:00,540.0,11.699999809265137
1998-11-07 10:09:15+00:00,546.0,11.619999885559082
1998-11-07 10:14:15+00:00,555.0,11.770000457763672
1998-11-07 10:19:16+00:00,558.0,11.8100004196167
1998-11-07 10:24:20+00:00,555.0,12.210000038146973
1998-11-07 10:29:21+00:00,545.0,11.739999771118164
1998-11-07 10:34:23+00:00,538.0,12.199999809265137
1998-11-07 10:39:25+00:00,541.0,11.880000114440918
1998-11-07 10:44:28+00:00,541.0,11.850000381469727
1998-11-07 10:49:30+00:00,534.0,11.619999885559082
1998-11-07 10:54:31+00:00,540.0,12.15999984741211
1998-11-07 10:59:35+00:00,538.0,11.569999694824219
1998-11-07 11:04:37+00:00,538.0,10.989999771118164
1998-11-07 11:09:38+00:00,540.0,11.529999732971191
1998-11-07 11:14:42+00:00,537.0,11.649999618530273
1998-11-07 11:19:43+00:00,541.0,11.34000015258789
1998-11-07 11:24:45+00:00,538.0,11.220000267028809
1998-11-07 11:29:47+00:00,543.0,11.380000114440918
1998-11-07 11:34:50+00:00,540.0,11.270000457763672
1998-11-07 11:39:52+00:00,538.0,11.15999984741211
1998-11-07 11:44:56+00:00,536.0,10.350000381469727
1998-11-07 11:49:57+00:00,537.0,10.380000114440918
1998-11-07 11:54:59+00:00,540.0,10.039999961853027
1998-11-07 12:00:00+00:00,539.0,10.119999885559082
1998-11-07 12:05:04+00:00,550.0,9.529999732971191
1998-11-07 12:10:05+00:00,549.0,9.779999732971191
1998-11-07 12:15:09+00:00,552.0,9.510000228881836
1998-11-07 12:20:09+00:00,550.0,9.770000457763672
1998-11-07 12:25:12+00:00,549.0,9.350000381469727
1998-11-07 12:30:14+00:00,550.0,9.25
1998-11-07 12:35:15+00:00,549.0,9.15999984741211
1998-11-07 12:40:19+00:00,540.0,9.119999885559082
1998-11-07 12:45:23+00:00,532.0,10.420000076293945
1998-11-07 12:50:22+00:00,531.0,10.59000015258789
1998-11-07 12:55:26+00:00,532.0,10.510000228881836
1998-11-07 13:00:27+00:00,530.0,11.100000381469727
1998-11-07 13:05:29+00:00,529.0,11.1899995803833
1998-11-07 13:10:31+00:00,529.0,11.8100004196167
1998-11-07 13:15:36+00:00,540.0,10.930000305175781
1998-11-07 13:20:36+00:00,535.0,11.65999984741211
1998-11-07 13:25:37+00:00,528.0,12.119999885559082
1998-11-07 13:30:41+00:00,527.0,11.8100004196167
1998-11-07 13:35:43+00:00,531.0,12.109999656677246
1998-11-07 13:40:44+00:00,530.0,12.140000343322754
1998-11-07 13:45:50+00:00,530.0,11.789999961853027
1998-11-07 13:50:50+00:00,529.0,11.680000305175781
1998-11-07 13:55:51+00:00,530.0,11.770000457763672
1998-11-07 14:00:53+00:00,526.0,12.0
1998-11-07 14:05:56+00:00,526.0,12.069999694824219
1998-11-07 14:10:58+00:00,525.0,12.029999732971191
1998-11-07 14:15:59+00:00,524.0,11.899999618530273
1998-11-07 14:21:03+00:00,523.0,11.930000305175781
1998-11-07 14:26:05+00:00,514.0,12.539999961853027
1998-11-07 14:31:06+00:00,520.0,11.649999618530273
1998-11-07 14:36:10+00:00,514.0,11.90999984741211
1998-11-07 14:41:11+00:00,511.0,11.680000305175781
1998-11-07 14:46:13+00:00,515.0,10.640000343322754
1998-11-07 14:51:17+00:00,509.0,11.8100004196167
1998-11-07 14:56:18+00:00,515.0,12.550000190734863
1998-11-07 15:01:20+00:00,514.0,12.140000343322754
1998-11-07 15:06:21+00:00,530.0,11.180000305175781
1998-11-07 15:11:25+00:00,526.0,10.390000343322754
1998-11-07 15:16:27+00:00,523.0,10.369999885559082
1998-11-07 15:21:30+00:00,528.0,10.220000267028809
1998-11-07 15:26:30+00:00,526.0,10.0600004196167
1998-11-07 15:31:33+00:00,525.0,10.119999885559082
1998-11-07 15:36:35+00:00,498.0,10.550000190734863
1998-11-07 15:41:37+00:00,505.0,10.100000381469727
1998-11-07 15:46:40+00:00,508.0,10.380000114440918
1998-11-07 15:51:44+00:00,508.0,10.800000190734863
1998-11-07 15:56:44+00:00,517.0,9.460000038146973
1998-11-07 16:01:47+00:00,517.0,9.539999961853027
1998-11-07 16:06:49+00:00,513.0,9.460000038146973
1998-11-07 16:11:50+00:00,519.0,9.390000343322754
1998-11-07 16:16:54+00:00,513.0,9.40999984741211
1998-11-07 16:21:58+00:00,512.0,9.5600004196167
1998-11-07 16:26:57+00:00,510.0,9.65999984741211
1998-11-07 16:31:59+00:00,517.0,9.430000305175781
1998-11-07 16:37:02+00:00,504.0,9.880000114440918
1998-11-07 16:42:04+00:00,506.0,10.029999732971191
1998-11-07 16:47:05+00:00,506.0,9.960000038146973
1998-11-07 16:52:11+00:00,501.0,9.880000114440918
1998-11-07 16:57:11+00:00,502.0,10.289999961853027
1998-11-07 17:02:12+00:00,505.0,10.130000114440918
1998-11-07 17:07:16+00:00,503.0,10.350000381469727
1998-11-07 17:12:47+00:00,505.0,10.09000015258789
1998-11-07 17:17:49+00:00,501.0,10.180000305175781
1998-11-07 17:22:55+00:00,502.0,10.050000190734863
1998-11-07 17:27:54+00:00,507.0,10.0
1998-11-07 17:32:56+00:00,503.0,10.350000381469727
1998-11-07 17:37:57+00:00,510.0,10.0
1998-11-07 17:43:01+00:00,523.0,10.050000190734863
1998-11-07 17:48:03+00:00,516.0,10.220000267028809
1998-11-07 17:53:04+00:00,524.0,10.319999694824219
1998-11-07 17:58:08+00:00,524.0,10.100000381469727
1998-11-07 18:03:09+00:00,523.0,9.800000190734863
1998-11-07 18:08:11+00:00,528.0,9.369999885559082
1998-11-07 18:13:15+00:00,531.0,9.649999618530273
1998-11-07 18:18:16+00:00,509.0,10.979999542236328
1998-11-07 18:23:18+00:00,499.0,11.15999984741211
1998-11-07 18:28:22+00:00,496.0,10.640000343322754
1998-11-07 18:33:23+00:00,491.0,10.899999618530273
1998-11-07 18:38:25+00:00,488.0,9.8100004196167
1998-11-07 18:43:26+00:00,496.0,10.579999923706055
1998-11-07 18:48:30+00:00,479.0,10.239999771118164
1998-11-07 18:53:31+00:00,481.0,10.199999809265137
1998-11-07 18:58:35+00:00,476.0,10.25
1998-11-07 19:03:35+00:00,473.0,9.779999732971191
1998-11-07 19:08:38+00:00,471.0,10.170000076293945
1998-11-07 19:13:40+00:00,498.0,10.789999961853027
1998-11-07 19:18:41+00:00,495.0,11.739999771118164
1998-11-07 19:23:45+00:00,492.0,11.460000038146973
1998-11-07 19:28:49+00:00,493.0,11.289999961853027
1998-11-07 19:33:48+00:00,490.0,10.960000038146973
1998-11-07 19:38:52+00:00,489.0,10.729999542236328
1998-11-07 19:43:53+00:00,489.0,10.859999656677246
1998-11-07 19:48:55+00:00,490.0,10.960000038146973
1998-11-07 19:53:57+00:00,491.0,11.029999732971191
1998-11-07 19:59:02+00:00,488.0,10.670000076293945
1998-11-07 20:04:02+00:00,487.0,10.350000381469727
1998-11-07 20:09:03+00:00,485.0,10.279999732971191
1998-11-07 20:14:07+00:00,484.0,10.229999542236328
1998-11-07 20:19:09+00:00,485.0,10.229999542236328
1998-11-07 20:24:10+00:00,483.0,10.130000114440918
1998-11-07 20:29:16+00:00,482.0,10.119999885559082
1998-11-07 20:34:16+00:00,480.0,9.960000038146973
1998-11-07 20:39:17+00:00,486.0,10.399999618530273
1998-11-07 20:44:19+00:00,491.0,10.989999771118164
1998-11-07 20:49:22+00:00,486.0,10.4399995803833
1998-11-07 20:54:24+00:00,489.0,10.9399995803833
1998-11-07 20:59:25+00:00,493.0,11.40999984741211
1998-11-07 21:04:29+00:00,496.0,11.930000305175781
1998-11-07 21:09:30+00:00,497.0,12.079999923706055
1998-11-07 21:14:32+00:00,497.0,12.760000228881836
1998-11-07 21:19:36+00:00,497.0,12.319999694824219
1998-11-07 21:24:37+00:00,497.0,12.239999771118164
1998-11-07 21:29:39+00:00,493.0,13.720000267028809
1998-11-07 21:34:43+00:00,492.0,15.399999618530273
1998-11-07 21:39:44+00:00,492.0,12.5
1998-11-07 21:44:46+00:00,493.0,16.25
1998-11-07 21:49:47+00:00,491.0,13.880000114440918
1998-11-07 21:54:51+00:00,487.0,9.5
1998-11-07 21:59:52+00:00,486.0,10.210000038146973
1998-11-07 22:04:56+00:00,488.0,10.510000228881836
1998-11-07 22:09:56+00:00,494.0,9.180000305175781
1998-11-07 22:14:59+00:00,501.0,9.529999732971191
1998-11-07 22:20:01+00:00,501.0,9.130000114440918
1998-11-07 22:25:03+00:00,501.0,8.9399995803833
1998-11-07 22:30:06+00:00,501.0,7.210000038146973
1998-11-07 22:35:10+00:00,484.0,9.770000457763672
1998-11-07 22:40:10+00:00,496.0,7.099999904632568
1998-11-07 22:45:13+00:00,500.0,5.590000152587891
1998-11-07 22:50:14+00:00,493.0,5.699999809265137
1998-11-07 22:55:16+00:00,496.0,7.380000114440918
1998-11-07 23:00:20+00:00,501.0,8.170000076293945
1998-11-07 23:05:23+00:00,499.0,6.420000076293945
1998-11-07 23:10:23+00:00,497.0,5.960000038146973
1998-11-07 23:15:25+00:00,498.0,5.849999904632568
1998-11-07 23:20:28+00:00,503.0,6.110000133514404
1998-11-07 23:25:30+00:00,508.0,5.960000038146973
1998-11-07 23:30:31+00:00,496.0,4.0
1998-11-07 23:35:37+00:00,497.0,4.210000038146973
1998-11-07 23:40:37+00:00,507.0,4.670000076293945
1998-11-07 23:45:38+00:00,501.0,3.869999885559082
1998-11-07 23:50:42+00:00,506.0,4.820000171661377
1998-11-07 23:55:43+00:00,503.0,4.420000076293945
1998-11-08 00:00:15+00:00,481.0,4.0
1998-11-08 00:05:46+00:00,486.0,3.859999895095825
1998-11-08 00:10:50+00:00,486.0,3.299999952316284
1998-11-08 00:15:52+00:00,508.0,4.610000133514404
1998-11-08 00:20:53+00:00,499.0,3.809999942779541
1998-11-08 00:25:57+00:00,508.0,4.650000095367432
1998-11-08 00:30:58+00:00,511.0,5.110000133514404
1998-11-08 00:36:00+00:00,512.0,5.269999980926514
1998-11-08 00:41:04+00:00,511.0,4.989999771118164
1998-11-08 00:46:05+00:00,511.0,4.949999809265137
1998-11-08 00:51:07+00:00,510.0,4.570000171661377
1998-11-08 00:56:09+00:00,500.0,3.4700000286102295
1998-11-08 01:01:12+00:00,493.0,2.299999952316284
1998-11-08 01:06:14+00:00,482.0,2.1600000858306885
1998-11-08 01:11:17+00:00,479.0,2.0999999046325684
1998-11-08 01:16:17+00:00,464.0,1.6200000047683716
1998-11-08 01:21:20+00:00,452.0,1.8799999952316284
1998-11-08 01:26:22+00:00,452.0,1.8300000429153442
1998-11-08 01:31:24+00:00,456.0,1.5199999809265137
1998-11-08 01:36:27+00:00,452.0,1.75
1998-11-08 01:41:31+00:00,415.0,2.3499999046325684
1998-11-08 01:46:31+00:00,450.0,1.6299999952316284
1998-11-08 01:51:34+00:00,452.0,1.8600000143051147
1998-11-08 01:56:36+00:00,449.0,1.7599999904632568
1998-11-08 02:01:37+00:00,457.0,1.7100000381469727
1998-11-08 02:06:41+00:00,456.0,1.7699999809265137
1998-11-08 02:11:45+00:00,458.0,1.9299999475479126
1998-11-08 02:16:44+00:00,455.0,2.0199999809265137
1998-11-08 02:21:46+00:00,455.0,2.1600000858306885
1998-11-08 02:26:49+00:00,449.0,1.9600000381469727
1998-11-08 02:31:51+00:00,470.0,2.069999933242798
1998-11-08 02:36:53+00:00,450.0,2.880000114440918
1998-11-08 02:41:58+00:00,427.0,3.430000066757202
1998-11-08 02:46:58+00:00,426.0,3.819999933242798
1998-11-08 02:51:59+00:00,416.0,3.8499999046325684
1998-11-08 02:57:03+00:00,421.0,3.799999952316284
1998-11-08 03:02:04+00:00,447.0,4.070000171661377
1998-11-08 03:07:06+00:00,447.0,4.25
1998-11-08 03:12:08+00:00,457.0,4.639999866485596
1998-11-08 03:17:12+00:00,455.0,3.819999933242798
1998-11-08 03:22:13+00:00,466.0,3.950000047683716
1998-11-08 03:27:14+00:00,466.0,4.210000038146973
1998-11-08 03:32:18+00:00,432.0,4.630000114440918
1998-11-08 03:37:20+00:00,471.0,3.0
1998-11-08 03:42:21+00:00,476.0,3.3399999141693115
1998-11-08 03:47:25+00:00,472.0,4.659999847412109
1998-11-08 03:52:26+00:00,468.0,4.78000020980835
1998-11-08 03:57:28+00:00,465.0,3.7100000381469727
1998-11-08 04:02:30+00:00,459.0,3.5199999809265137
1998-11-08 04:07:33+00:00,476.0,3.990000009536743
1998-11-08 04:12:35+00:00,465.0,3.809999942779541
1998-11-08 04:17:39+00:00,603.0,4.760000228881836
1998-11-08 04:22:41+00:00,636.0,8.4399995803833
1998-11-08 04:27:42+00:00,602.0,9.289999961853027
1998-11-08 04:32:44+00:00,598.0,8.630000114440918
1998-11-08 04:37:47+00:00,605.0,7.730000019073486
1998-11-08 04:42:49+00:00,624.0,6.389999866485596
1998-11-08 04:47:53+00:00,624.0,6.389999866485596
1998-11-08 04:52:53+00:00,620.0,5.940000057220459
1998-11-08 04:57:56+00:00,624.0,5.21999979019165
1998-11-08 05:02:57+00:00,626.0,5.179999828338623
1998-11-08 05:07:59+00:00,619.0,5.849999904632568
1998-11-08 05:13:03+00:00,617.0,7.230000019073486
1998-11-08 05:18:06+00:00,638.0,7.920000076293945
1998-11-08 05:23:06+00:00,640.0,8.020000457763672
1998-11-08 05:28:09+00:00,636.0,6.920000076293945
1998-11-08 05:33:11+00:00,627.0,5.639999866485596
1998-11-08 05:38:13+00:00,645.0,6.21999979019165
1998-11-08 05:43:14+00:00,626.0,5.539999961853027
1998-11-08 05:48:20+00:00,627.0,4.989999771118164
1998-11-08 05:53:20+00:00,621.0,6.0
1998-11-08 05:58:21+00:00,618.0,6.420000076293945
1998-11-08 06:03:25+00:00,624.0,6.25
1998-11-08 06:08:26+00:00,618.0,6.75
1998-11-08 06:13:28+00:00,616.0,6.840000152587891
1998-11-08 06:18:33+00:00,625.0,7.150000095367432
1998-11-08 06:23:33+00:00,632.0,5.659999847412109
1998-11-08 06:28:35+00:00,628.0,5.670000076293945
1998-11-08 06:33:36+00:00,633.0,7.579999923706055
1998-11-08 06:38:40+00:00,635.0,7.989999771118164
1998-11-08 06:43:41+00:00,627.0,7.670000076293945
1998-11-08 06:48:43+00:00,638.0,8.199999809265137
1998-11-08 06:53:47+00:00,644.0,7.670000076293945
1998-11-08 06:58:48+00:00,648.0,7.71999979019165
1998-11-08 07:03:50+00:00,655.0,8.579999923706055
1998-11-08 07:08:53+00:00,636.0,8.649999618530273
1998-11-08 07:13:55+00:00,624.0,10.329999923706055
1998-11-08 07:18:57+00:00,642.0,10.880000114440918
1998-11-08 07:24:00+00:00,646.0,9.4399995803833
1998-11-08 07:29:02+00:00,651.0,9.170000076293945
1998-11-08 07:34:03+00:00,623.0,10.279999732971191
1998-11-08 07:39:05+00:00,625.0,9.479999542236328
1998-11-08 07:44:09+00:00,623.0,6.590000152587891
1998-11-08 07:49:10+00:00,620.0,6.28000020980835
1998-11-08 07:54:14+00:00,616.0,7.460000038146973
1998-11-08 07:59:14+00:00,610.0,8.65999984741211
1998-11-08 08:04:17+00:00,616.0,8.720000267028809
1998-11-08 08:09:19+00:00,615.0,8.329999923706055
1998-11-08 08:14:20+00:00,612.0,7.840000152587891
1998-11-08 08:19:24+00:00,611.0,8.0600004196167
1998-11-08 08:24:28+00:00,613.0,8.239999771118164
1998-11-08 08:29:27+00:00,610.0,7.679999828338623
1998-11-08 08:34:31+00:00,609.0,8.220000267028809
1998-11-08 08:39:32+00:00,606.0,8.489999771118164
1998-11-08 08:44:34+00:00,606.0,8.4399995803833
1998-11-08 08:49:37+00:00,604.0,7.980000019073486
1998-11-08 08:54:41+00:00,602.0,7.710000038146973
1998-11-08 08:59:41+00:00,596.0,7.309999942779541
1998-11-08 09:04:42+00:00,602.0,8.260000228881836
1998-11-08 09:09:46+00:00,604.0,9.09000015258789
1998-11-08 09:14:47+00:00,602.0,8.720000267028809
1998-11-08 09:19:49+00:00,598.0,8.529999732971191
1998-11-08 09:24:55+00:00,600.0,8.630000114440918
1998-11-08 09:29:54+00:00,603.0,8.880000114440918
1998-11-08 09:34:56+00:00,598.0,8.680000305175781
1998-11-08 09:39:59+00:00,594.0,8.869999885559082
1998-11-08 09:45:01+00:00,596.0,8.8100004196167
1998-11-08 09:50:03+00:00,597.0,8.100000381469727
1998-11-08 09:55:04+00:00,594.0,9.180000305175781
1998-11-08 10:00:08+00:00,597.0,11.039999961853027
1998-11-08 10:05:09+00:00,595.0,10.770000457763672
1998-11-08 10:10:11+00:00,594.0,11.789999961853027
1998-11-08 10:15:14+00:00,594.0,12.920000076293945
1998-11-08 10:20:16+00:00,596.0,12.649999618530273
1998-11-08 10:25:18+00:00,596.0,12.960000038146973
1998-11-08 10:30:22+00:00,593.0,13.34000015258789
1998-11-08 10:35:23+00:00,593.0,13.890000343322754
1998-11-08 10:40:25+00:00,594.0,12.789999961853027
1998-11-08 10:45:26+00:00,593.0,11.739999771118164
1998-11-08 10:50:30+00:00,600.0,14.270000457763672
1998-11-08 10:55:31+00:00,600.0,13.380000114440918
1998-11-08 11:00:35+00:00,594.0,11.390000343322754
1998-11-08 11:05:35+00:00,600.0,12.420000076293945
1998-11-08 11:10:38+00:00,603.0,13.069999694824219
1998-11-08 11:15:40+00:00,604.0,12.569999694824219
1998-11-08 11:20:43+00:00,591.0,10.75
1998-11-08 11:25:45+00:00,585.0,11.6899995803833
1998-11-08 11:30:49+00:00,596.0,13.75
1998-11-08 11:35:48+00:00,588.0,12.569999694824219
1998-11-08 11:40:52+00:00,589.0,14.119999885559082
1998-11-08 11:45:53+00:00,587.0,14.210000038146973
1998-11-08 11:50:55+00:00,581.0,14.130000114440918
1998-11-08 11:55:58+00:00,576.0,13.109999656677246
1998-11-08 12:01:02+00:00,577.0,15.5
1998-11-08 12:06:02+00:00,573.0,16.799999237060547
1998-11-08 12:11:05+00:00,571.0,15.970000267028809
1998-11-08 12:16:07+00:00,570.0,14.8100004196167
1998-11-08 12:21:09+00:00,567.0,15.3100004196167
1998-11-08 12:26:10+00:00,566.0,13.210000038146973
1998-11-08 12:31:16+00:00,561.0,11.960000038146973
1998-11-08 12:36:16+00:00,559.0,13.520000457763672
1998-11-08 12:41:17+00:00,563.0,15.350000381469727
1998-11-08 12:46:20+00:00,564.0,16.43000030517578
1998-11-08 12:51:22+00:00,564.0,16.34000015258789
1998-11-08 12:56:24+00:00,563.0,15.600000381469727
1998-11-08 13:01:25+00:00,562.0,15.25
1998-11-08 13:06:29+00:00,560.0,16.229999542236328
1998-11-08 13:11:31+00:00,562.0,15.029999732971191
1998-11-08 13:16:32+00:00,562.0,15.600000381469727
1998-11-08 13:21:36+00:00,561.0,14.479999542236328
1998-11-08 13:26:37+00:00,560.0,14.770000457763672
1998-11-08 13:31:39+00:00,557.0,15.9399995803833
1998-11-08 13:36:43+00:00,563.0,13.90999984741211
1998-11-08 13:41:44+00:00,565.0,10.960000038146973
1998-11-08 13:46:46+00:00,564.0,10.989999771118164
1998-11-08 13:51:47+00:00,563.0,10.979999542236328
1998-11-08 13:56:51+00:00,561.0,11.0
1998-11-08 14:01:53+00:00,564.0,10.739999771118164
1998-11-08 14:06:56+00:00,580.0,8.40999984741211
1998-11-08 14:11:58+00:00,576.0,8.0600004196167
1998-11-08 14:16:59+00:00,576.0,7.800000190734863
1998-11-08 14:22:01+00:00,580.0,9.260000228881836
1998-11-08 14:27:04+00:00,571.0,10.399999618530273
1998-11-08 14:32:06+00:00,568.0,11.8100004196167
1998-11-08 14:37:10+00:00,566.0,10.84000015258789
1998-11-08 14:42:10+00:00,567.0,10.069999694824219
1998-11-08 14:47:13+00:00,564.0,9.729999542236328
1998-11-08 14:52:15+00:00,554.0,9.90999984741211
1998-11-08 14:57:48+00:00,551.0,10.550000190734863
1998-11-08 15:02:50+00:00,549.0,11.25
1998-11-08 15:07:53+00:00,557.0,11.270000457763672
1998-11-08 15:12:53+00:00,549.0,13.529999732971191
1998-11-08 15:17:56+00:00,547.0,15.279999732971191
1998-11-08 15:22:58+00:00,544.0,14.9399995803833
1998-11-08 15:28:00+00:00,552.0,14.609999656677246
1998-11-08 15:33:03+00:00,551.0,14.069999694824219
1998-11-08 15:43:07+00:00,546.0,18.399999618530273
1998-11-08 15:48:10+00:00,547.0,18.1299991607666
1998-11-08 15:53:12+00:00,550.0,18.760000228881836
1998-11-08 15:58:13+00:00,556.0,18.270000457763672
1998-11-08 16:03:15+00:00,561.0,17.280000686645508
1998-11-08 16:08:21+00:00,561.0,17.739999771118164
1998-11-08 16:13:20+00:00,553.0,18.610000610351562
1998-11-08 16:18:22+00:00,540.0,19.450000762939453
1998-11-08 16:23:25+00:00,552.0,17.079999923706055
1998-11-08 16:28:27+00:00,552.0,14.609999656677246
1998-11-08 16:33:28+00:00,553.0,14.010000228881836
1998-11-08 16:38:34+00:00,559.0,14.920000076293945
1998-11-08 16:44:04+00:00,554.0,15.079999923706055
1998-11-08 16:49:05+00:00,557.0,13.770000457763672
1998-11-08 16:54:09+00:00,549.0,13.619999885559082
1998-11-08 16:59:10+00:00,552.0,12.640000343322754
1998-11-08 17:04:12+00:00,548.0,10.420000076293945
1998-11-08 17:09:18+00:00,541.0,10.300000190734863
1998-11-08 17:14:17+00:00,549.0,10.229999542236328
1998-11-08 17:19:49+00:00,553.0,10.279999732971191
1998-11-08 17:24:52+00:00,552.0,10.130000114440918
1998-11-08 17:29:54+00:00,554.0,12.880000114440918
1998-11-08 17:34:56+00:00,548.0,13.329999923706055
1998-11-08 17:39:57+00:00,541.0,14.3100004196167
1998-11-08 17:45:01+00:00,538.0,15.8100004196167
1998-11-08 17:50:02+00:00,547.0,15.220000267028809
1998-11-08 17:55:04+00:00,550.0,15.119999885559082
1998-11-08 18:00:08+00:00,547.0,15.710000038146973
1998-11-08 18:05:09+00:00,555.0,15.789999961853027
1998-11-08 18:10:11+00:00,557.0,14.3100004196167
1998-11-08 18:15:15+00:00,558.0,14.020000457763672
1998-11-08 18:20:16+00:00,557.0,14.170000076293945
1998-11-08 18:25:18+00:00,555.0,14.390000343322754
1998-11-08 18:30:19+00:00,552.0,14.609999656677246
1998-11-08 18:35:23+00:00,550.0,14.5
1998-11-08 18:40:24+00:00,546.0,14.59000015258789
1998-11-08 18:45:28+00:00,535.0,12.420000076293945
1998-11-08 18:50:28+00:00,536.0,13.569999694824219
1998-11-08 18:55:31+00:00,532.0,15.550000190734863
1998-11-08 19:01:03+00:00,530.0,16.610000610351562
1998-11-08 19:06:06+00:00,522.0,15.699999809265137
1998-11-08 19:11:08+00:00,518.0,16.209999084472656
1998-11-08 19:16:12+00:00,519.0,17.549999237060547
1998-11-08 19:21:13+00:00,517.0,17.5
1998-11-08 19:26:15+00:00,515.0,18.6299991607666
1998-11-08 19:31:16+00:00,515.0,17.100000381469727
1998-11-08 19:36:20+00:00,515.0,16.219999313354492
1998-11-08 19:41:22+00:00,530.0,16.709999084472656
1998-11-08 19:46:25+00:00,538.0,16.110000610351562
1998-11-08 19:51:25+00:00,532.0,18.270000457763672
1998-11-08 19:56:58+00:00,532.0,19.65999984741211
1998-11-08 20:02:00+00:00,541.0,20.850000381469727
1998-11-08 20:07:02+00:00,547.0,16.049999237060547
1998-11-08 20:12:05+00:00,547.0,16.8700008392334
1998-11-08 20:17:09+00:00,546.0,13.84000015258789
1998-11-08 20:22:09+00:00,528.0,11.859999656677246
1998-11-08 20:27:12+00:00,516.0,10.930000305175781
1998-11-08 20:32:13+00:00,516.0,10.15999984741211
1998-11-08 20:37:15+00:00,511.0,10.670000076293945
1998-11-08 20:42:19+00:00,507.0,10.920000076293945
1998-11-08 20:47:22+00:00,508.0,10.920000076293945
1998-11-08 20:52:22+00:00,507.0,10.539999961853027
1998-11-08 20:57:24+00:00,509.0,10.40999984741211
1998-11-08 21:02:27+00:00,515.0,11.479999542236328
1998-11-08 21:07:29+00:00,515.0,10.1899995803833
1998-11-08 21:12:30+00:00,522.0,12.850000381469727
1998-11-08 21:17:36+00:00,522.0,14.75
1998-11-08 21:22:36+00:00,522.0,15.65999984741211
1998-11-08 21:27:37+00:00,520.0,14.699999809265137
1998-11-08 21:32:39+00:00,504.0,10.15999984741211
1998-11-08 21:37:42+00:00,500.0,9.170000076293945
1998-11-08 21:42:44+00:00,491.0,8.600000381469727
1998-11-08 21:47:46+00:00,499.0,8.380000114440918
1998-11-08 21:52:49+00:00,501.0,8.329999923706055
1998-11-08 21:57:51+00:00,499.0,8.010000228881836
1998-11-08 22:02:52+00:00,495.0,7.130000114440918
1998-11-08 22:07:56+00:00,494.0,6.349999904632568
1998-11-08 22:12:57+00:00,503.0,7.539999961853027
1998-11-08 22:17:59+00:00,501.0,7.210000038146973
1998-11-08 22:23:03+00:00,495.0,5.0
1998-11-08 22:28:04+00:00,494.0,5.789999961853027
1998-11-08 22:33:06+00:00,490.0,5.949999809265137
1998-11-08 22:38:08+00:00,492.0,6.090000152587891
1998-11-08 22:43:11+00:00,504.0,7.679999828338623
1998-11-08 22:48:13+00:00,514.0,10.65999984741211
1998-11-08 22:53:16+00:00,518.0,13.989999771118164
1998-11-08 22:58:46+00:00,507.0,10.670000076293945
1998-11-08 23:03:49+00:00,503.0,9.449999809265137
1998-11-08 23:08:51+00:00,504.0,9.880000114440918
1998-11-08 23:13:55+00:00,514.0,12.640000343322754
1998-11-08 23:18:56+00:00,516.0,13.130000114440918
1998-11-08 23:24:00+00:00,518.0,11.170000076293945
1998-11-08 23:29:00+00:00,503.0,10.920000076293945
1998-11-08 23:34:03+00:00,507.0,15.300000190734863
1998-11-08 23:39:05+00:00,516.0,12.270000457763672
1998-11-08 23:44:06+00:00,509.0,11.420000076293945
1998-11-08 23:49:10+00:00,513.0,10.989999771118164
1998-11-08 23:54:14+00:00,502.0,8.15999984741211
1998-11-09 00:00:13+00:00,508.0,15.460000038146973
1998-11-09 00:05:17+00:00,513.0,19.100000381469727
1998-11-09 00:10:18+00:00,513.0,16.739999771118164
1998-11-09 00:15:20+00:00,516.0,14.130000114440918
1998-11-09 00:20:23+00:00,518.0,12.460000038146973
1998-11-09 00:25:27+00:00,500.0,7.46999979019165
1998-11-09 00:30:27+00:00,505.0,6.539999961853027
1998-11-09 00:35:30+00:00,503.0,5.679999828338623
1998-11-09 00:40:32+00:00,508.0,4.28000020980835
1998-11-09 00:45:33+00:00,502.0,5.75
1998-11-09 00:50:35+00:00,498.0,7.010000228881836
1998-11-09 00:55:41+00:00,499.0,8.9399995803833
1998-11-09 01:00:40+00:00,502.0,8.6899995803833
1998-11-09 01:05:42+00:00,493.0,9.40999984741211
1998-11-09 01:11:15+00:00,492.0,8.359999656677246
1998-11-09 01:16:17+00:00,492.0,8.260000228881836
1998-11-09 01:21:19+00:00,483.0,9.720000267028809
1998-11-09 01:26:24+00:00,494.0,8.430000305175781
1998-11-09 01:31:24+00:00,496.0,7.75
1998-11-09 01:36:25+00:00,502.0,7.239999771118164
1998-11-09 01:41:29+00:00,491.0,7.840000152587891
1998-11-09 01:46:30+00:00,489.0,6.489999771118164
1998-11-09 01:51:32+00:00,503.0,5.409999847412109
1998-11-09 01:56:34+00:00,497.0,4.690000057220459
1998-11-09 02:01:38+00:00,495.0,5.090000152587891
1998-11-09 02:06:39+00:00,501.0,5.380000114440918
1998-11-09 02:11:41+00:00,508.0,4.769999980926514
1998-11-09 02:16:44+00:00,498.0,4.769999980926514
1998-11-09 02:21:46+00:00,496.0,5.559999942779541
1998-11-09 02:26:47+00:00,479.0,6.670000076293945
1998-11-09 02:31:51+00:00,485.0,5.760000228881836
1998-11-09 02:36:52+00:00,503.0,4.559999942779541
1998-11-09 02:41:54+00:00,490.0,4.650000095367432
1998-11-09 02:46:56+00:00,507.0,5.289999961853027
1998-11-09 02:51:59+00:00,493.0,5.570000171661377
1998-11-09 02:57:01+00:00,494.0,6.570000171661377
1998-11-09 03:02:05+00:00,497.0,9.319999694824219
1998-11-09 03:07:06+00:00,492.0,13.0
1998-11-09 03:12:08+00:00,493.0,12.489999771118164
1998-11-09 03:17:09+00:00,499.0,16.489999771118164
1998-11-09 03:22:13+00:00,496.0,17.56999969482422
1998-11-09 03:27:14+00:00,496.0,15.09000015258789
1998-11-09 03:32:18+00:00,491.0,12.289999961853027
1998-11-09 03:37:18+00:00,496.0,12.300000190734863
1998-11-09 03:42:21+00:00,495.0,15.720000267028809
1998-11-09 03:47:23+00:00,496.0,12.329999923706055
1998-11-09 03:52:25+00:00,501.0,11.0600004196167
1998-11-09 03:57:28+00:00,493.0,11.84000015258789
1998-11-09 04:02:32+00:00,498.0,11.0
1998-11-09 04:07:32+00:00,495.0,11.25
1998-11-09 04:12:35+00:00,495.0,11.420000076293945
1998-11-09 04:17:36+00:00,498.0,11.109999656677246
1998-11-09 04:22:39+00:00,495.0,12.029999732971191
1998-11-09 04:27:40+00:00,492.0,12.1899995803833
1998-11-09 04:32:46+00:00,496.0,11.619999885559082
1998-11-09 04:37:46+00:00,497.0,10.960000038146973
1998-11-09 04:42:47+00:00,501.0,10.039999961853027
1998-11-09 04:47:51+00:00,500.0,10.59000015258789
1998-11-09 04:52:52+00:00,492.0,10.010000228881836
1998-11-09 04:57:54+00:00,496.0,9.699999809265137
1998-11-09 05:03:00+00:00,497.0,9.84000015258789
1998-11-09 05:07:59+00:00,498.0,9.75
1998-11-09 05:13:01+00:00,502.0,9.520000457763672
1998-11-09 05:18:02+00:00,495.0,8.850000381469727
1998-11-09 05:23:06+00:00,496.0,9.880000114440918
1998-11-09 05:28:07+00:00,498.0,8.960000038146973
1998-11-09 05:33:09+00:00,495.0,9.1899995803833
1998-11-09 05:38:13+00:00,490.0,8.960000038146973
1998-11-09 05:43:14+00:00,491.0,9.300000190734863
1998-11-09 05:48:16+00:00,491.0,8.550000190734863
1998-11-09 05:53:19+00:00,499.0,9.210000038146973
1998-11-09 05:58:21+00:00,501.0,9.9399995803833
1998-11-09 06:03:23+00:00,501.0,9.789999961853027
1998-11-09 06:08:26+00:00,502.0,9.829999923706055
1998-11-09 06:13:28+00:00,500.0,9.300000190734863
1998-11-09 06:18:29+00:00,500.0,9.140000343322754
1998-11-09 06:23:31+00:00,493.0,9.4399995803833
1998-11-09 06:28:35+00:00,496.0,9.100000381469727
1998-11-09 06:33:36+00:00,488.0,9.960000038146973
1998-11-09 06:38:40+00:00,488.0,9.569999694824219
1998-11-09 06:43:40+00:00,490.0,9.680000305175781
1998-11-09 06:48:43+00:00,491.0,9.470000267028809
1998-11-09 06:53:45+00:00,488.0,9.390000343322754
1998-11-09 06:58:46+00:00,486.0,9.760000228881836
1998-11-09 07:03:50+00:00,486.0,10.699999809265137
1998-11-09 07:08:54+00:00,485.0,10.289999961853027
1998-11-09 07:13:53+00:00,490.0,10.819999694824219
1998-11-09 07:18:57+00:00,491.0,10.710000038146973
1998-11-09 07:23:58+00:00,488.0,11.34000015258789
1998-11-09 07:29:00+00:00,487.0,11.25
1998-11-09 07:34:03+00:00,485.0,11.470000267028809
1998-11-09 07:39:07+00:00,488.0,12.680000305175781
1998-11-09 07:44:07+00:00,484.0,12.609999656677246
1998-11-09 07:49:08+00:00,483.0,12.449999809265137
1998-11-09 07:54:12+00:00,485.0,12.640000343322754
1998-11-09 07:59:13+00:00,485.0,13.34000015258789
1998-11-09 08:04:15+00:00,485.0,13.329999923706055
1998-11-09 08:09:21+00:00,485.0,12.899999618530273
1998-11-09 08:14:20+00:00,482.0,11.869999885559082
1998-11-09 08:19:22+00:00,484.0,11.539999961853027
1998-11-09 08:24:25+00:00,486.0,10.710000038146973
1998-11-09 08:29:27+00:00,481.0,10.789999961853027
1998-11-09 08:34:29+00:00,486.0,10.989999771118164
1998-11-09 08:39:30+00:00,485.0,12.279999732971191
1998-11-09 08:44:34+00:00,486.0,11.260000228881836
1998-11-09 08:49:35+00:00,487.0,12.510000228881836
1998-11-09 08:54:37+00:00,484.0,13.170000076293945
1998-11-09 08:59:41+00:00,485.0,13.0
1998-11-09 09:04:42+00:00,485.0,12.630000114440918
1998-11-09 09:09:44+00:00,484.0,13.180000305175781
1998-11-09 09:14:48+00:00,487.0,12.600000381469727
1998-11-09 09:19:49+00:00,491.0,12.329999923706055
1998-11-09 09:24:51+00:00,493.0,12.720000267028809
1998-11-09 09:29:52+00:00,493.0,11.619999885559082
1998-11-09 09:34:56+00:00,493.0,8.1899995803833
1998-11-09 09:39:57+00:00,495.0,10.270000457763672
1998-11-09 09:45:01+00:00,490.0,11.329999923706055
1998-11-09 09:50:01+00:00,488.0,12.430000305175781
1998-11-09 09:55:04+00:00,488.0,11.109999656677246
1998-11-09 10:00:06+00:00,485.0,12.329999923706055
1998-11-09 10:05:09+00:00,482.0,12.989999771118164
1998-11-09 10:10:11+00:00,483.0,15.170000076293945
1998-11-09 10:15:15+00:00,483.0,14.729999542236328
1998-11-09 10:20:15+00:00,475.0,15.5
1998-11-09 10:25:18+00:00,471.0,16.309999465942383
1998-11-09 10:30:19+00:00,467.0,14.40999984741211
1998-11-09 10:35:21+00:00,476.0,13.069999694824219
1998-11-09 10:40:25+00:00,483.0,11.449999809265137
1998-11-09 10:45:28+00:00,482.0,11.180000305175781
1998-11-09 10:50:28+00:00,482.0,11.170000076293945
1998-11-09 10:55:31+00:00,482.0,10.109999656677246
1998-11-09 11:00:33+00:00,477.0,10.130000114440918
1998-11-09 11:05:35+00:00,474.0,9.65999984741211
1998-11-09 11:10:36+00:00,472.0,9.260000228881836
1998-11-09 11:15:42+00:00,472.0,9.3100004196167
1998-11-09 11:20:42+00:00,469.0,9.4399995803833
1998-11-09 11:25:43+00:00,461.0,9.520000457763672
1998-11-09 11:30:47+00:00,459.0,9.520000457763672
1998-11-09 11:35:48+00:00,452.0,10.470000267028809
1998-11-09 11:40:50+00:00,450.0,9.380000114440918
1998-11-09 11:45:51+00:00,448.0,9.149999618530273
1998-11-09 11:50:55+00:00,449.0,9.3100004196167
1998-11-09 11:55:57+00:00,464.0,8.630000114440918
1998-11-09 12:00:58+00:00,471.0,7.900000095367432
1998-11-09 12:06:02+00:00,449.0,8.4399995803833
1998-11-09 12:11:03+00:00,444.0,8.670000076293945
1998-11-09 12:16:05+00:00,446.0,8.3100004196167
1998-11-09 12:21:09+00:00,445.0,7.440000057220459
1998-11-09 12:26:10+00:00,440.0,8.180000305175781
1998-11-09 12:31:12+00:00,446.0,7.269999980926514
1998-11-09 12:36:15+00:00,452.0,6.53000020980835
1998-11-09 12:41:17+00:00,444.0,6.619999885559082
1998-11-09 12:46:19+00:00,441.0,7.119999885559082
1998-11-09 12:51:22+00:00,438.0,7.449999809265137
1998-11-09 12:56:24+00:00,428.0,7.349999904632568
1998-11-09 13:01:25+00:00,435.0,7.579999923706055
1998-11-09 13:06:27+00:00,429.0,7.409999847412109
1998-11-09 13:11:31+00:00,433.0,7.28000020980835
1998-11-09 13:16:32+00:00,437.0,6.309999942779541
1998-11-09 13:21:36+00:00,451.0,4.659999847412109
1998-11-09 13:26:36+00:00,441.0,5.889999866485596
1998-11-09 13:31:39+00:00,427.0,6.300000190734863
1998-11-09 13:36:41+00:00,434.0,5.300000190734863
1998-11-09 13:41:42+00:00,435.0,4.909999847412109
1998-11-09 13:46:46+00:00,428.0,4.829999923706055
1998-11-09 13:51:49+00:00,418.0,5.260000228881836
1998-11-09 13:56:49+00:00,413.0,5.480000019073486
1998-11-09 14:01:52+00:00,434.0,5.050000190734863
1998-11-09 14:06:54+00:00,426.0,5.039999961853027
1998-11-09 14:11:56+00:00,434.0,4.420000076293945
1998-11-09 14:16:59+00:00,452.0,3.8399999141693115
1998-11-09 14:22:03+00:00,456.0,3.690000057220459
1998-11-09 14:27:03+00:00,461.0,3.0799999237060547
1998-11-09 14:32:04+00:00,452.0,3.549999952316284
1998-11-09 14:37:08+00:00,459.0,3.2899999618530273
1998-11-09 14:42:09+00:00,451.0,3.0999999046325684
1998-11-09 14:47:11+00:00,440.0,3.559999942779541
1998-11-09 14:52:17+00:00,439.0,3.7300000190734863
1998-11-09 14:57:16+00:00,441.0,3.619999885559082
1998-11-09 15:02:18+00:00,444.0,3.2899999618530273
1998-11-09 15:07:19+00:00,446.0,3.0399999618530273
1998-11-09 15:12:23+00:00,450.0,2.8399999141693115
1998-11-09 15:17:25+00:00,432.0,3.3399999141693115
1998-11-09 15:22:26+00:00,422.0,3.6700000762939453
1998-11-09 15:27:30+00:00,432.0,3.240000009536743
1998-11-09 15:32:31+00:00,425.0,4.0
1998-11-09 15:37:33+00:00,432.0,3.4200000762939453
1998-11-09 15:42:36+00:00,473.0,2.1500000953674316
1998-11-09 15:47:38+00:00,466.0,2.25
1998-11-09 15:52:40+00:00,490.0,2.5299999713897705
1998-11-09 15:57:44+00:00,482.0,2.559999942779541
1998-11-09 16:02:45+00:00,430.0,2.130000114440918
1998-11-09 16:07:47+00:00,438.0,2.3499999046325684
1998-11-09 16:12:48+00:00,464.0,1.9700000286102295
1998-11-09 16:17:52+00:00,464.0,1.7000000476837158
1998-11-09 16:22:53+00:00,470.0,1.850000023841858
1998-11-09 16:27:57+00:00,453.0,1.7100000381469727
1998-11-09 16:32:57+00:00,457.0,1.4700000286102295
1998-11-09 16:38:00+00:00,405.0,2.6500000953674316
1998-11-09 16:43:02+00:00,408.0,2.4600000381469727
1998-11-09 16:48:03+00:00,447.0,1.5499999523162842
1998-11-09 16:53:07+00:00,433.0,1.7999999523162842
1998-11-09 16:58:11+00:00,432.0,1.9800000190734863
1998-11-09 17:03:10+00:00,458.0,2.0399999618530273
1998-11-09 17:08:14+00:00,429.0,1.8799999952316284
1998-11-09 17:13:15+00:00,440.0,2.2100000381469727
1998-11-09 17:18:17+00:00,442.0,2.2300000190734863
1998-11-09 17:23:20+00:00,434.0,2.1700000762939453
1998-11-09 17:28:24+00:00,428.0,2.1600000858306885
1998-11-09 17:33:24+00:00,427.0,2.25
1998-11-09 17:38:25+00:00,422.0,2.759999990463257
1998-11-09 17:43:29+00:00,422.0,2.700000047683716
1998-11-09 17:48:30+00:00,400.0,2.640000104904175
1998-11-09 17:53:32+00:00,383.0,3.6700000762939453
1998-11-09 17:58:38+00:00,404.0,2.3499999046325684
1998-11-09 18:03:38+00:00,397.0,2.509999990463257
1998-11-09 18:08:39+00:00,383.0,3.630000114440918
1998-11-09 18:13:42+00:00,380.0,3.5299999713897705
1998-11-09 18:18:44+00:00,374.0,4.059999942779541
1998-11-09 18:23:46+00:00,377.0,4.039999961853027
1998-11-09 18:28:47+00:00,379.0,3.450000047683716
1998-11-09 18:33:51+00:00,380.0,3.3499999046325684
1998-11-09 18:38:52+00:00,384.0,2.9000000953674316
1998-11-09 18:43:54+00:00,384.0,2.7699999809265137
1998-11-09 18:48:58+00:00,381.0,2.9700000286102295
1998-11-09 18:53:59+00:00,378.0,3.309999942779541
1998-11-09 18:59:01+00:00,374.0,3.5399999618530273
1998-11-09 19:04:05+00:00,371.0,3.990000009536743
1998-11-09 19:09:06+00:00,373.0,3.819999933242798
1998-11-09 19:14:08+00:00,371.0,4.090000152587891
1998-11-09 19:19:09+00:00,375.0,3.5999999046325684
1998-11-09 19:24:13+00:00,375.0,3.880000114440918
1998-11-09 19:29:14+00:00,375.0,4.070000171661377
1998-11-09 19:34:18+00:00,379.0,3.5
1998-11-09 19:39:18+00:00,390.0,2.859999895095825
1998-11-09 19:44:21+00:00,379.0,3.9200000762939453
1998-11-09 19:49:23+00:00,380.0,3.4600000381469727
1998-11-09 19:54:25+00:00,377.0,3.880000114440918
1998-11-09 19:59:28+00:00,381.0,3.619999885559082
1998-11-09 20:04:32+00:00,391.0,3.259999990463257
1998-11-09 20:09:32+00:00,395.0,2.6500000953674316
1998-11-09 20:14:35+00:00,401.0,2.359999895095825
1998-11-09 20:19:36+00:00,413.0,2.059999942779541
1998-11-09 20:24:38+00:00,399.0,2.3499999046325684
1998-11-09 20:29:42+00:00,386.0,3.4800000190734863
1998-11-09 20:34:45+00:00,413.0,2.009999990463257
1998-11-09 20:39:45+00:00,427.0,2.369999885559082
1998-11-09 20:44:48+00:00,422.0,2.809999942779541
1998-11-09 20:49:50+00:00,408.0,3.069999933242798
1998-11-09 20:54:52+00:00,422.0,2.549999952316284
1998-11-09 20:59:53+00:00,426.0,2.450000047683716
1998-11-09 21:04:59+00:00,435.0,2.380000114440918
1998-11-09 21:09:59+00:00,435.0,2.430000066757202
1998-11-09 21:15:00+00:00,433.0,2.9200000762939453
1998-11-09 21:20:04+00:00,447.0,2.6500000953674316
1998-11-09 21:25:05+00:00,434.0,2.7200000286102295
1998-11-09 21:31:07+00:00,424.0,3.299999952316284
1998-11-09 21:36:13+00:00,428.0,3.109999895095825
1998-11-09 21:41:12+00:00,437.0,2.890000104904175
1998-11-09 21:46:14+00:00,452.0,3.259999990463257
1998-11-09 21:51:17+00:00,482.0,3.9200000762939453
1998-11-09 21:56:19+00:00,461.0,3.3299999237060547
1998-11-09 22:01:20+00:00,488.0,4.760000228881836
1998-11-09 22:06:26+00:00,439.0,3.190000057220459
1998-11-09 22:11:26+00:00,425.0,3.740000009536743
1998-11-09 22:16:27+00:00,425.0,3.7100000381469727
1998-11-09 22:21:29+00:00,433.0,3.4200000762939453
1998-11-09 22:26:32+00:00,434.0,3.319999933242798
1998-11-09 22:31:34+00:00,433.0,3.25
1998-11-09 22:36:36+00:00,434.0,3.0899999141693115
1998-11-09 22:41:39+00:00,427.0,2.5899999141693115
1998-11-09 22:46:41+00:00,427.0,4.010000228881836
1998-11-09 22:51:42+00:00,431.0,3.9200000762939453
1998-11-09 23:01:48+00:00,443.0,3.690000057220459
1998-11-09 23:06:49+00:00,446.0,2.799999952316284
1998-11-09 23:12:53+00:00,452.0,3.180000066757202
1998-11-09 23:17:54+00:00,453.0,3.8299999237060547
1998-11-09 23:22:56+00:00,444.0,3.4100000858306885
1998-11-09 23:27:59+00:00,453.0,4.090000152587891
1998-11-09 23:33:01+00:00,444.0,4.159999847412109
1998-11-09 23:38:03+00:00,436.0,3.680000066757202
1998-11-09 23:43:06+00:00,442.0,3.890000104904175
1998-11-09 23:48:08+00:00,437.0,3.450000047683716
1998-11-09 23:53:09+00:00,440.0,3.119999885559082
1998-11-09 23:58:11+00:00,446.0,2.8299999237060547
1998-11-10 00:00:13+00:00,443.0,2.5999999046325684
1998-11-10 00:05:15+00:00,446.0,3.0199999809265137
1998-11-10 00:10:16+00:00,446.0,2.940000057220459
1998-11-10 00:15:20+00:00,453.0,3.440000057220459
1998-11-10 00:20:21+00:00,446.0,4.349999904632568
1998-11-10 00:25:23+00:00,456.0,4.340000152587891
1998-11-10 00:30:26+00:00,463.0,4.539999961853027
1998-11-10 00:35:28+00:00,435.0,4.260000228881836
1998-11-10 00:40:30+00:00,416.0,3.9800000190734863
1998-11-10 00:45:34+00:00,410.0,4.369999885559082
1998-11-10 00:50:35+00:00,429.0,3.390000104904175
1998-11-10 00:58:38+00:00,441.0,3.569999933242798
1998-11-10 01:03:40+00:00,441.0,3.809999942779541
1998-11-10 01:09:13+00:00,438.0,3.430000066757202
1998-11-10 01:14:17+00:00,422.0,3.8399999141693115
1998-11-10 01:19:17+00:00,419.0,4.300000190734863
1998-11-10 01:24:20+00:00,424.0,4.619999885559082
1998-11-10 01:29:22+00:00,422.0,3.950000047683716
1998-11-10 01:34:23+00:00,426.0,3.569999933242798
1998-11-10 01:39:27+00:00,421.0,2.6500000953674316
1998-11-10 01:44:31+00:00,414.0,4.789999961853027
1998-11-10 01:49:30+00:00,402.0,5.610000133514404
1998-11-10 01:54:34+00:00,404.0,4.449999809265137
1998-11-10 01:59:35+00:00,415.0,3.430000066757202
1998-11-10 02:04:37+00:00,430.0,3.0199999809265137
1998-11-10 02:09:39+00:00,414.0,3.490000009536743
1998-11-10 02:14:44+00:00,432.0,3.640000104904175
1998-11-10 02:19:44+00:00,442.0,3.2300000190734863
1998-11-10 02:24:45+00:00,444.0,2.7799999713897705
1998-11-10 02:29:49+00:00,447.0,3.7799999713897705
1998-11-10 02:36:21+00:00,450.0,3.75
1998-11-10 02:41:54+00:00,435.0,2.319999933242798
1998-11-10 02:47:13+00:00,419.0,2.7300000190734863
1998-11-10 02:51:58+00:00,406.0,3.3499999046325684
1998-11-10 02:57:31+00:00,452.0,2.200000047683716
1998-11-10 03:03:02+00:00,457.0,2.299999952316284
1998-11-10 03:08:04+00:00,482.0,3.069999933242798
1998-11-10 03:13:08+00:00,496.0,3.369999885559082
1998-11-10 03:18:11+00:00,496.0,3.509999990463257
1998-11-10 03:23:11+00:00,485.0,3.390000104904175
1998-11-10 03:28:14+00:00,492.0,3.5799999237060547
1998-11-10 03:33:16+00:00,496.0,3.359999895095825
1998-11-10 03:38:18+00:00,510.0,3.2699999809265137
1998-11-10 03:43:19+00:00,492.0,2.8499999046325684
1998-11-10 03:48:25+00:00,498.0,2.8399999141693115
1998-11-10 03:53:25+00:00,493.0,2.930000066757202
1998-11-10 03:58:26+00:00,509.0,3.1500000953674316
1998-11-10 04:03:30+00:00,492.0,2.6700000762939453
1998-11-10 04:08:32+00:00,508.0,2.990000009536743
1998-11-10 04:13:33+00:00,492.0,2.430000066757202
1998-11-10 04:18:39+00:00,508.0,2.819999933242798
1998-11-10 04:23:39+00:00,495.0,2.4600000381469727
1998-11-10 04:28:40+00:00,469.0,2.0799999237060547
1998-11-10 04:33:42+00:00,437.0,1.5099999904632568
1998-11-10 04:38:45+00:00,457.0,2.5199999809265137
1998-11-10 04:43:47+00:00,449.0,2.4200000762939453
1998-11-10 04:48:49+00:00,443.0,2.0399999618530273
1998-11-10 04:53:52+00:00,434.0,1.3700000047683716
1998-11-10 04:58:54+00:00,437.0,1.4600000381469727
1998-11-10 05:03:55+00:00,444.0,1.5800000429153442
1998-11-10 05:08:59+00:00,451.0,1.9700000286102295
1998-11-10 05:14:01+00:00,508.0,3.3299999237060547
1998-11-10 05:19:02+00:00,479.0,3.7699999809265137
1998-11-10 05:24:06+00:00,484.0,3.640000104904175
1998-11-10 05:29:07+00:00,483.0,3.0399999618530273
1998-11-10 05:34:09+00:00,478.0,3.009999990463257
1998-11-10 05:39:11+00:00,488.0,3.390000104904175
1998-11-10 05:44:14+00:00,491.0,3.309999942779541
1998-11-10 05:49:16+00:00,487.0,3.069999933242798
1998-11-10 05:54:20+00:00,477.0,2.9000000953674316
1998-11-10 05:59:19+00:00,482.0,3.2100000381469727
1998-11-10 06:04:23+00:00,480.0,3.319999933242798
1998-11-10 06:09:24+00:00,477.0,3.049999952316284
1998-11-10 06:14:26+00:00,476.0,3.190000057220459
1998-11-10 06:19:29+00:00,477.0,3.180000066757202
1998-11-10 06:24:33+00:00,474.0,3.1500000953674316
1998-11-10 06:29:33+00:00,470.0,3.0899999141693115
1998-11-10 06:34:36+00:00,473.0,3.130000114440918
1998-11-10 06:39:38+00:00,474.0,3.1500000953674316
1998-11-10 06:44:39+00:00,477.0,3.0399999618530273
1998-11-10 06:49:43+00:00,474.0,2.5299999713897705
1998-11-10 06:54:47+00:00,472.0,2.549999952316284
1998-11-10 06:59:46+00:00,472.0,2.559999942779541
1998-11-10 07:04:48+00:00,475.0,2.4800000190734863
1998-11-10 07:09:51+00:00,475.0,2.450000047683716
1998-11-10 07:14:53+00:00,479.0,2.5299999713897705
1998-11-10 07:19:55+00:00,482.0,2.4700000286102295
1998-11-10 07:25:00+00:00,485.0,2.569999933242798
1998-11-10 07:30:00+00:00,488.0,2.6500000953674316
1998-11-10 07:35:01+00:00,486.0,2.6600000858306885
1998-11-10 07:40:03+00:00,490.0,2.6600000858306885
1998-11-10 07:45:07+00:00,485.0,2.559999942779541
1998-11-10 07:50:08+00:00,473.0,2.430000066757202
1998-11-10 07:55:10+00:00,459.0,2.4600000381469727
1998-11-10 08:00:14+00:00,461.0,2.3299999237060547
1998-11-10 08:05:15+00:00,459.0,2.2699999809265137
1998-11-10 08:10:17+00:00,462.0,2.240000009536743
1998-11-10 08:15:20+00:00,459.0,2.1500000953674316
1998-11-10 08:20:22+00:00,453.0,2.1600000858306885
1998-11-10 08:25:23+00:00,460.0,2.059999942779541
1998-11-10 08:30:27+00:00,459.0,2.069999933242798
1998-11-10 08:35:29+00:00,458.0,2.130000114440918
1998-11-10 08:40:30+00:00,450.0,2.1500000953674316
1998-11-10 08:45:32+00:00,454.0,2.2200000286102295
1998-11-10 08:50:35+00:00,472.0,1.9500000476837158
1998-11-10 08:55:37+00:00,452.0,1.9600000381469727
1998-11-10 09:00:41+00:00,445.0,1.8600000143051147
1998-11-10 09:05:42+00:00,454.0,2.1600000858306885
1998-11-10 09:10:44+00:00,448.0,2.0199999809265137
1998-11-10 09:15:45+00:00,448.0,1.9199999570846558
1998-11-10 09:20:47+00:00,465.0,2.2200000286102295
1998-11-10 09:25:51+00:00,455.0,1.8600000143051147
1998-11-10 09:30:54+00:00,451.0,1.8300000429153442
1998-11-10 09:35:54+00:00,448.0,1.9299999475479126
1998-11-10 09:40:57+00:00,455.0,2.259999990463257
1998-11-10 09:45:59+00:00,449.0,2.309999942779541
1998-11-10 09:51:01+00:00,443.0,2.2300000190734863
1998-11-10 09:56:04+00:00,446.0,2.3499999046325684
1998-11-10 10:01:08+00:00,450.0,2.4600000381469727
1998-11-10 10:06:08+00:00,442.0,2.299999952316284
1998-11-10 10:11:09+00:00,442.0,2.259999990463257
1998-11-10 10:16:13+00:00,442.0,2.25
1998-11-10 10:21:14+00:00,442.0,2.25
1998-11-10 10:26:16+00:00,442.0,2.2699999809265137
1998-11-10 10:31:21+00:00,442.0,2.25
1998-11-10 10:36:21+00:00,442.0,2.2699999809265137
1998-11-10 10:41:23+00:00,443.0,2.2699999809265137
1998-11-10 10:46:26+00:00,444.0,2.2300000190734863
1998-11-10 10:51:28+00:00,443.0,2.25
1998-11-10 10:56:29+00:00,442.0,2.2699999809265137
1998-11-10 11:01:31+00:00,441.0,2.2300000190734863
1998-11-10 11:06:35+00:00,439.0,2.2100000381469727
1998-11-10 11:12:06+00:00,439.0,2.190000057220459
1998-11-10 11:17:08+00:00,438.0,2.1700000762939453
1998-11-10 11:22:11+00:00,436.0,2.180000066757202
1998-11-10 11:27:13+00:00,436.0,2.1700000762939453
1998-11-10 11:32:15+00:00,434.0,2.1600000858306885
1998-11-10 11:37:18+00:00,434.0,2.180000066757202
1998-11-10 11:42:20+00:00,437.0,2.2200000286102295
1998-11-10 11:47:21+00:00,436.0,2.2100000381469727
1998-11-10 11:52:25+00:00,431.0,2.180000066757202
1998-11-10 11:57:26+00:00,430.0,2.2200000286102295
1998-11-10 12:02:28+00:00,426.0,2.2300000190734863
1998-11-10 12:07:32+00:00,423.0,2.240000009536743
1998-11-10 12:12:33+00:00,414.0,2.369999885559082
1998-11-10 12:17:35+00:00,415.0,2.7200000286102295
1998-11-10 12:22:37+00:00,419.0,2.9000000953674316
1998-11-10 12:27:40+00:00,415.0,2.700000047683716
1998-11-10 12:32:42+00:00,411.0,2.880000114440918
1998-11-10 12:37:45+00:00,408.0,3.069999933242798
1998-11-10 12:42:45+00:00,408.0,3.049999952316284
1998-11-10 12:47:48+00:00,407.0,3.069999933242798
1998-11-10 12:52:50+00:00,407.0,3.0999999046325684
1998-11-10 12:57:52+00:00,404.0,3.4000000953674316
1998-11-10 13:02:55+00:00,404.0,3.569999933242798
1998-11-10 13:07:59+00:00,406.0,3.5399999618530273
1998-11-10 13:12:59+00:00,405.0,3.609999895095825
1998-11-10 13:18:02+00:00,401.0,3.7699999809265137
1998-11-10 13:23:04+00:00,402.0,3.740000009536743
1998-11-10 13:28:05+00:00,403.0,3.690000057220459
1998-11-10 13:33:09+00:00,401.0,3.819999933242798
1998-11-10 13:38:43+00:00,398.0,4.0
1998-11-10 13:43:42+00:00,398.0,4.0
1998-11-10 13:48:46+00:00,398.0,4.019999980926514
1998-11-10 13:53:47+00:00,396.0,4.179999828338623
1998-11-10 13:58:49+00:00,394.0,4.550000190734863
1998-11-10 14:03:52+00:00,394.0,4.769999980926514
1998-11-10 14:08:56+00:00,395.0,4.75
1998-11-10 14:13:56+00:00,394.0,4.940000057220459
1998-11-10 14:18:57+00:00,392.0,5.360000133514404
1998-11-10 14:24:01+00:00,392.0,5.300000190734863
1998-11-10 14:29:02+00:00,392.0,5.289999961853027
1998-11-10 14:34:04+00:00,391.0,5.559999942779541
1998-11-10 14:39:10+00:00,391.0,5.809999942779541
1998-11-10 14:44:09+00:00,390.0,6.0
1998-11-10 14:49:11+00:00,390.0,5.75
1998-11-10 14:54:14+00:00,389.0,6.079999923706055
1998-11-10 14:59:16+00:00,390.0,6.539999961853027
1998-11-10 15:04:18+00:00,395.0,6.909999847412109
1998-11-10 15:09:19+00:00,391.0,6.960000038146973
1998-11-10 15:14:23+00:00,392.0,6.670000076293945
1998-11-10 15:19:24+00:00,390.0,6.840000152587891
1998-11-10 15:24:26+00:00,391.0,6.690000057220459
1998-11-10 15:29:30+00:00,392.0,6.400000095367432
1998-11-10 15:34:31+00:00,392.0,6.389999866485596
1998-11-10 15:39:33+00:00,395.0,6.329999923706055
1998-11-10 15:44:37+00:00,393.0,6.659999847412109
1998-11-10 15:49:38+00:00,389.0,6.210000038146973
1998-11-10 15:54:40+00:00,386.0,6.079999923706055
1998-11-10 15:59:41+00:00,389.0,5.960000038146973
1998-11-10 16:04:45+00:00,391.0,6.420000076293945
1998-11-10 16:09:46+00:00,392.0,6.360000133514404
1998-11-10 16:14:50+00:00,391.0,6.130000114440918
1998-11-10 16:19:50+00:00,390.0,6.300000190734863
1998-11-10 16:25:23+00:00,390.0,6.239999771118164
1998-11-10 16:30:27+00:00,388.0,6.190000057220459
1998-11-10 16:35:28+00:00,391.0,6.230000019073486
1998-11-10 16:40:30+00:00,392.0,6.269999980926514
1998-11-10 16:45:34+00:00,392.0,6.389999866485596
1998-11-10 16:50:35+00:00,392.0,6.409999847412109
1998-11-10 16:55:37+00:00,393.0,6.300000190734863
1998-11-10 17:00:38+00:00,394.0,6.179999828338623
1998-11-10 17:05:42+00:00,394.0,6.380000114440918
1998-11-10 17:10:44+00:00,392.0,6.289999961853027
1998-11-10 17:15:47+00:00,394.0,6.170000076293945
1998-11-10 17:20:47+00:00,393.0,6.099999904632568
1998-11-10 17:25:50+00:00,394.0,6.210000038146973
1998-11-10 17:30:52+00:00,396.0,6.449999809265137
1998-11-10 17:35:54+00:00,397.0,6.590000152587891
1998-11-10 17:40:57+00:00,398.0,6.78000020980835
1998-11-10 17:46:01+00:00,398.0,6.949999809265137
1998-11-10 17:51:01+00:00,397.0,6.949999809265137
1998-11-10 17:56:04+00:00,397.0,6.860000133514404
1998-11-10 18:01:06+00:00,398.0,6.880000114440918
1998-11-10 18:06:07+00:00,398.0,7.019999980926514
1998-11-10 18:11:11+00:00,397.0,6.860000133514404
1998-11-10 18:16:14+00:00,398.0,7.0
1998-11-10 18:21:14+00:00,398.0,7.190000057220459
1998-11-10 18:26:16+00:00,398.0,7.199999809265137
1998-11-10 18:31:19+00:00,398.0,7.079999923706055
1998-11-10 18:36:21+00:00,397.0,7.059999942779541
1998-11-10 18:41:22+00:00,398.0,7.400000095367432
1998-11-10 18:46:28+00:00,398.0,7.539999961853027
1998-11-10 18:51:28+00:00,398.0,7.690000057220459
1998-11-10 18:56:29+00:00,397.0,8.239999771118164
1998-11-10 19:01:33+00:00,397.0,8.380000114440918
1998-11-10 19:06:34+00:00,397.0,8.329999923706055
1998-11-10 19:11:36+00:00,397.0,8.170000076293945
1998-11-10 19:16:38+00:00,397.0,8.15999984741211
1998-11-10 19:21:41+00:00,397.0,7.989999771118164
1998-11-10 19:26:43+00:00,396.0,7.800000190734863
1998-11-10 19:31:44+00:00,397.0,7.650000095367432
1998-11-10 19:37:18+00:00,398.0,7.539999961853027
1998-11-10 19:42:19+00:00,398.0,7.53000020980835
1998-11-10 19:47:21+00:00,396.0,7.909999847412109
1998-11-10 19:52:25+00:00,396.0,7.800000190734863
1998-11-10 19:57:26+00:00,395.0,7.789999961853027
1998-11-10 20:02:28+00:00,395.0,7.940000057220459
1998-11-10 20:07:31+00:00,396.0,8.520000457763672
1998-11-10 20:12:33+00:00,396.0,8.539999961853027
1998-11-10 20:17:35+00:00,396.0,8.460000038146973
1998-11-10 20:22:38+00:00,395.0,8.539999961853027
1998-11-10 20:27:40+00:00,395.0,8.649999618530273
1998-11-10 20:32:41+00:00,396.0,8.399999618530273
1998-11-10 20:37:43+00:00,396.0,8.510000228881836
1998-11-10 20:42:47+00:00,394.0,8.630000114440918
1998-11-10 20:47:48+00:00,394.0,8.640000343322754
1998-11-10 20:52:52+00:00,393.0,8.6899995803833
1998-11-10 20:57:52+00:00,392.0,8.8100004196167
1998-11-10 21:02:55+00:00,392.0,8.8100004196167
1998-11-10 21:07:57+00:00,392.0,8.84000015258789
1998-11-10 21:12:58+00:00,391.0,8.869999885559082
1998-11-10 21:18:02+00:00,391.0,8.869999885559082
1998-11-10 21:23:06+00:00,391.0,8.869999885559082
1998-11-10 21:28:05+00:00,389.0,9.109999656677246
1998-11-10 21:33:09+00:00,388.0,9.130000114440918
1998-11-10 21:38:10+00:00,390.0,8.930000305175781
1998-11-10 21:43:12+00:00,390.0,8.84000015258789
1998-11-10 21:48:15+00:00,389.0,8.739999771118164
1998-11-10 21:53:19+00:00,388.0,8.3100004196167
1998-11-10 21:58:19+00:00,388.0,8.420000076293945
1998-11-10 22:03:20+00:00,388.0,8.390000343322754
1998-11-10 22:08:24+00:00,389.0,8.920000076293945
1998-11-10 22:13:25+00:00,388.0,8.75
1998-11-10 22:18:27+00:00,388.0,8.220000267028809
1998-11-10 22:25:33+00:00,387.0,8.40999984741211
1998-11-10 22:30:32+00:00,387.0,8.6899995803833
1998-11-10 22:35:36+00:00,388.0,8.859999656677246
1998-11-10 22:40:37+00:00,386.0,8.489999771118164
1998-11-10 22:45:39+00:00,385.0,8.399999618530273
1998-11-10 22:50:42+00:00,386.0,8.489999771118164
1998-11-10 22:55:46+00:00,386.0,8.460000038146973
1998-11-10 23:00:46+00:00,385.0,8.239999771118164
1998-11-10 23:05:47+00:00,385.0,8.270000457763672
1998-11-10 23:10:51+00:00,385.0,8.380000114440918
1998-11-10 23:15:52+00:00,385.0,8.289999961853027
1998-11-10 23:20:54+00:00,384.0,8.260000228881836
1998-11-10 23:26:00+00:00,385.0,8.319999694824219
1998-11-10 23:31:00+00:00,385.0,8.369999885559082
1998-11-10 23:36:01+00:00,386.0,8.380000114440918
1998-11-10 23:41:04+00:00,386.0,8.449999809265137
1998-11-10 23:46:06+00:00,383.0,8.699999809265137
1998-11-10 23:51:08+00:00,382.0,8.770000457763672
1998-11-10 23:56:09+00:00,381.0,8.699999809265137
1998-11-11 00:00:13+00:00,381.0,8.3100004196167
1998-11-11 00:05:15+00:00,381.0,8.100000381469727
1998-11-11 00:10:16+00:00,381.0,8.199999809265137
1998-11-11 00:15:18+00:00,381.0,8.420000076293945
1998-11-11 00:20:21+00:00,378.0,8.3100004196167
1998-11-11 00:25:23+00:00,379.0,8.069999694824219
1998-11-11 00:30:27+00:00,377.0,7.889999866485596
1998-11-11 00:35:26+00:00,371.0,7.230000019073486
1998-11-11 00:40:30+00:00,369.0,7.059999942779541
1998-11-11 00:45:31+00:00,370.0,7.329999923706055
1998-11-11 00:50:33+00:00,371.0,7.380000114440918
1998-11-11 00:55:36+00:00,379.0,7.110000133514404
1998-11-11 01:00:40+00:00,382.0,7.599999904632568
1998-11-11 01:05:40+00:00,382.0,7.349999904632568
1998-11-11 01:10:43+00:00,376.0,7.119999885559082
1998-11-11 01:15:45+00:00,370.0,6.940000057220459
1998-11-11 01:20:47+00:00,369.0,6.78000020980835
1998-11-11 01:25:50+00:00,366.0,6.980000019073486
1998-11-11 01:30:54+00:00,369.0,6.800000190734863
1998-11-11 01:35:54+00:00,372.0,6.559999942779541
1998-11-11 01:40:55+00:00,376.0,6.409999847412109
1998-11-11 01:45:58+00:00,365.0,6.179999828338623
1998-11-11 01:51:00+00:00,371.0,6.150000095367432
1998-11-11 01:56:02+00:00,370.0,5.909999847412109
1998-11-11 02:01:07+00:00,371.0,6.139999866485596
1998-11-11 02:06:07+00:00,370.0,6.179999828338623
1998-11-11 02:11:09+00:00,368.0,6.409999847412109
1998-11-11 02:16:12+00:00,367.0,6.289999961853027
1998-11-11 02:21:14+00:00,370.0,6.059999942779541
1998-11-11 02:26:15+00:00,370.0,6.059999942779541
1998-11-11 02:31:17+00:00,368.0,6.170000076293945
1998-11-11 02:36:21+00:00,371.0,6.230000019073486
1998-11-11 02:41:22+00:00,369.0,6.489999771118164
1998-11-11 02:46:24+00:00,370.0,6.28000020980835
1998-11-11 02:51:27+00:00,369.0,6.329999923706055
1998-11-11 02:56:29+00:00,365.0,6.380000114440918
1998-11-11 03:01:30+00:00,363.0,6.190000057220459
1998-11-11 03:06:34+00:00,362.0,6.039999961853027
1998-11-11 03:11:36+00:00,360.0,6.090000152587891
1998-11-11 03:16:37+00:00,358.0,6.0
1998-11-11 03:21:39+00:00,356.0,5.739999771118164
1998-11-11 03:26:42+00:00,355.0,5.849999904632568
1998-11-11 03:31:44+00:00,358.0,6.050000190734863
1998-11-11 03:36:48+00:00,355.0,5.900000095367432
1998-11-11 03:41:49+00:00,356.0,5.71999979019165
1998-11-11 03:46:51+00:00,359.0,5.800000190734863
1998-11-11 03:51:52+00:00,359.0,5.920000076293945
1998-11-11 03:56:56+00:00,356.0,6.099999904632568
1998-11-11 04:01:58+00:00,351.0,5.909999847412109
1998-11-11 04:07:01+00:00,348.0,5.690000057220459
1998-11-11 04:12:01+00:00,349.0,5.539999961853027
1998-11-11 04:17:04+00:00,348.0,5.570000171661377
1998-11-11 04:22:06+00:00,345.0,5.440000057220459
1998-11-11 04:27:08+00:00,348.0,5.199999809265137
1998-11-11 04:32:11+00:00,347.0,4.989999771118164
1998-11-11 04:37:15+00:00,349.0,4.900000095367432
1998-11-11 04:42:15+00:00,348.0,4.920000076293945
1998-11-11 04:47:18+00:00,346.0,5.230000019073486
1998-11-11 04:52:20+00:00,350.0,4.659999847412109
1998-11-11 04:57:21+00:00,347.0,4.659999847412109
1998-11-11 05:02:25+00:00,346.0,4.53000020980835
1998-11-11 05:07:29+00:00,344.0,4.929999828338623
1998-11-11 05:12:28+00:00,343.0,5.090000152587891
1998-11-11 05:17:30+00:00,340.0,5.289999961853027
1998-11-11 05:22:33+00:00,336.0,5.519999980926514
1998-11-11 05:27:35+00:00,337.0,6.090000152587891
1998-11-11 05:32:36+00:00,335.0,6.300000190734863
1998-11-11 05:37:42+00:00,334.0,6.159999847412109
1998-11-11 05:42:42+00:00,330.0,6.489999771118164
1998-11-11 05:47:44+00:00,330.0,6.960000038146973
1998-11-11 05:52:47+00:00,332.0,6.760000228881836
1998-11-11 05:57:49+00:00,333.0,6.760000228881836
1998-11-11 06:02:51+00:00,323.0,7.039999961853027
1998-11-11 06:07:52+00:00,325.0,6.960000038146973
1998-11-11 06:12:56+00:00,324.0,6.650000095367432
1998-11-11 06:17:58+00:00,324.0,6.019999980926514
1998-11-11 06:22:59+00:00,322.0,5.96999979019165
1998-11-11 06:28:03+00:00,326.0,5.849999904632568
1998-11-11 06:33:04+00:00,331.0,5.78000020980835
1998-11-11 06:38:06+00:00,332.0,5.619999885559082
1998-11-11 06:43:10+00:00,331.0,5.309999942779541
1998-11-11 06:48:11+00:00,329.0,5.380000114440918
1998-11-11 06:53:13+00:00,329.0,5.460000038146973
1998-11-11 06:58:14+00:00,327.0,5.550000190734863
1998-11-11 07:03:18+00:00,332.0,4.900000095367432
1998-11-11 07:08:20+00:00,334.0,4.909999847412109
1998-11-11 07:13:23+00:00,340.0,4.449999809265137
1998-11-11 07:18:23+00:00,337.0,4.400000095367432
1998-11-11 07:23:26+00:00,329.0,4.849999904632568
1998-11-11 07:28:28+00:00,330.0,5.239999771118164
1998-11-11 07:33:31+00:00,336.0,5.199999809265137
1998-11-11 07:38:33+00:00,333.0,5.340000152587891
1998-11-11 07:43:37+00:00,327.0,5.769999980926514
1998-11-11 07:48:37+00:00,328.0,5.960000038146973
1998-11-11 07:53:40+00:00,332.0,5.0
1998-11-11 07:58:41+00:00,332.0,4.670000076293945
1998-11-11 08:03:43+00:00,330.0,4.670000076293945
1998-11-11 08:08:47+00:00,326.0,4.739999771118164
1998-11-11 08:13:50+00:00,331.0,5.230000019073486
1998-11-11 08:18:50+00:00,347.0,5.440000057220459
1998-11-11 08:23:53+00:00,359.0,5.409999847412109
1998-11-11 08:28:55+00:00,359.0,5.46999979019165
1998-11-11 08:33:57+00:00,363.0,6.010000228881836
1998-11-11 08:38:58+00:00,361.0,6.099999904632568
1998-11-11 08:44:04+00:00,354.0,6.050000190734863
1998-11-11 08:49:04+00:00,358.0,6.079999923706055
1998-11-11 08:54:05+00:00,358.0,6.150000095367432
1998-11-11 08:59:09+00:00,348.0,5.389999866485596
1998-11-11 09:04:10+00:00,354.0,6.010000228881836
1998-11-11 09:09:12+00:00,362.0,6.760000228881836
1998-11-11 09:14:18+00:00,363.0,6.71999979019165
1998-11-11 09:19:17+00:00,363.0,6.940000057220459
1998-11-11 09:24:19+00:00,363.0,6.840000152587891
1998-11-11 09:29:20+00:00,364.0,6.730000019073486
1998-11-11 09:34:24+00:00,369.0,7.130000114440918
1998-11-11 09:39:25+00:00,366.0,6.980000019073486
1998-11-11 09:44:27+00:00,363.0,7.380000114440918
1998-11-11 09:49:31+00:00,365.0,7.03000020980835
1998-11-11 09:54:32+00:00,362.0,5.579999923706055
1998-11-11 09:59:34+00:00,364.0,5.679999828338623
1998-11-11 10:04:37+00:00,362.0,7.019999980926514
1998-11-11 10:09:39+00:00,365.0,7.5
1998-11-11 10:14:41+00:00,368.0,6.860000133514404
1998-11-11 10:19:44+00:00,368.0,6.369999885559082
1998-11-11 10:24:46+00:00,367.0,6.28000020980835
1998-11-11 10:29:47+00:00,362.0,5.420000076293945
1998-11-11 10:34:49+00:00,364.0,5.039999961853027
1998-11-11 10:39:53+00:00,362.0,5.489999771118164
1998-11-11 10:44:54+00:00,360.0,5.489999771118164
1998-11-11 10:49:58+00:00,357.0,5.050000190734863
1998-11-11 10:54:58+00:00,360.0,5.099999904632568
1998-11-11 11:00:01+00:00,362.0,5.099999904632568
1998-11-11 11:05:03+00:00,358.0,4.840000152587891
1998-11-11 11:10:04+00:00,359.0,4.599999904632568
1998-11-11 11:15:08+00:00,367.0,4.550000190734863
1998-11-11 11:20:12+00:00,364.0,4.599999904632568
1998-11-11 11:25:11+00:00,356.0,4.570000171661377
1998-11-11 11:30:15+00:00,350.0,4.440000057220459
1998-11-11 11:35:16+00:00,352.0,4.400000095367432
1998-11-11 11:40:18+00:00,360.0,4.050000190734863
1998-11-11 11:45:21+00:00,349.0,4.46999979019165
1998-11-11 11:50:25+00:00,351.0,4.179999828338623
1998-11-11 11:55:25+00:00,352.0,4.110000133514404
1998-11-11 12:00:26+00:00,351.0,4.03000020980835
1998-11-11 12:05:30+00:00,362.0,4.460000038146973
1998-11-11 12:10:31+00:00,362.0,4.820000171661377
1998-11-11 12:15:33+00:00,359.0,3.700000047683716
1998-11-11 12:20:39+00:00,359.0,3.8499999046325684
1998-11-11 12:25:38+00:00,355.0,3.759999990463257
1998-11-11 12:30:40+00:00,354.0,3.5899999141693115
1998-11-11 12:35:43+00:00,358.0,3.5299999713897705
1998-11-11 12:40:45+00:00,358.0,3.440000057220459
1998-11-11 12:45:47+00:00,356.0,3.5399999618530273
1998-11-11 12:50:48+00:00,356.0,3.5799999237060547
1998-11-11 12:55:52+00:00,357.0,3.640000104904175
1998-11-11 13:00:53+00:00,361.0,3.9100000858306885
1998-11-11 13:05:55+00:00,362.0,4.059999942779541
1998-11-11 13:10:58+00:00,367.0,4.150000095367432
1998-11-11 13:16:00+00:00,367.0,4.170000076293945
1998-11-11 13:21:02+00:00,361.0,3.559999942779541
1998-11-11 13:26:06+00:00,360.0,3.450000047683716
1998-11-11 13:31:07+00:00,354.0,3.9200000762939453
1998-11-11 13:36:09+00:00,364.0,3.5799999237060547
1998-11-11 13:41:10+00:00,361.0,4.110000133514404
1998-11-11 13:46:14+00:00,362.0,4.440000057220459
1998-11-11 13:51:15+00:00,363.0,4.380000114440918
1998-11-11 13:56:19+00:00,362.0,3.930000066757202
1998-11-11 14:01:20+00:00,362.0,4.480000019073486
1998-11-11 14:06:22+00:00,354.0,4.670000076293945
1998-11-11 14:11:24+00:00,352.0,4.420000076293945
1998-11-11 14:16:27+00:00,355.0,4.329999923706055
1998-11-11 14:21:29+00:00,360.0,4.28000020980835
1998-11-11 14:26:33+00:00,355.0,4.269999980926514
1998-11-11 14:31:32+00:00,350.0,4.369999885559082
1998-11-11 14:36:36+00:00,350.0,4.519999980926514
1998-11-11 14:41:37+00:00,346.0,4.440000057220459
1998-11-11 14:46:39+00:00,342.0,4.539999961853027
1998-11-11 14:51:42+00:00,342.0,4.579999923706055
1998-11-11 14:56:46+00:00,339.0,4.860000133514404
1998-11-11 15:01:46+00:00,340.0,4.800000190734863
1998-11-11 15:06:49+00:00,337.0,5.150000095367432
1998-11-11 15:11:51+00:00,334.0,5.429999828338623
1998-11-11 15:16:53+00:00,335.0,5.579999923706055
1998-11-11 15:21:54+00:00,339.0,5.599999904632568
1998-11-11 15:27:00+00:00,337.0,6.0
1998-11-11 15:32:00+00:00,334.0,5.71999979019165
1998-11-11 15:37:01+00:00,336.0,4.860000133514404
1998-11-11 15:42:04+00:00,336.0,5.0
1998-11-11 15:47:06+00:00,334.0,4.96999979019165
1998-11-11 15:52:08+00:00,333.0,5.159999847412109
1998-11-11 15:57:13+00:00,333.0,4.96999979019165
1998-11-11 16:02:13+00:00,332.0,4.820000171661377
1998-11-11 16:07:15+00:00,329.0,4.800000190734863
1998-11-11 16:12:16+00:00,327.0,4.75
1998-11-11 16:17:20+00:00,334.0,4.46999979019165
1998-11-11 16:22:21+00:00,332.0,4.760000228881836
1998-11-11 16:27:23+00:00,329.0,5.099999904632568
1998-11-11 16:32:27+00:00,329.0,5.03000020980835
1998-11-11 16:37:28+00:00,328.0,5.320000171661377
1998-11-11 16:42:30+00:00,328.0,5.480000019073486
1998-11-11 16:47:33+00:00,326.0,5.630000114440918
1998-11-11 16:52:35+00:00,330.0,5.53000020980835
1998-11-11 16:57:37+00:00,334.0,5.449999809265137
1998-11-11 17:02:40+00:00,344.0,5.420000076293945
1998-11-11 17:07:42+00:00,366.0,5.039999961853027
1998-11-11 17:12:43+00:00,356.0,4.21999979019165
1998-11-11 17:17:45+00:00,348.0,4.550000190734863
1998-11-11 17:22:48+00:00,350.0,4.340000152587891
1998-11-11 17:27:50+00:00,346.0,4.829999923706055
1998-11-11 17:32:54+00:00,344.0,5.199999809265137
1998-11-11 17:37:54+00:00,350.0,4.809999942779541
1998-11-11 17:42:57+00:00,352.0,4.179999828338623
1998-11-11 17:47:59+00:00,353.0,4.78000020980835
1998-11-11 17:53:00+00:00,351.0,5.28000020980835
1998-11-11 17:58:04+00:00,350.0,5.46999979019165
1998-11-11 18:03:07+00:00,351.0,5.590000152587891
1998-11-11 18:08:07+00:00,352.0,5.139999866485596
1998-11-11 18:13:10+00:00,354.0,5.039999961853027
1998-11-11 18:18:12+00:00,361.0,4.079999923706055
1998-11-11 18:23:14+00:00,357.0,4.170000076293945
1998-11-11 18:28:17+00:00,356.0,4.110000133514404
1998-11-11 18:33:21+00:00,354.0,4.25
1998-11-11 18:38:21+00:00,357.0,4.360000133514404
1998-11-11 18:43:22+00:00,359.0,4.429999828338623
1998-11-11 18:48:26+00:00,354.0,5.170000076293945
1998-11-11 18:53:27+00:00,352.0,5.269999980926514
1998-11-11 18:58:29+00:00,352.0,5.46999979019165
1998-11-11 19:03:35+00:00,352.0,5.53000020980835
1998-11-11 19:08:34+00:00,350.0,5.309999942779541
1998-11-11 19:13:36+00:00,349.0,5.579999923706055
1998-11-11 19:18:39+00:00,351.0,6.079999923706055
1998-11-11 19:23:41+00:00,354.0,5.960000038146973
1998-11-11 19:28:43+00:00,349.0,6.099999904632568
1998-11-11 19:33:44+00:00,352.0,5.550000190734863
1998-11-11 19:38:48+00:00,352.0,4.949999809265137
1998-11-11 19:43:49+00:00,351.0,4.889999866485596
1998-11-11 19:48:51+00:00,350.0,5.289999961853027
1998-11-11 19:53:54+00:00,349.0,5.440000057220459
1998-11-11 19:58:56+00:00,347.0,5.570000171661377
1998-11-11 20:03:58+00:00,347.0,5.539999961853027
1998-11-11 20:09:01+00:00,344.0,5.980000019073486
1998-11-11 20:14:03+00:00,342.0,5.300000190734863
1998-11-11 20:19:04+00:00,343.0,5.46999979019165
1998-11-11 20:24:06+00:00,346.0,5.199999809265137
1998-11-11 20:29:10+00:00,342.0,5.289999961853027
1998-11-11 20:34:11+00:00,344.0,5.630000114440918
1998-11-11 20:39:15+00:00,341.0,5.25
1998-11-11 20:44:16+00:00,341.0,5.289999961853027
1998-11-11 20:49:18+00:00,338.0,5.650000095367432
1998-11-11 20:54:20+00:00,338.0,5.71999979019165
1998-11-11 20:59:23+00:00,343.0,4.940000057220459
1998-11-11 21:04:25+00:00,344.0,4.730000019073486
1998-11-11 21:09:29+00:00,345.0,4.489999771118164
1998-11-11 21:14:28+00:00,343.0,4.590000152587891
1998-11-11 21:19:32+00:00,344.0,4.539999961853027
1998-11-11 21:25:03+00:00,345.0,4.429999828338623
1998-11-11 21:30:07+00:00,343.0,4.639999866485596
1998-11-11 21:35:08+00:00,342.0,4.579999923706055
1998-11-11 21:40:12+00:00,348.0,4.130000114440918
1998-11-11 21:45:12+00:00,350.0,3.9100000858306885
1998-11-11 21:50:15+00:00,348.0,3.809999942779541
1998-11-11 21:55:17+00:00,347.0,3.8299999237060547
1998-11-11 22:00:18+00:00,348.0,3.7699999809265137
1998-11-11 22:05:22+00:00,348.0,3.7100000381469727
1998-11-11 22:10:26+00:00,347.0,3.869999885559082
1998-11-11 22:15:26+00:00,347.0,4.070000171661377
1998-11-11 22:20:29+00:00,348.0,3.950000047683716
1998-11-11 22:25:30+00:00,348.0,3.9800000190734863
1998-11-11 22:30:32+00:00,353.0,4.340000152587891
1998-11-11 22:35:34+00:00,346.0,4.820000171661377
1998-11-11 22:40:39+00:00,346.0,4.550000190734863
1998-11-11 22:45:39+00:00,343.0,4.460000038146973
1998-11-11 22:50:40+00:00,339.0,4.699999809265137
1998-11-11 22:55:44+00:00,338.0,4.639999866485596
1998-11-11 23:00:46+00:00,340.0,4.409999847412109
1998-11-11 23:05:47+00:00,339.0,4.289999961853027
1998-11-11 23:10:53+00:00,336.0,4.53000020980835
1998-11-11 23:15:53+00:00,337.0,4.480000019073486
1998-11-11 23:20:54+00:00,338.0,4.320000171661377
1998-11-11 23:25:56+00:00,338.0,4.340000152587891
1998-11-11 23:30:59+00:00,337.0,4.429999828338623
1998-11-11 23:36:01+00:00,337.0,4.460000038146973
1998-11-11 23:41:02+00:00,340.0,4.300000190734863
1998-11-11 23:46:06+00:00,340.0,4.239999771118164
1998-11-11 23:51:08+00:00,341.0,4.150000095367432
1998-11-11 23:56:09+00:00,340.0,4.130000114440918
1998-11-12 00:00:11+00:00,341.0,4.079999923706055
1998-11-12 00:05:14+00:00,344.0,4.130000114440918
1998-11-12 00:10:16+00:00,341.0,4.28000020980835
1998-11-12 00:15:20+00:00,342.0,4.199999809265137
1998-11-12 00:20:20+00:00,343.0,4.079999923706055
1998-11-12 00:25:23+00:00,347.0,4.0
1998-11-12 00:30:25+00:00,339.0,4.070000171661377
1998-11-12 00:35:26+00:00,339.0,4.059999942779541
1998-11-12 00:40:30+00:00,342.0,4.139999866485596
1998-11-12 00:45:33+00:00,342.0,4.050000190734863
1998-11-12 00:50:33+00:00,355.0,4.059999942779541
1998-11-12 00:55:36+00:00,351.0,3.880000114440918
1998-11-12 01:00:38+00:00,350.0,3.940000057220459
1998-11-12 01:05:40+00:00,350.0,4.03000020980835
1998-11-12 01:10:41+00:00,347.0,3.869999885559082
1998-11-12 01:15:47+00:00,354.0,4.119999885559082
1998-11-12 01:20:47+00:00,350.0,4.190000057220459
1998-11-12 01:25:48+00:00,348.0,4.139999866485596
1998-11-12 01:30:52+00:00,346.0,4.260000228881836
1998-11-12 01:35:53+00:00,343.0,4.75
1998-11-12 01:40:55+00:00,344.0,4.579999923706055
1998-11-12 01:46:01+00:00,343.0,4.599999904632568
1998-11-12 01:51:00+00:00,339.0,4.400000095367432
1998-11-12 01:56:02+00:00,338.0,4.269999980926514
1998-11-12 02:01:03+00:00,338.0,4.349999904632568
1998-11-12 02:06:07+00:00,338.0,4.420000076293945
1998-11-12 02:11:09+00:00,336.0,4.619999885559082
1998-11-12 02:16:10+00:00,337.0,4.670000076293945
1998-11-12 02:21:14+00:00,337.0,4.679999828338623
1998-11-12 02:26:15+00:00,339.0,4.300000190734863
1998-11-12 02:31:17+00:00,334.0,4.610000133514404
1998-11-12 02:36:20+00:00,337.0,4.989999771118164
1998-11-12 02:41:22+00:00,334.0,4.949999809265137
1998-11-12 02:46:24+00:00,332.0,4.909999847412109
1998-11-12 02:51:28+00:00,332.0,5.159999847412109
1998-11-12 02:56:29+00:00,332.0,5.449999809265137
1998-11-12 03:01:31+00:00,334.0,4.920000076293945
1998-11-12 03:06:32+00:00,337.0,4.619999885559082
1998-11-12 03:11:36+00:00,340.0,4.489999771118164
1998-11-12 03:16:37+00:00,336.0,4.920000076293945
1998-11-12 03:21:41+00:00,336.0,4.929999828338623
1998-11-12 03:26:41+00:00,335.0,4.940000057220459
1998-11-12 03:31:44+00:00,336.0,5.03000020980835
1998-11-12 03:36:46+00:00,336.0,5.300000190734863
1998-11-12 03:41:47+00:00,333.0,5.309999942779541
1998-11-12 03:46:51+00:00,337.0,4.820000171661377
1998-11-12 03:51:55+00:00,342.0,4.489999771118164
1998-11-12 03:56:54+00:00,342.0,4.53000020980835
1998-11-12 04:01:58+00:00,339.0,4.96999979019165
1998-11-12 04:07:00+00:00,348.0,4.389999866485596
1998-11-12 04:12:02+00:00,355.0,4.460000038146973
1998-11-12 04:17:05+00:00,349.0,5.079999923706055
1998-11-12 04:22:09+00:00,343.0,5.480000019073486
1998-11-12 04:27:09+00:00,336.0,4.590000152587891
1998-11-12 04:32:10+00:00,335.0,4.130000114440918
1998-11-12 04:37:13+00:00,353.0,4.730000019073486
1998-11-12 04:42:15+00:00,348.0,4.699999809265137
1998-11-12 04:47:17+00:00,331.0,5.28000020980835
1998-11-12 04:52:22+00:00,332.0,4.739999771118164
1998-11-12 04:57:22+00:00,341.0,4.28000020980835
1998-11-12 05:02:24+00:00,338.0,4.130000114440918
1998-11-12 05:07:27+00:00,334.0,4.320000171661377
1998-11-12 05:12:29+00:00,335.0,4.909999847412109
1998-11-12 05:17:30+00:00,335.0,4.679999828338623
1998-11-12 05:22:32+00:00,334.0,4.840000152587891
1998-11-12 05:27:36+00:00,333.0,4.849999904632568
1998-11-12 05:32:37+00:00,330.0,5.059999942779541
1998-11-12 05:37:39+00:00,329.0,5.190000057220459
1998-11-12 05:42:42+00:00,335.0,4.670000076293945
1998-11-12 05:47:44+00:00,331.0,4.840000152587891
1998-11-12 05:52:46+00:00,328.0,5.260000228881836
1998-11-12 05:57:49+00:00,327.0,5.539999961853027
1998-11-12 06:02:51+00:00,346.0,5.349999904632568
1998-11-12 06:07:52+00:00,342.0,5.099999904632568
1998-11-12 06:12:54+00:00,336.0,5.670000076293945
1998-11-12 06:17:57+00:00,338.0,6.159999847412109
1998-11-12 06:22:59+00:00,365.0,8.609999656677246
1998-11-12 06:28:03+00:00,369.0,7.989999771118164
1998-11-12 06:33:04+00:00,366.0,7.699999809265137
1998-11-12 06:38:06+00:00,374.0,8.84000015258789
1998-11-12 06:43:08+00:00,377.0,8.529999732971191
1998-11-12 06:48:11+00:00,370.0,6.570000171661377
1998-11-12 06:53:13+00:00,368.0,6.110000133514404
1998-11-12 06:58:16+00:00,349.0,7.21999979019165
1998-11-12 07:03:16+00:00,346.0,7.320000171661377
1998-11-12 07:08:19+00:00,349.0,6.889999866485596
1998-11-12 07:13:21+00:00,369.0,6.949999809265137
1998-11-12 07:18:23+00:00,366.0,7.110000133514404
1998-11-12 07:23:26+00:00,352.0,7.300000190734863
1998-11-12 07:28:30+00:00,353.0,6.829999923706055
1998-11-12 07:33:30+00:00,359.0,7.880000114440918
1998-11-12 07:38:33+00:00,348.0,6.909999847412109
1998-11-12 07:43:35+00:00,353.0,6.789999961853027
1998-11-12 07:48:36+00:00,360.0,7.119999885559082
1998-11-12 07:53:40+00:00,367.0,7.099999904632568
1998-11-12 07:58:44+00:00,366.0,7.199999809265137
1998-11-12 08:03:43+00:00,370.0,7.800000190734863
1998-11-12 08:08:45+00:00,366.0,7.329999923706055
1998-11-12 08:13:48+00:00,352.0,7.889999866485596
1998-11-12 08:18:50+00:00,353.0,7.96999979019165
1998-11-12 08:23:51+00:00,353.0,8.029999732971191
1998-11-12 08:28:57+00:00,354.0,8.199999809265137
1998-11-12 08:33:57+00:00,352.0,8.140000343322754
1998-11-12 08:38:58+00:00,348.0,7.800000190734863
1998-11-12 08:44:00+00:00,348.0,7.53000020980835
1998-11-12 08:49:03+00:00,355.0,8.229999542236328
1998-11-12 08:54:05+00:00,351.0,8.210000038146973
1998-11-12 08:59:07+00:00,351.0,7.889999866485596
1998-11-12 09:04:10+00:00,351.0,7.820000171661377
1998-11-12 09:09:12+00:00,351.0,7.869999885559082
1998-11-12 09:14:13+00:00,350.0,8.029999732971191
1998-11-12 09:19:17+00:00,353.0,8.170000076293945
1998-11-12 09:24:19+00:00,354.0,6.949999809265137
1998-11-12 09:29:20+00:00,354.0,7.179999828338623
1998-11-12 09:34:24+00:00,353.0,7.340000152587891
1998-11-12 09:39:25+00:00,354.0,7.570000171661377
1998-11-12 09:44:27+00:00,357.0,7.309999942779541
1998-11-12 09:49:29+00:00,360.0,7.340000152587891
1998-11-12 09:54:32+00:00,352.0,6.829999923706055
1998-11-12 09:59:34+00:00,352.0,6.590000152587891
1998-11-12 10:04:38+00:00,356.0,6.449999809265137
1998-11-12 10:09:37+00:00,353.0,6.230000019073486
1998-11-12 10:14:41+00:00,351.0,6.289999961853027
1998-11-12 10:19:42+00:00,354.0,6.440000057220459
1998-11-12 10:24:44+00:00,353.0,6.849999904632568
1998-11-12 10:29:47+00:00,358.0,7.010000228881836
1998-11-12 10:34:51+00:00,357.0,8.050000190734863
1998-11-12 10:39:51+00:00,366.0,8.350000381469727
1998-11-12 10:44:54+00:00,369.0,8.260000228881836
1998-11-12 10:49:56+00:00,366.0,7.980000019073486
1998-11-12 10:54:57+00:00,357.0,5.610000133514404
1998-11-12 11:00:01+00:00,348.0,5.070000171661377
1998-11-12 11:05:05+00:00,340.0,5.78000020980835
1998-11-12 11:10:04+00:00,337.0,5.78000020980835
1998-11-12 11:15:06+00:00,336.0,6.389999866485596
1998-11-12 11:20:09+00:00,332.0,7.159999847412109
1998-11-12 11:25:11+00:00,330.0,7.460000038146973
1998-11-12 11:30:13+00:00,327.0,8.119999885559082
1998-11-12 11:35:18+00:00,324.0,8.800000190734863
1998-11-12 11:40:18+00:00,322.0,8.399999618530273
1998-11-12 11:45:19+00:00,326.0,7.659999847412109
1998-11-12 11:50:23+00:00,329.0,8.069999694824219
1998-11-12 11:55:25+00:00,326.0,8.890000343322754
1998-11-12 12:00:26+00:00,323.0,8.949999809265137
1998-11-12 12:05:28+00:00,323.0,9.119999885559082
1998-11-12 12:10:32+00:00,321.0,9.4399995803833
1998-11-12 12:15:33+00:00,321.0,9.529999732971191
1998-11-12 12:20:35+00:00,319.0,10.100000381469727
1998-11-12 12:25:38+00:00,322.0,10.069999694824219
1998-11-12 12:30:40+00:00,322.0,9.369999885559082
1998-11-12 12:35:41+00:00,320.0,9.569999694824219
1998-11-12 12:40:45+00:00,320.0,9.210000038146973
1998-11-12 12:45:47+00:00,322.0,8.850000381469727
1998-11-12 12:50:48+00:00,321.0,8.739999771118164
1998-11-12 12:55:50+00:00,319.0,9.140000343322754
1998-11-12 13:00:53+00:00,319.0,9.140000343322754
1998-11-12 13:05:55+00:00,320.0,8.739999771118164
1998-11-12 13:10:59+00:00,319.0,9.40999984741211
1998-11-12 13:16:00+00:00,319.0,9.539999961853027
1998-11-12 13:21:02+00:00,320.0,9.880000114440918
1998-11-12 13:26:03+00:00,320.0,9.5
1998-11-12 13:31:07+00:00,320.0,9.020000457763672
1998-11-12 13:36:09+00:00,319.0,8.859999656677246
1998-11-12 13:41:12+00:00,320.0,9.09000015258789
1998-11-12 13:46:12+00:00,329.0,8.100000381469727
1998-11-12 13:51:15+00:00,325.0,8.390000343322754
1998-11-12 13:56:17+00:00,321.0,9.260000228881836
1998-11-12 14:01:19+00:00,320.0,9.510000228881836
1998-11-12 14:06:22+00:00,321.0,9.449999809265137
1998-11-12 14:11:26+00:00,322.0,9.399999618530273
1998-11-12 14:16:26+00:00,321.0,9.520000457763672
1998-11-12 14:21:29+00:00,318.0,9.40999984741211
1998-11-12 14:26:30+00:00,318.0,9.279999732971191
1998-11-12 14:31:32+00:00,319.0,9.390000343322754
1998-11-12 14:36:36+00:00,318.0,9.550000190734863
1998-11-12 14:41:39+00:00,318.0,9.8100004196167
1998-11-12 14:46:39+00:00,321.0,9.649999618530273
1998-11-12 14:51:41+00:00,320.0,9.0
1998-11-12 14:56:44+00:00,320.0,8.869999885559082
1998-11-12 15:01:46+00:00,322.0,9.380000114440918
1998-11-12 15:06:47+00:00,322.0,9.140000343322754
1998-11-12 15:11:53+00:00,326.0,9.119999885559082
1998-11-12 15:16:53+00:00,323.0,8.479999542236328
1998-11-12 15:21:54+00:00,325.0,9.229999542236328
1998-11-12 15:26:56+00:00,326.0,9.600000381469727
1998-11-12 15:31:59+00:00,326.0,9.649999618530273
1998-11-12 15:37:01+00:00,326.0,10.029999732971191
1998-11-12 15:42:03+00:00,325.0,9.710000038146973
1998-11-12 15:47:06+00:00,328.0,9.420000076293945
1998-11-12 15:52:08+00:00,330.0,9.579999923706055
1998-11-12 15:57:09+00:00,344.0,9.710000038146973
1998-11-12 16:02:13+00:00,347.0,11.199999809265137
1998-11-12 16:07:14+00:00,350.0,10.779999732971191
1998-11-12 16:12:16+00:00,349.0,10.869999885559082
1998-11-12 16:17:20+00:00,342.0,11.5
1998-11-12 16:22:21+00:00,340.0,12.289999961853027
1998-11-12 16:27:23+00:00,340.0,11.9399995803833
1998-11-12 16:32:25+00:00,339.0,12.329999923706055
1998-11-12 16:37:28+00:00,344.0,11.949999809265137
1998-11-12 16:42:30+00:00,345.0,11.890000343322754
1998-11-12 16:47:33+00:00,347.0,11.90999984741211
1998-11-12 16:52:33+00:00,347.0,11.770000457763672
1998-11-12 16:57:36+00:00,343.0,11.15999984741211
1998-11-12 17:02:38+00:00,344.0,10.779999732971191
1998-11-12 17:07:40+00:00,344.0,10.680000305175781
1998-11-12 17:12:43+00:00,348.0,11.369999885559082
1998-11-12 17:17:47+00:00,347.0,12.75
1998-11-12 17:22:47+00:00,336.0,11.199999809265137
1998-11-12 17:27:50+00:00,340.0,10.699999809265137
1998-11-12 17:32:52+00:00,343.0,10.880000114440918
1998-11-12 17:37:53+00:00,338.0,10.270000457763672
1998-11-12 17:42:57+00:00,340.0,10.460000038146973
1998-11-12 17:48:01+00:00,343.0,10.420000076293945
1998-11-12 17:53:00+00:00,340.0,10.84000015258789
1998-11-12 17:58:04+00:00,346.0,10.920000076293945
1998-11-12 18:03:05+00:00,344.0,10.170000076293945
1998-11-12 18:08:07+00:00,352.0,12.289999961853027
1998-11-12 18:13:08+00:00,350.0,12.279999732971191
1998-11-12 18:18:14+00:00,345.0,12.079999923706055
1998-11-12 18:23:14+00:00,345.0,12.550000190734863
1998-11-12 18:28:15+00:00,351.0,13.130000114440918
1998-11-12 18:33:19+00:00,351.0,12.800000190734863
1998-11-12 18:38:20+00:00,355.0,13.149999618530273
1998-11-12 18:43:22+00:00,345.0,12.15999984741211
1998-11-12 18:48:24+00:00,347.0,11.680000305175781
1998-11-12 18:53:27+00:00,346.0,11.210000038146973
1998-11-12 18:58:29+00:00,345.0,12.229999542236328
1998-11-12 19:03:30+00:00,343.0,11.5600004196167
1998-11-12 19:08:34+00:00,353.0,13.34000015258789
1998-11-12 19:13:36+00:00,376.0,14.039999961853027
1998-11-12 19:18:37+00:00,348.0,10.430000305175781
1998-11-12 19:23:41+00:00,342.0,10.569999694824219
1998-11-12 19:28:42+00:00,344.0,10.4399995803833
1998-11-12 19:33:44+00:00,345.0,10.359999656677246
1998-11-12 19:38:48+00:00,345.0,10.989999771118164
1998-11-12 19:43:49+00:00,345.0,10.180000305175781
1998-11-12 19:48:51+00:00,346.0,10.069999694824219
1998-11-12 19:53:55+00:00,347.0,9.930000305175781
1998-11-12 19:58:56+00:00,345.0,9.619999885559082
1998-11-12 20:03:58+00:00,347.0,9.649999618530273
1998-11-12 20:08:59+00:00,350.0,10.119999885559082
1998-11-12 20:14:03+00:00,350.0,9.699999809265137
1998-11-12 20:19:04+00:00,347.0,10.020000457763672
1998-11-12 20:24:08+00:00,348.0,11.210000038146973
1998-11-12 20:29:08+00:00,353.0,11.670000076293945
1998-11-12 20:34:11+00:00,355.0,12.34000015258789
1998-11-12 20:39:13+00:00,359.0,14.699999809265137
1998-11-12 20:44:14+00:00,359.0,15.359999656677246
1998-11-12 20:49:18+00:00,359.0,14.510000228881836
1998-11-12 20:54:22+00:00,357.0,14.199999809265137
1998-11-12 20:59:22+00:00,355.0,13.680000305175781
1998-11-12 21:04:25+00:00,353.0,13.680000305175781
1998-11-12 21:09:26+00:00,354.0,13.220000267028809
1998-11-12 21:14:28+00:00,354.0,13.3100004196167
1998-11-12 21:19:32+00:00,352.0,13.199999809265137
1998-11-12 21:24:35+00:00,353.0,12.65999984741211
1998-11-12 21:29:35+00:00,353.0,13.6899995803833
1998-11-12 21:34:36+00:00,353.0,12.649999618530273
1998-11-12 21:39:40+00:00,352.0,12.84000015258789
1998-11-12 21:44:42+00:00,347.0,13.6899995803833
1998-11-12 21:49:43+00:00,349.0,13.729999542236328
1998-11-12 21:54:49+00:00,349.0,13.720000267028809
1998-11-12 21:59:49+00:00,347.0,13.789999961853027
1998-11-12 22:04:50+00:00,346.0,13.729999542236328
1998-11-12 22:09:52+00:00,347.0,13.600000381469727
1998-11-12 22:14:55+00:00,348.0,13.699999809265137
1998-11-12 22:19:57+00:00,348.0,13.819999694824219
1998-11-12 22:24:58+00:00,350.0,13.989999771118164
1998-11-12 22:30:02+00:00,355.0,13.899999618530273
1998-11-12 22:35:04+00:00,354.0,13.40999984741211
1998-11-12 22:40:05+00:00,352.0,12.579999923706055
1998-11-12 22:45:09+00:00,353.0,12.869999885559082
1998-11-12 22:50:10+00:00,356.0,12.5
1998-11-12 22:55:12+00:00,361.0,12.779999732971191
1998-11-12 23:00:16+00:00,354.0,12.789999961853027
1998-11-12 23:05:17+00:00,356.0,14.609999656677246
1998-11-12 23:10:19+00:00,369.0,13.850000381469727
1998-11-12 23:15:20+00:00,367.0,13.979999542236328
1998-11-12 23:20:24+00:00,365.0,13.720000267028809
1998-11-12 23:25:26+00:00,365.0,13.960000038146973
1998-11-12 23:30:29+00:00,357.0,14.960000038146973
1998-11-12 23:35:29+00:00,378.0,15.199999809265137
1998-11-12 23:40:32+00:00,375.0,13.4399995803833
1998-11-12 23:45:34+00:00,370.0,12.279999732971191
1998-11-12 23:50:36+00:00,370.0,13.239999771118164
1998-11-12 23:55:39+00:00,371.0,13.979999542236328
1998-11-13 00:00:13+00:00,372.0,12.930000305175781
1998-11-13 00:05:13+00:00,370.0,13.630000114440918
1998-11-13 00:10:16+00:00,371.0,14.390000343322754
1998-11-13 00:15:18+00:00,374.0,12.739999771118164
1998-11-13 00:20:19+00:00,375.0,12.4399995803833
1998-11-13 00:25:23+00:00,377.0,10.84000015258789
1998-11-13 00:30:27+00:00,378.0,11.3100004196167
1998-11-13 00:35:26+00:00,378.0,10.550000190734863
1998-11-13 00:40:28+00:00,385.0,11.430000305175781
1998-11-13 00:45:31+00:00,414.0,9.8100004196167
1998-11-13 00:50:33+00:00,412.0,11.640000343322754
1998-11-13 00:55:34+00:00,423.0,11.039999961853027
1998-11-13 01:00:40+00:00,427.0,13.130000114440918
1998-11-13 01:05:40+00:00,420.0,16.649999618530273
1998-11-13 01:10:41+00:00,417.0,18.860000610351562
1998-11-13 01:15:45+00:00,415.0,17.979999542236328
1998-11-13 01:20:46+00:00,416.0,17.5
1998-11-13 01:25:48+00:00,415.0,17.139999389648438
1998-11-13 01:30:50+00:00,415.0,17.239999771118164
1998-11-13 01:35:53+00:00,413.0,17.81999969482422
1998-11-13 01:40:55+00:00,409.0,17.959999084472656
1998-11-13 01:45:56+00:00,408.0,17.200000762939453
1998-11-13 01:51:00+00:00,411.0,22.389999389648438
1998-11-13 01:56:02+00:00,409.0,21.190000534057617
1998-11-13 02:01:03+00:00,405.0,21.920000076293945
1998-11-13 02:06:07+00:00,402.0,16.700000762939453
1998-11-13 02:11:08+00:00,398.0,13.829999923706055
1998-11-13 02:16:10+00:00,403.0,17.030000686645508
1998-11-13 02:21:12+00:00,402.0,13.670000076293945
1998-11-13 02:26:15+00:00,403.0,13.579999923706055
1998-11-13 02:31:17+00:00,397.0,15.489999771118164
1998-11-13 02:36:21+00:00,398.0,15.010000228881836
1998-11-13 02:41:20+00:00,399.0,16.979999542236328
1998-11-13 02:46:24+00:00,398.0,19.3799991607666
1998-11-13 02:51:25+00:00,399.0,18.760000228881836
1998-11-13 02:56:29+00:00,400.0,15.34000015258789
1998-11-13 03:01:30+00:00,400.0,14.729999542236328
1998-11-13 03:06:34+00:00,402.0,12.90999984741211
1998-11-13 03:11:34+00:00,406.0,12.989999771118164
1998-11-13 03:16:37+00:00,416.0,12.5
1998-11-13 03:21:39+00:00,410.0,12.949999809265137
1998-11-13 03:26:40+00:00,400.0,14.210000038146973
1998-11-13 03:31:44+00:00,407.0,17.440000534057617
1998-11-13 03:36:48+00:00,404.0,18.030000686645508
1998-11-13 03:41:47+00:00,402.0,18.469999313354492
1998-11-13 03:46:51+00:00,399.0,16.690000534057617
1998-11-13 03:51:52+00:00,398.0,14.399999618530273
1998-11-13 03:56:54+00:00,400.0,15.460000038146973
1998-11-13 04:01:56+00:00,398.0,14.069999694824219
1998-11-13 04:07:02+00:00,403.0,13.800000190734863
1998-11-13 04:12:02+00:00,411.0,13.430000305175781
1998-11-13 04:17:03+00:00,411.0,10.069999694824219
1998-11-13 04:22:07+00:00,395.0,7.25
1998-11-13 04:27:08+00:00,393.0,6.920000076293945
1998-11-13 04:32:10+00:00,391.0,6.510000228881836
1998-11-13 04:37:16+00:00,400.0,5.920000076293945
1998-11-13 04:42:15+00:00,398.0,5.539999961853027
1998-11-13 04:47:17+00:00,393.0,6.130000114440918
1998-11-13 04:52:18+00:00,405.0,6.53000020980835
1998-11-13 04:57:22+00:00,406.0,6.730000019073486
1998-11-13 05:02:23+00:00,401.0,6.429999828338623
1998-11-13 05:07:25+00:00,398.0,6.570000171661377
1998-11-13 05:12:29+00:00,390.0,7.010000228881836
1998-11-13 05:17:30+00:00,389.0,6.849999904632568
1998-11-13 05:22:32+00:00,389.0,7.019999980926514
1998-11-13 05:27:35+00:00,389.0,7.21999979019165
1998-11-13 05:32:37+00:00,389.0,7.090000152587891
1998-11-13 05:37:39+00:00,389.0,6.889999866485596
1998-11-13 05:42:42+00:00,393.0,6.090000152587891
1998-11-13 05:47:44+00:00,388.0,5.519999980926514
1998-11-13 05:52:45+00:00,388.0,5.559999942779541
1998-11-13 05:57:47+00:00,387.0,5.730000019073486
1998-11-13 06:02:51+00:00,388.0,5.699999809265137
1998-11-13 06:07:52+00:00,390.0,6.199999809265137
1998-11-13 06:12:56+00:00,389.0,6.170000076293945
1998-11-13 06:17:57+00:00,387.0,5.920000076293945
1998-11-13 06:22:59+00:00,386.0,6.179999828338623
1998-11-13 06:28:01+00:00,391.0,6.789999961853027
1998-11-13 06:33:02+00:00,396.0,7.369999885559082
1998-11-13 06:38:06+00:00,393.0,6.579999923706055
1998-11-13 06:43:10+00:00,399.0,9.369999885559082
1998-11-13 06:48:09+00:00,404.0,10.609999656677246
1998-11-13 06:53:13+00:00,398.0,8.09000015258789
1998-11-13 06:58:14+00:00,399.0,9.609999656677246
1998-11-13 07:03:16+00:00,396.0,8.40999984741211
1998-11-13 07:08:18+00:00,390.0,9.25
1998-11-13 07:13:23+00:00,394.0,12.300000190734863
1998-11-13 07:18:23+00:00,395.0,12.5600004196167
1998-11-13 07:23:24+00:00,389.0,13.460000038146973
1998-11-13 07:28:28+00:00,396.0,12.170000076293945
1998-11-13 07:33:29+00:00,408.0,8.710000038146973
1998-11-13 07:38:31+00:00,390.0,10.739999771118164
1998-11-13 07:43:37+00:00,389.0,8.9399995803833
1998-11-13 07:48:37+00:00,390.0,9.729999542236328
1998-11-13 07:53:38+00:00,389.0,9.300000190734863
1998-11-13 07:58:40+00:00,390.0,9.59000015258789
1998-11-13 08:03:43+00:00,388.0,9.329999923706055
1998-11-13 08:08:45+00:00,391.0,9.020000457763672
1998-11-13 08:13:46+00:00,391.0,8.520000457763672
1998-11-13 08:18:50+00:00,393.0,10.609999656677246
1998-11-13 08:23:51+00:00,394.0,8.960000038146973
1998-11-13 08:28:53+00:00,393.0,7.769999980926514
1998-11-13 08:33:57+00:00,393.0,8.65999984741211
1998-11-13 08:38:58+00:00,392.0,7.869999885559082
1998-11-13 08:44:00+00:00,392.0,7.880000114440918
1998-11-13 08:49:04+00:00,388.0,7.659999847412109
1998-11-13 08:54:05+00:00,381.0,9.25
1998-11-13 08:59:07+00:00,389.0,6.539999961853027
1998-11-13 09:04:08+00:00,392.0,5.480000019073486
1998-11-13 09:09:12+00:00,388.0,4.960000038146973
1998-11-13 09:14:43+00:00,386.0,4.96999979019165
1998-11-13 09:19:47+00:00,386.0,4.730000019073486
1998-11-13 09:24:49+00:00,390.0,8.479999542236328
1998-11-13 09:29:50+00:00,388.0,9.960000038146973
1998-11-13 09:34:52+00:00,386.0,8.039999961853027
1998-11-13 09:39:55+00:00,385.0,7.369999885559082
1998-11-13 09:44:57+00:00,386.0,6.090000152587891
1998-11-13 09:50:01+00:00,387.0,6.150000095367432
1998-11-13 09:55:00+00:00,387.0,6.78000020980835
1998-11-13 10:00:04+00:00,388.0,6.010000228881836
1998-11-13 10:05:05+00:00,385.0,7.329999923706055
1998-11-13 10:10:07+00:00,386.0,6.739999771118164
1998-11-13 10:15:11+00:00,388.0,7.260000228881836
1998-11-13 10:20:14+00:00,386.0,7.579999923706055
1998-11-13 10:25:14+00:00,386.0,7.960000038146973
1998-11-13 10:30:17+00:00,384.0,7.760000228881836
1998-11-13 10:35:19+00:00,388.0,8.199999809265137
1998-11-13 10:40:21+00:00,395.0,6.260000228881836
1998-11-13 10:45:22+00:00,405.0,5.639999866485596
1998-11-13 10:50:28+00:00,420.0,5.5
1998-11-13 10:55:28+00:00,412.0,5.639999866485596
1998-11-13 11:00:29+00:00,405.0,6.590000152587891
1998-11-13 11:05:33+00:00,390.0,8.630000114440918
1998-11-13 11:10:34+00:00,388.0,8.25
1998-11-13 11:15:36+00:00,412.0,6.070000171661377
1998-11-13 11:20:41+00:00,402.0,7.5
1998-11-13 11:25:41+00:00,399.0,6.929999828338623
1998-11-13 11:30:43+00:00,388.0,8.449999809265137
1998-11-13 11:35:44+00:00,388.0,8.369999885559082
1998-11-13 11:40:48+00:00,385.0,7.909999847412109
1998-11-13 11:45:49+00:00,387.0,6.409999847412109
1998-11-13 11:50:51+00:00,391.0,6.460000038146973
1998-11-13 11:55:55+00:00,389.0,6.369999885559082
1998-11-13 12:00:56+00:00,392.0,5.579999923706055
1998-11-13 12:05:58+00:00,382.0,5.610000133514404
1998-11-13 12:11:01+00:00,382.0,4.880000114440918
1998-11-13 12:16:03+00:00,384.0,4.980000019073486
1998-11-13 12:21:05+00:00,387.0,5.619999885559082
1998-11-13 12:26:08+00:00,388.0,5.46999979019165
1998-11-13 12:31:10+00:00,385.0,5.25
1998-11-13 12:36:11+00:00,393.0,5.690000057220459
1998-11-13 12:41:13+00:00,394.0,5.769999980926514
1998-11-13 12:46:16+00:00,397.0,5.210000038146973
1998-11-13 12:51:18+00:00,389.0,5.170000076293945
1998-11-13 12:56:22+00:00,385.0,5.489999771118164
1998-11-13 13:01:22+00:00,383.0,5.050000190734863
1998-11-13 13:06:25+00:00,395.0,4.150000095367432
1998-11-13 13:11:27+00:00,408.0,4.190000057220459
1998-11-13 13:16:28+00:00,424.0,2.5399999618530273
1998-11-13 13:21:32+00:00,389.0,2.880000114440918
1998-11-13 13:26:35+00:00,410.0,4.699999809265137
1998-11-13 13:31:35+00:00,409.0,4.110000133514404
1998-11-13 13:36:38+00:00,392.0,4.96999979019165
1998-11-13 13:41:40+00:00,388.0,4.650000095367432
1998-11-13 13:46:42+00:00,376.0,2.990000009536743
1998-11-13 13:51:45+00:00,369.0,2.6500000953674316
1998-11-13 13:56:49+00:00,385.0,2.569999933242798
1998-11-13 14:01:49+00:00,384.0,3.630000114440918
1998-11-13 14:06:52+00:00,378.0,3.0899999141693115
1998-11-13 14:11:54+00:00,373.0,2.869999885559082
1998-11-13 14:16:55+00:00,369.0,2.569999933242798
1998-11-13 14:21:57+00:00,375.0,3.5999999046325684
1998-11-13 14:27:03+00:00,370.0,5.599999904632568
1998-11-13 14:32:02+00:00,386.0,9.619999885559082
1998-11-13 14:37:04+00:00,383.0,10.170000076293945
1998-11-13 14:42:07+00:00,382.0,8.729999542236328
1998-11-13 14:47:09+00:00,382.0,7.170000076293945
1998-11-13 14:52:11+00:00,379.0,7.210000038146973
1998-11-13 14:57:12+00:00,407.0,7.21999979019165
1998-11-13 15:02:16+00:00,388.0,8.020000457763672
1998-11-13 15:07:17+00:00,387.0,7.119999885559082
1998-11-13 15:12:19+00:00,386.0,8.100000381469727
1998-11-13 15:17:22+00:00,384.0,8.399999618530273
1998-11-13 15:22:24+00:00,388.0,7.440000057220459
1998-11-13 15:27:26+00:00,386.0,7.510000228881836
1998-11-13 15:32:29+00:00,386.0,8.380000114440918
1998-11-13 15:37:31+00:00,383.0,8.649999618530273
1998-11-13 15:42:32+00:00,378.0,7.369999885559082
1998-11-13 15:47:36+00:00,375.0,6.760000228881836
1998-11-13 15:52:38+00:00,361.0,6.019999980926514
1998-11-13 15:57:39+00:00,386.0,6.829999923706055
1998-11-13 16:02:43+00:00,382.0,6.349999904632568
1998-11-13 16:07:44+00:00,379.0,6.550000190734863
1998-11-13 16:12:46+00:00,377.0,7.320000171661377
1998-11-13 16:17:48+00:00,378.0,8.720000267028809
1998-11-13 16:22:51+00:00,379.0,8.170000076293945
1998-11-13 16:27:53+00:00,381.0,7.650000095367432
1998-11-13 16:32:57+00:00,370.0,8.859999656677246
1998-11-13 16:37:56+00:00,370.0,8.4399995803833
1998-11-13 16:43:00+00:00,373.0,8.369999885559082
1998-11-13 16:48:01+00:00,376.0,7.75
1998-11-13 16:53:03+00:00,375.0,7.510000228881836
1998-11-13 16:58:06+00:00,373.0,7.840000152587891
1998-11-13 17:03:10+00:00,373.0,8.449999809265137
1998-11-13 17:08:10+00:00,371.0,6.949999809265137
1998-11-13 17:13:13+00:00,372.0,7.440000057220459
1998-11-13 17:18:15+00:00,374.0,7.360000133514404
1998-11-13 17:23:16+00:00,374.0,7.059999942779541
1998-11-21 00:30:16+00:00,463.0,4.570000171661377
1998-11-21 00:35:18+00:00,463.0,4.519999980926514
1998-11-21 00:40:21+00:00,466.0,4.389999866485596
1998-11-21 00:45:25+00:00,466.0,4.360000133514404
1998-11-21 00:50:25+00:00,468.0,4.349999904632568
1998-11-21 00:55:28+00:00,464.0,4.389999866485596
1998-11-21 01:00:30+00:00,466.0,4.380000114440918
1998-11-21 01:05:31+00:00,472.0,4.260000228881836
1998-11-21 01:10:35+00:00,456.0,4.670000076293945
1998-11-21 01:15:39+00:00,454.0,4.820000171661377
1998-11-21 01:20:39+00:00,455.0,4.75
1998-11-21 01:25:40+00:00,455.0,4.639999866485596
1998-11-21 01:30:43+00:00,455.0,4.599999904632568
1998-11-21 01:35:45+00:00,453.0,4.639999866485596
1998-11-21 01:40:47+00:00,442.0,4.829999923706055
1998-11-21 01:45:52+00:00,448.0,4.440000057220459
1998-11-21 01:50:52+00:00,443.0,4.699999809265137
1998-11-21 01:55:53+00:00,446.0,4.369999885559082
1998-11-21 02:00:57+00:00,448.0,4.449999809265137
1998-11-21 02:05:59+00:00,448.0,4.559999942779541
1998-11-21 02:11:00+00:00,448.0,4.579999923706055
1998-11-21 02:16:02+00:00,447.0,4.619999885559082
1998-11-21 02:21:06+00:00,444.0,4.659999847412109
1998-11-21 02:26:07+00:00,438.0,4.559999942779541
1998-11-21 02:31:09+00:00,436.0,4.480000019073486
1998-11-21 02:36:12+00:00,440.0,4.309999942779541
1998-11-21 02:41:14+00:00,439.0,4.289999961853027
1998-11-21 02:46:15+00:00,434.0,4.409999847412109
1998-11-21 02:51:19+00:00,432.0,4.369999885559082
1998-11-21 02:56:21+00:00,442.0,4.199999809265137
1998-11-21 03:01:22+00:00,444.0,4.389999866485596
1998-11-21 03:06:24+00:00,443.0,4.210000038146973
1998-11-21 03:11:27+00:00,444.0,4.039999961853027
1998-11-21 03:16:29+00:00,445.0,4.059999942779541
1998-11-21 03:21:33+00:00,445.0,4.179999828338623
1998-11-21 03:26:34+00:00,439.0,4.25
1998-11-21 03:31:36+00:00,437.0,4.340000152587891
1998-11-21 03:36:37+00:00,440.0,4.139999866485596
1998-11-21 03:41:41+00:00,441.0,4.210000038146973
1998-11-21 03:46:43+00:00,441.0,4.110000133514404
1998-11-21 03:51:46+00:00,443.0,4.320000171661377
1998-11-21 03:56:46+00:00,439.0,5.0
1998-11-21 04:01:49+00:00,438.0,5.150000095367432
1998-11-21 04:06:51+00:00,440.0,5.099999904632568
1998-11-21 04:11:53+00:00,439.0,5.190000057220459
1998-11-21 04:16:56+00:00,439.0,5.130000114440918
1998-11-21 04:22:00+00:00,441.0,5.050000190734863
1998-11-21 04:27:01+00:00,435.0,5.21999979019165
1998-11-21 04:32:04+00:00,434.0,5.050000190734863
1998-11-21 04:37:06+00:00,433.0,5.25
1998-11-21 04:42:07+00:00,433.0,4.980000019073486
1998-11-21 04:47:09+00:00,431.0,4.28000020980835
1998-11-21 04:52:14+00:00,427.0,4.25
1998-11-21 04:57:14+00:00,428.0,4.28000020980835
1998-11-21 05:02:16+00:00,428.0,4.110000133514404
1998-11-21 05:07:19+00:00,420.0,4.539999961853027
1998-11-21 05:12:21+00:00,424.0,4.360000133514404
1998-11-21 05:17:22+00:00,425.0,4.28000020980835
1998-11-21 05:22:28+00:00,429.0,4.340000152587891
1998-11-21 05:27:28+00:00,431.0,4.559999942779541
1998-11-21 05:32:29+00:00,435.0,4.230000019073486
1998-11-21 05:37:31+00:00,434.0,4.380000114440918
1998-11-21 05:42:34+00:00,429.0,4.199999809265137
1998-11-21 05:47:36+00:00,434.0,4.320000171661377
1998-11-21 05:52:38+00:00,436.0,4.210000038146973
1998-11-21 05:57:41+00:00,433.0,4.21999979019165
1998-11-21 06:02:43+00:00,432.0,4.320000171661377
1998-11-21 06:07:44+00:00,435.0,4.380000114440918
1998-11-21 06:12:48+00:00,438.0,4.480000019073486
1998-11-21 06:17:49+00:00,438.0,4.420000076293945
1998-11-21 06:22:51+00:00,437.0,4.360000133514404
1998-11-21 06:27:55+00:00,437.0,4.340000152587891
1998-11-21 06:32:56+00:00,436.0,4.480000019073486
1998-11-21 06:38:28+00:00,437.0,4.639999866485596
1998-11-21 06:43:30+00:00,434.0,4.789999961853027
1998-11-21 06:48:33+00:00,430.0,4.909999847412109
1998-11-21 06:53:35+00:00,428.0,4.960000038146973
1998-11-21 06:58:38+00:00,427.0,4.940000057220459
1998-11-21 07:03:40+00:00,430.0,5.070000171661377
1998-11-21 07:08:41+00:00,425.0,5.179999828338623
1998-11-21 07:13:43+00:00,422.0,5.340000152587891
1998-11-21 07:18:47+00:00,421.0,5.440000057220459
1998-11-21 07:23:48+00:00,424.0,4.789999961853027
1998-11-21 07:28:52+00:00,420.0,4.639999866485596
1998-11-21 07:33:52+00:00,417.0,5.099999904632568
1998-11-21 07:38:55+00:00,426.0,4.320000171661377
1998-11-21 07:43:57+00:00,422.0,4.260000228881836
1998-11-21 07:48:58+00:00,422.0,4.210000038146973
1998-11-21 07:54:02+00:00,420.0,4.170000076293945
1998-11-21 07:59:06+00:00,421.0,4.400000095367432
1998-11-21 08:04:05+00:00,421.0,4.570000171661377
1998-11-21 08:09:09+00:00,418.0,4.659999847412109
1998-11-21 08:14:10+00:00,421.0,4.340000152587891
1998-11-21 08:19:12+00:00,426.0,4.510000228881836
1998-11-21 08:24:13+00:00,425.0,4.960000038146973
1998-11-21 08:29:19+00:00,426.0,4.71999979019165
1998-11-21 08:34:19+00:00,424.0,4.289999961853027
1998-11-21 08:39:20+00:00,423.0,4.400000095367432
1998-11-21 08:44:24+00:00,421.0,4.699999809265137
1998-11-21 08:49:25+00:00,428.0,4.340000152587891
1998-11-21 08:54:27+00:00,433.0,4.090000152587891
1998-11-21 08:59:33+00:00,429.0,4.389999866485596
1998-11-21 09:04:32+00:00,428.0,4.559999942779541
1998-11-21 09:09:34+00:00,424.0,4.840000152587891
1998-11-21 09:14:35+00:00,426.0,4.599999904632568
1998-11-21 09:19:39+00:00,423.0,4.440000057220459
1998-11-21 09:24:41+00:00,425.0,4.289999961853027
1998-11-21 09:29:42+00:00,422.0,4.130000114440918
1998-11-21 09:34:46+00:00,424.0,4.03000020980835
1998-11-21 09:39:47+00:00,424.0,4.289999961853027
1998-11-21 09:44:49+00:00,426.0,4.190000057220459
1998-11-21 09:49:51+00:00,422.0,4.610000133514404
1998-11-21 09:54:54+00:00,422.0,4.119999885559082
1998-11-21 09:59:56+00:00,418.0,4.639999866485596
1998-11-21 10:05:00+00:00,415.0,4.599999904632568
1998-11-21 10:10:01+00:00,426.0,4.900000095367432
1998-11-21 10:15:03+00:00,418.0,5.079999923706055
1998-11-21 10:20:04+00:00,411.0,4.739999771118164
1998-11-21 10:25:08+00:00,411.0,4.710000038146973
1998-11-21 10:30:09+00:00,405.0,4.849999904632568
1998-11-21 10:35:13+00:00,417.0,4.989999771118164
1998-11-21 10:40:13+00:00,413.0,4.880000114440918
1998-11-21 10:45:16+00:00,404.0,5.420000076293945
1998-11-21 10:50:18+00:00,411.0,5.079999923706055
1998-11-21 10:55:19+00:00,407.0,5.289999961853027
1998-11-21 11:00:23+00:00,407.0,5.239999771118164
1998-11-21 11:05:27+00:00,407.0,4.860000133514404
1998-11-21 11:10:26+00:00,404.0,4.849999904632568
1998-11-21 11:15:30+00:00,395.0,5.039999961853027
1998-11-21 11:20:31+00:00,395.0,4.929999828338623
1998-11-21 11:25:33+00:00,396.0,4.96999979019165
1998-11-21 11:30:35+00:00,400.0,5.099999904632568
1998-11-21 11:35:40+00:00,399.0,5.050000190734863
1998-11-21 11:40:40+00:00,397.0,5.96999979019165
1998-11-21 11:45:41+00:00,397.0,5.760000228881836
1998-11-21 11:50:45+00:00,394.0,5.880000114440918
1998-11-21 11:55:47+00:00,396.0,5.789999961853027
1998-11-21 12:00:48+00:00,394.0,5.880000114440918
1998-11-21 12:05:54+00:00,393.0,5.949999809265137
1998-11-21 12:10:54+00:00,394.0,5.989999771118164
1998-11-21 12:15:55+00:00,393.0,6.130000114440918
1998-11-21 12:20:57+00:00,392.0,6.260000228881836
1998-11-21 12:26:00+00:00,394.0,6.239999771118164
1998-11-21 12:31:02+00:00,393.0,6.639999866485596
1998-11-21 12:36:03+00:00,392.0,6.340000152587891
1998-11-21 12:41:07+00:00,393.0,6.28000020980835
1998-11-21 12:46:08+00:00,391.0,6.360000133514404
1998-11-21 12:51:10+00:00,393.0,6.039999961853027
1998-11-21 12:56:14+00:00,390.0,6.420000076293945
1998-11-21 13:01:15+00:00,392.0,6.400000095367432
1998-11-21 13:06:17+00:00,392.0,6.460000038146973
1998-11-21 13:11:51+00:00,391.0,6.480000019073486
1998-11-21 13:16:52+00:00,388.0,6.099999904632568
1998-11-21 13:21:54+00:00,390.0,6.070000171661377
1998-11-21 13:26:57+00:00,391.0,6.110000133514404
1998-11-21 13:31:59+00:00,392.0,6.329999923706055
1998-11-21 13:37:00+00:00,392.0,6.449999809265137
1998-11-21 13:42:04+00:00,393.0,6.170000076293945
1998-11-21 13:47:06+00:00,392.0,6.190000057220459
1998-11-21 13:52:07+00:00,394.0,6.070000171661377
1998-11-21 13:57:09+00:00,392.0,6.059999942779541
1998-11-21 14:02:12+00:00,391.0,6.199999809265137
1998-11-21 14:07:14+00:00,393.0,5.940000057220459
1998-11-21 14:12:18+00:00,390.0,5.809999942779541
1998-11-21 14:17:18+00:00,388.0,5.079999923706055
1998-11-21 14:22:21+00:00,391.0,4.900000095367432
1998-11-21 14:27:22+00:00,392.0,5.139999866485596
1998-11-21 14:32:24+00:00,391.0,5.019999980926514
1998-11-21 14:37:28+00:00,397.0,5.019999980926514
1998-11-21 14:42:31+00:00,395.0,5.170000076293945
1998-11-21 14:47:31+00:00,392.0,5.420000076293945
1998-11-21 14:52:34+00:00,392.0,5.199999809265137
1998-11-21 14:57:36+00:00,391.0,5.46999979019165
1998-11-21 15:02:38+00:00,394.0,5.269999980926514
1998-11-21 15:07:41+00:00,390.0,5.309999942779541
1998-11-21 15:12:45+00:00,394.0,5.28000020980835
1998-11-21 15:17:45+00:00,397.0,5.0
1998-11-21 15:22:46+00:00,394.0,5.340000152587891
1998-11-21 15:27:50+00:00,394.0,5.480000019073486
1998-11-21 15:32:51+00:00,395.0,5.610000133514404
1998-11-21 15:37:53+00:00,395.0,5.380000114440918
1998-11-21 15:42:58+00:00,398.0,5.28000020980835
1998-11-21 15:47:58+00:00,396.0,5.550000190734863
1998-11-21 15:53:00+00:00,396.0,5.570000171661377
1998-11-21 15:58:01+00:00,397.0,5.699999809265137
1998-11-21 16:03:05+00:00,397.0,5.670000076293945
1998-11-21 16:08:06+00:00,396.0,5.78000020980835
1998-11-21 16:13:08+00:00,396.0,5.809999942779541
1998-11-21 16:18:12+00:00,396.0,5.28000020980835
1998-11-21 16:23:13+00:00,398.0,5.460000038146973
1998-11-21 16:28:15+00:00,401.0,5.019999980926514
1998-11-21 16:33:18+00:00,402.0,5.159999847412109
1998-11-21 16:38:20+00:00,401.0,5.099999904632568
1998-11-21 16:43:22+00:00,406.0,4.789999961853027
1998-11-21 16:48:25+00:00,405.0,4.849999904632568
1998-11-21 16:53:27+00:00,402.0,4.78000020980835
1998-11-21 16:58:28+00:00,399.0,4.909999847412109
1998-11-21 17:03:30+00:00,400.0,5.0
1998-11-21 17:08:34+00:00,400.0,4.690000057220459
1998-11-21 17:13:35+00:00,407.0,5.079999923706055
1998-11-21 17:18:39+00:00,408.0,5.570000171661377
1998-11-21 17:23:39+00:00,407.0,5.710000038146973
1998-11-21 17:28:42+00:00,406.0,5.840000152587891
1998-11-21 17:33:44+00:00,407.0,5.840000152587891
1998-11-21 17:38:45+00:00,407.0,5.619999885559082
1998-11-21 17:43:49+00:00,408.0,5.559999942779541
1998-11-21 17:48:52+00:00,406.0,5.559999942779541
1998-11-21 17:53:52+00:00,404.0,5.760000228881836
1998-11-21 17:58:56+00:00,403.0,5.5
1998-11-21 18:03:57+00:00,406.0,5.519999980926514
1998-11-21 18:08:59+00:00,407.0,5.730000019073486
1998-11-21 18:14:02+00:00,406.0,5.71999979019165
1998-11-21 18:19:06+00:00,403.0,6.039999961853027
1998-11-21 18:24:06+00:00,402.0,6.429999828338623
1998-11-21 18:29:07+00:00,400.0,5.900000095367432
1998-11-21 18:34:11+00:00,401.0,5.960000038146973
1998-11-21 18:39:12+00:00,401.0,6.019999980926514
1998-11-21 18:44:14+00:00,402.0,5.989999771118164
1998-11-21 18:49:20+00:00,401.0,5.949999809265137
1998-11-21 18:54:19+00:00,399.0,6.21999979019165
1998-11-21 18:59:21+00:00,399.0,6.150000095367432
1998-11-21 19:04:24+00:00,398.0,5.989999771118164
1998-11-21 19:09:26+00:00,398.0,5.809999942779541
1998-11-21 19:14:28+00:00,396.0,6.03000020980835
1998-11-21 19:19:29+00:00,398.0,6.199999809265137
1998-11-21 19:24:33+00:00,395.0,6.320000171661377
1998-11-21 19:29:34+00:00,398.0,6.170000076293945
1998-11-21 19:34:36+00:00,400.0,6.010000228881836
1998-11-21 19:39:39+00:00,400.0,6.110000133514404
1998-11-21 19:44:41+00:00,398.0,6.25
1998-11-21 19:49:43+00:00,399.0,5.989999771118164
1998-11-21 19:54:47+00:00,397.0,6.190000057220459
1998-11-21 19:59:48+00:00,400.0,5.96999979019165
1998-11-21 20:04:50+00:00,399.0,5.889999866485596
1998-11-21 20:09:51+00:00,402.0,5.800000190734863
1998-11-21 20:14:55+00:00,407.0,6.119999885559082
1998-11-21 20:19:56+00:00,405.0,6.170000076293945
1998-11-21 20:25:00+00:00,406.0,5.28000020980835
1998-11-21 20:30:02+00:00,406.0,5.53000020980835
1998-11-21 20:35:03+00:00,400.0,5.590000152587891
1998-11-21 20:40:05+00:00,400.0,6.260000228881836
1998-11-21 20:45:08+00:00,404.0,6.010000228881836
1998-11-21 20:50:10+00:00,409.0,6.159999847412109
1998-11-21 20:55:14+00:00,409.0,6.210000038146973
1998-11-21 21:00:13+00:00,403.0,5.639999866485596
1998-11-21 21:05:17+00:00,402.0,5.960000038146973
1998-11-21 21:10:18+00:00,405.0,6.059999942779541
1998-11-21 21:15:20+00:00,405.0,6.050000190734863
1998-11-21 21:20:23+00:00,407.0,5.829999923706055
1998-11-21 21:25:27+00:00,400.0,5.489999771118164
1998-11-21 21:30:27+00:00,405.0,5.550000190734863
1998-11-21 21:35:30+00:00,405.0,5.230000019073486
1998-11-21 21:40:32+00:00,404.0,5.590000152587891
1998-11-21 21:45:34+00:00,403.0,5.630000114440918
1998-11-21 21:50:35+00:00,406.0,5.789999961853027
1998-11-21 21:55:41+00:00,406.0,5.849999904632568
1998-11-21 22:00:41+00:00,402.0,6.03000020980835
1998-11-21 22:05:42+00:00,402.0,5.980000019073486
1998-11-21 22:10:45+00:00,405.0,5.829999923706055
1998-11-21 22:15:47+00:00,406.0,5.929999828338623
1998-11-21 22:20:49+00:00,410.0,6.119999885559082
1998-11-21 22:25:54+00:00,413.0,6.25
1998-11-21 22:30:54+00:00,412.0,6.010000228881836
1998-11-21 22:35:56+00:00,410.0,5.960000038146973
1998-11-21 22:40:57+00:00,409.0,5.96999979019165
1998-11-21 22:46:01+00:00,414.0,6.170000076293945
1998-11-21 22:51:02+00:00,406.0,6.059999942779541
1998-11-21 22:56:04+00:00,398.0,5.769999980926514
1998-11-21 23:01:08+00:00,403.0,5.900000095367432
1998-11-21 23:06:09+00:00,408.0,6.28000020980835
1998-11-21 23:11:11+00:00,406.0,6.050000190734863
1998-11-21 23:16:14+00:00,395.0,6.0
1998-11-21 23:21:16+00:00,395.0,6.079999923706055
1998-11-21 23:26:18+00:00,398.0,6.010000228881836
1998-11-21 23:31:21+00:00,397.0,6.050000190734863
1998-11-21 23:36:23+00:00,402.0,6.230000019073486
1998-11-21 23:41:24+00:00,402.0,6.329999923706055
1998-11-21 23:46:26+00:00,402.0,6.360000133514404
1998-11-21 23:51:29+00:00,408.0,5.860000133514404
1998-11-21 23:56:31+00:00,404.0,6.28000020980835
1998-11-22 00:00:05+00:00,405.0,6.25
1998-11-22 00:05:05+00:00,404.0,6.420000076293945
1998-11-22 00:10:06+00:00,404.0,6.5
1998-11-22 00:15:10+00:00,401.0,6.659999847412109
1998-11-22 00:20:11+00:00,398.0,6.699999809265137
1998-11-22 00:25:13+00:00,400.0,6.519999980926514
1998-11-22 00:30:19+00:00,404.0,6.320000171661377
1998-11-22 00:35:18+00:00,406.0,6.329999923706055
1998-11-22 00:40:20+00:00,408.0,6.510000228881836
1998-11-22 00:45:23+00:00,416.0,6.260000228881836
1998-11-22 00:50:25+00:00,415.0,6.300000190734863
1998-11-22 00:55:26+00:00,404.0,6.579999923706055
1998-11-22 01:00:28+00:00,408.0,6.340000152587891
1998-11-22 01:05:32+00:00,403.0,6.090000152587891
1998-11-22 01:10:33+00:00,403.0,6.360000133514404
1998-11-22 01:15:35+00:00,398.0,6.230000019073486
1998-11-22 01:20:38+00:00,400.0,6.150000095367432
1998-11-22 01:25:40+00:00,408.0,6.260000228881836
1998-11-22 01:30:42+00:00,408.0,6.25
1998-11-22 01:35:45+00:00,405.0,6.5
1998-11-22 01:40:47+00:00,394.0,6.170000076293945
1998-11-22 01:45:48+00:00,399.0,6.480000019073486
1998-11-22 01:50:50+00:00,397.0,6.539999961853027
1998-11-22 01:55:54+00:00,396.0,6.570000171661377
1998-11-22 02:00:55+00:00,398.0,6.650000095367432
1998-11-22 02:05:59+00:00,398.0,6.510000228881836
1998-11-22 02:11:00+00:00,399.0,6.320000171661377
1998-11-22 02:16:02+00:00,394.0,6.340000152587891
1998-11-22 02:21:04+00:00,395.0,6.449999809265137
1998-11-22 02:26:05+00:00,396.0,6.21999979019165
1998-11-22 02:31:09+00:00,391.0,6.21999979019165
1998-11-22 02:36:13+00:00,391.0,6.360000133514404
1998-11-22 02:41:12+00:00,392.0,6.059999942779541
1998-11-22 02:46:16+00:00,389.0,5.920000076293945
1998-11-22 02:51:17+00:00,390.0,6.119999885559082
1998-11-22 02:56:19+00:00,390.0,6.019999980926514
1998-11-22 03:01:22+00:00,390.0,6.320000171661377
1998-11-22 03:06:26+00:00,390.0,6.21999979019165
1998-11-22 03:11:26+00:00,390.0,6.289999961853027
1998-11-22 03:16:27+00:00,388.0,6.070000171661377
1998-11-22 03:21:31+00:00,388.0,6.199999809265137
1998-11-22 03:26:32+00:00,391.0,6.53000020980835
1998-11-22 03:31:34+00:00,390.0,6.320000171661377
1998-11-22 03:36:40+00:00,386.0,6.420000076293945
1998-11-22 03:41:39+00:00,388.0,6.75
1998-11-22 03:46:41+00:00,388.0,6.820000171661377
1998-11-22 03:51:44+00:00,388.0,6.769999980926514
1998-11-22 03:56:46+00:00,386.0,6.510000228881836
1998-11-22 04:01:48+00:00,386.0,5.960000038146973
1998-11-22 04:06:50+00:00,386.0,6.039999961853027
1998-11-22 04:11:54+00:00,385.0,6.090000152587891
1998-11-22 04:16:55+00:00,383.0,6.099999904632568
1998-11-22 04:21:57+00:00,383.0,6.139999866485596
1998-11-22 04:27:00+00:00,384.0,6.269999980926514
1998-11-22 04:32:02+00:00,383.0,6.039999961853027
1998-11-22 04:37:04+00:00,385.0,5.809999942779541
1998-11-22 04:42:07+00:00,382.0,5.630000114440918
1998-11-22 04:47:09+00:00,382.0,5.710000038146973
1998-11-22 04:52:10+00:00,382.0,5.590000152587891
1998-11-22 04:57:12+00:00,379.0,5.179999828338623
1998-11-22 05:02:15+00:00,379.0,5.369999885559082
1998-11-22 05:07:17+00:00,381.0,5.190000057220459
1998-11-22 05:12:21+00:00,383.0,5.550000190734863
1998-11-22 05:17:22+00:00,381.0,5.369999885559082
1998-11-22 05:22:24+00:00,383.0,5.409999847412109
1998-11-22 05:27:26+00:00,382.0,5.679999828338623
1998-11-22 05:32:29+00:00,382.0,5.630000114440918
1998-11-22 05:37:31+00:00,380.0,5.400000095367432
1998-11-22 05:42:34+00:00,380.0,5.570000171661377
1998-11-22 05:47:34+00:00,383.0,5.909999847412109
1998-11-22 05:52:37+00:00,380.0,6.019999980926514
1998-11-22 05:57:39+00:00,381.0,6.139999866485596
1998-11-22 06:02:41+00:00,381.0,6.309999942779541
1998-11-22 06:07:44+00:00,380.0,5.949999809265137
1998-11-22 06:12:48+00:00,384.0,6.400000095367432
1998-11-22 06:17:48+00:00,380.0,5.920000076293945
1998-11-22 06:22:51+00:00,380.0,5.900000095367432
1998-11-22 06:27:53+00:00,380.0,5.929999828338623
1998-11-22 06:32:54+00:00,380.0,6.079999923706055
1998-11-22 06:37:56+00:00,381.0,5.960000038146973
1998-11-22 06:43:02+00:00,383.0,5.829999923706055
1998-11-22 06:48:01+00:00,382.0,5.860000133514404
1998-11-22 06:53:03+00:00,383.0,5.909999847412109
1998-11-22 06:58:06+00:00,383.0,5.630000114440918
1998-11-22 07:03:08+00:00,380.0,5.699999809265137
1998-11-22 07:08:09+00:00,382.0,5.929999828338623
1998-11-22 07:13:15+00:00,384.0,6.079999923706055
1998-11-22 07:18:15+00:00,384.0,5.96999979019165
1998-11-22 07:23:16+00:00,385.0,5.170000076293945
1998-11-22 07:28:18+00:00,389.0,4.019999980926514
1998-11-22 07:33:21+00:00,395.0,3.0399999618530273
1998-11-22 07:38:23+00:00,390.0,3.7699999809265137
1998-11-22 07:43:25+00:00,390.0,3.7300000190734863
1998-11-22 07:48:28+00:00,389.0,4.28000020980835
1998-11-22 07:53:30+00:00,387.0,4.599999904632568
1998-11-22 07:58:31+00:00,384.0,4.989999771118164
1998-11-22 08:03:35+00:00,385.0,4.820000171661377
1998-11-22 08:08:37+00:00,386.0,4.920000076293945
1998-11-22 08:13:38+00:00,386.0,4.800000190734863
1998-11-22 08:18:42+00:00,387.0,5.130000114440918
1998-11-22 08:23:43+00:00,386.0,5.210000038146973
1998-11-22 08:28:45+00:00,387.0,5.510000228881836
1998-11-22 08:33:47+00:00,387.0,5.139999866485596
1998-11-22 08:38:50+00:00,386.0,4.880000114440918
1998-11-22 08:43:52+00:00,386.0,5.050000190734863
1998-11-22 08:48:56+00:00,386.0,5.289999961853027
1998-11-22 08:53:55+00:00,387.0,4.429999828338623
1998-11-22 08:58:59+00:00,385.0,4.349999904632568
1998-11-22 09:04:00+00:00,385.0,4.429999828338623
1998-11-22 09:09:02+00:00,386.0,4.429999828338623
1998-11-22 09:14:05+00:00,386.0,4.420000076293945
1998-11-22 09:19:09+00:00,386.0,4.699999809265137
1998-11-22 09:24:09+00:00,387.0,4.170000076293945
1998-11-22 09:29:12+00:00,386.0,4.079999923706055
1998-11-22 09:34:14+00:00,390.0,3.6700000762939453
1998-11-22 09:39:15+00:00,389.0,3.9000000953674316
1998-11-22 09:44:19+00:00,389.0,4.059999942779541
1998-11-22 09:49:23+00:00,390.0,4.519999980926514
1998-11-22 09:54:23+00:00,389.0,4.570000171661377
1998-11-22 09:59:24+00:00,390.0,4.710000038146973
1998-11-22 10:04:27+00:00,390.0,4.75
1998-11-22 10:09:29+00:00,390.0,4.679999828338623
1998-11-22 10:14:31+00:00,389.0,4.710000038146973
1998-11-22 10:19:36+00:00,385.0,4.329999923706055
1998-11-22 10:24:36+00:00,386.0,4.110000133514404
1998-11-22 10:29:37+00:00,387.0,4.239999771118164
1998-11-22 10:34:41+00:00,389.0,4.389999866485596
1998-11-22 10:39:43+00:00,387.0,4.309999942779541
1998-11-22 10:44:44+00:00,385.0,4.860000133514404
1998-11-22 10:49:46+00:00,388.0,4.800000190734863
1998-11-22 10:54:50+00:00,386.0,5.03000020980835
1998-11-22 10:59:51+00:00,387.0,5.170000076293945
1998-11-22 11:04:53+00:00,386.0,5.829999923706055
1998-11-22 11:09:56+00:00,386.0,5.889999866485596
1998-11-22 11:14:58+00:00,386.0,5.690000057220459
1998-11-22 11:19:59+00:00,383.0,5.670000076293945
1998-11-22 11:25:03+00:00,385.0,5.329999923706055
1998-11-22 11:30:05+00:00,385.0,5.5
1998-11-22 11:35:06+00:00,384.0,5.400000095367432
1998-11-22 11:40:08+00:00,381.0,5.309999942779541
1998-11-22 11:45:11+00:00,380.0,5.269999980926514
1998-11-22 11:50:13+00:00,381.0,5.699999809265137
1998-11-22 11:55:17+00:00,381.0,5.849999904632568
1998-11-22 12:00:17+00:00,387.0,6.159999847412109
1998-11-22 12:05:20+00:00,382.0,5.940000057220459
1998-11-22 12:10:21+00:00,384.0,5.989999771118164
1998-11-22 12:15:23+00:00,383.0,6.0
1998-11-22 12:20:27+00:00,380.0,5.900000095367432
1998-11-22 12:25:30+00:00,377.0,5.71999979019165
1998-11-22 12:30:30+00:00,377.0,5.659999847412109
1998-11-22 12:35:33+00:00,372.0,5.460000038146973
1998-11-22 12:40:35+00:00,378.0,5.590000152587891
1998-11-22 12:45:37+00:00,382.0,6.03000020980835
1998-11-22 12:50:40+00:00,381.0,6.050000190734863
1998-11-22 12:55:44+00:00,381.0,5.860000133514404
1998-11-22 13:00:44+00:00,382.0,5.730000019073486
1998-11-22 13:05:45+00:00,384.0,5.460000038146973
1998-11-22 13:10:49+00:00,382.0,6.03000020980835
1998-11-22 13:15:50+00:00,384.0,5.829999923706055
1998-11-22 13:20:52+00:00,392.0,5.260000228881836
1998-11-22 13:25:57+00:00,389.0,5.010000228881836
1998-11-22 13:30:57+00:00,382.0,5.449999809265137
1998-11-22 13:35:59+00:00,383.0,5.289999961853027
1998-11-22 13:41:02+00:00,389.0,5.139999866485596
1998-11-22 13:46:04+00:00,395.0,5.5
1998-11-22 13:51:05+00:00,405.0,5.900000095367432
1998-11-22 13:56:07+00:00,407.0,6.110000133514404
1998-11-22 14:01:11+00:00,405.0,7.110000133514404
1998-11-22 14:06:12+00:00,407.0,7.300000190734863
1998-11-22 14:11:14+00:00,403.0,7.230000019073486
1998-11-22 14:16:17+00:00,399.0,7.119999885559082
1998-11-22 14:21:19+00:00,395.0,6.869999885559082
1998-11-22 14:26:21+00:00,399.0,6.489999771118164
1998-11-22 14:31:24+00:00,396.0,5.960000038146973
1998-11-22 14:36:26+00:00,395.0,6.25
1998-11-22 14:41:27+00:00,393.0,6.409999847412109
1998-11-22 14:46:29+00:00,393.0,6.539999961853027
1998-11-22 14:51:33+00:00,397.0,6.570000171661377
1998-11-22 14:56:34+00:00,392.0,6.409999847412109
1998-11-22 15:01:38+00:00,388.0,6.539999961853027
1998-11-22 15:06:39+00:00,388.0,6.519999980926514
1998-11-22 15:11:41+00:00,389.0,6.820000171661377
1998-11-22 15:16:43+00:00,388.0,6.570000171661377
1998-11-22 15:21:46+00:00,384.0,6.409999847412109
1998-11-22 15:26:48+00:00,386.0,6.809999942779541
1998-11-22 15:31:51+00:00,388.0,7.179999828338623
1998-11-22 15:36:51+00:00,387.0,7.25
1998-11-22 15:42:24+00:00,388.0,7.21999979019165
1998-11-22 15:47:26+00:00,386.0,6.960000038146973
1998-11-22 15:52:28+00:00,389.0,7.519999980926514
1998-11-22 15:57:31+00:00,388.0,7.28000020980835
1998-11-22 16:02:35+00:00,385.0,7.199999809265137
1998-11-22 16:07:35+00:00,385.0,6.940000057220459
1998-11-22 16:12:38+00:00,385.0,6.840000152587891
1998-11-22 16:17:40+00:00,385.0,6.900000095367432
1998-11-22 16:22:41+00:00,385.0,6.909999847412109
1998-11-22 16:27:45+00:00,383.0,6.679999828338623
1998-11-22 16:32:49+00:00,382.0,6.630000114440918
1998-11-22 16:37:48+00:00,381.0,6.550000190734863
1998-11-22 16:42:52+00:00,380.0,6.650000095367432
1998-11-22 16:47:53+00:00,379.0,6.710000038146973
1998-11-22 16:52:55+00:00,377.0,7.079999923706055
1998-11-22 16:57:57+00:00,377.0,7.059999942779541
1998-11-22 17:03:02+00:00,374.0,6.940000057220459
1998-11-22 17:08:02+00:00,374.0,6.900000095367432
1998-11-22 17:13:03+00:00,374.0,6.369999885559082
1998-11-22 17:18:07+00:00,374.0,6.329999923706055
1998-11-22 17:23:08+00:00,375.0,6.320000171661377
1998-11-22 17:28:10+00:00,376.0,6.159999847412109
1998-11-22 17:33:12+00:00,377.0,6.170000076293945
1998-11-22 17:38:16+00:00,377.0,6.329999923706055
1998-11-22 17:43:17+00:00,380.0,5.960000038146973
1998-11-22 17:48:19+00:00,379.0,5.949999809265137
1998-11-22 17:53:22+00:00,370.0,5.610000133514404
1998-11-22 17:58:24+00:00,368.0,5.599999904632568
1998-11-22 18:03:25+00:00,373.0,5.340000152587891
1998-11-22 18:08:29+00:00,375.0,5.579999923706055
1998-11-22 18:13:30+00:00,383.0,5.190000057220459
1998-11-22 18:18:32+00:00,376.0,5.289999961853027
1998-11-22 18:23:36+00:00,377.0,5.179999828338623
1998-11-22 18:28:37+00:00,376.0,5.25
1998-11-22 18:33:39+00:00,374.0,5.389999866485596
1998-11-22 18:38:43+00:00,373.0,5.449999809265137
1998-11-22 18:43:44+00:00,372.0,5.559999942779541
1998-11-22 18:48:46+00:00,373.0,5.75
1998-11-22 18:53:47+00:00,378.0,5.760000228881836
1998-11-22 18:58:51+00:00,384.0,5.710000038146973
1998-11-22 19:03:52+00:00,384.0,5.789999961853027
1998-11-22 19:08:56+00:00,385.0,5.699999809265137
1998-11-22 19:13:56+00:00,376.0,6.019999980926514
1998-11-22 19:18:59+00:00,376.0,6.110000133514404
1998-11-22 19:24:01+00:00,373.0,6.389999866485596
1998-11-22 19:29:03+00:00,375.0,6.28000020980835
1998-11-22 19:34:06+00:00,375.0,6.360000133514404
1998-11-22 19:39:10+00:00,375.0,5.989999771118164
1998-11-22 19:44:10+00:00,377.0,5.989999771118164
1998-11-22 19:49:13+00:00,372.0,5.639999866485596
1998-11-22 19:54:14+00:00,379.0,5.230000019073486
1998-11-22 19:59:16+00:00,380.0,5.380000114440918
1998-11-22 20:04:20+00:00,377.0,5.289999961853027
1998-11-22 20:09:23+00:00,376.0,5.349999904632568
1998-11-22 20:14:23+00:00,376.0,5.389999866485596
1998-11-22 20:19:25+00:00,378.0,5.409999847412109
1998-11-22 20:24:28+00:00,375.0,5.389999866485596
1998-11-22 20:29:30+00:00,371.0,6.46999979019165
1998-11-22 20:34:31+00:00,369.0,6.179999828338623
1998-11-22 20:39:37+00:00,370.0,6.309999942779541
1998-11-22 20:44:37+00:00,370.0,6.539999961853027
1998-11-22 20:49:38+00:00,371.0,6.639999866485596
1998-11-22 20:54:40+00:00,373.0,6.71999979019165
1998-11-22 20:59:43+00:00,373.0,6.909999847412109
1998-11-22 21:04:45+00:00,379.0,8.239999771118164
1998-11-22 21:09:47+00:00,378.0,7.96999979019165
1998-11-22 21:14:50+00:00,377.0,7.760000228881836
1998-11-22 21:19:52+00:00,375.0,7.71999979019165
1998-11-22 21:24:53+00:00,373.0,7.590000152587891
1998-11-22 21:29:57+00:00,372.0,7.849999904632568
1998-11-22 21:34:58+00:00,372.0,8.020000457763672
1998-11-22 21:40:00+00:00,372.0,7.909999847412109
1998-11-22 21:45:04+00:00,370.0,7.260000228881836
1998-11-22 21:50:05+00:00,369.0,7.110000133514404
1998-11-22 21:55:07+00:00,368.0,7.170000076293945
1998-11-22 22:00:08+00:00,368.0,7.260000228881836
1998-11-22 22:05:12+00:00,368.0,7.690000057220459
1998-11-22 22:10:14+00:00,369.0,7.610000133514404
1998-11-22 22:15:17+00:00,370.0,6.789999961853027
1998-11-22 22:20:17+00:00,366.0,7.050000190734863
1998-11-22 22:25:20+00:00,368.0,7.070000171661377
1998-11-22 22:30:22+00:00,368.0,7.239999771118164
1998-11-22 22:35:24+00:00,366.0,7.309999942779541
1998-11-22 22:40:27+00:00,367.0,7.429999828338623
1998-11-22 22:45:31+00:00,367.0,7.71999979019165
1998-11-22 22:50:31+00:00,370.0,8.039999961853027
1998-11-22 22:55:34+00:00,367.0,6.900000095367432
1998-11-22 23:00:36+00:00,368.0,7.489999771118164
1998-11-22 23:05:37+00:00,367.0,7.650000095367432
1998-11-22 23:10:41+00:00,359.0,7.690000057220459
1998-11-22 23:15:45+00:00,350.0,7.420000076293945
1998-11-22 23:20:44+00:00,350.0,7.769999980926514
1998-11-22 23:25:46+00:00,348.0,7.5
1998-11-22 23:30:49+00:00,345.0,7.300000190734863
1998-11-22 23:35:51+00:00,355.0,6.96999979019165
1998-11-22 23:40:52+00:00,349.0,7.610000133514404
1998-11-22 23:45:58+00:00,346.0,6.949999809265137
1998-11-22 23:50:58+00:00,344.0,7.349999904632568
1998-11-22 23:55:59+00:00,342.0,7.860000133514404
1998-11-23 00:00:16+00:00,341.0,8.729999542236328
1998-11-23 00:05:04+00:00,340.0,8.359999656677246
1998-11-23 00:10:06+00:00,341.0,7.079999923706055
1998-11-23 00:15:08+00:00,340.0,7.429999828338623
1998-11-23 00:20:11+00:00,340.0,7.320000171661377
1998-11-23 00:25:13+00:00,340.0,7.309999942779541
1998-11-23 00:30:14+00:00,340.0,7.510000228881836
1998-11-23 00:35:16+00:00,340.0,8.069999694824219
1998-11-23 00:40:20+00:00,339.0,7.949999809265137
1998-11-23 00:45:21+00:00,340.0,7.78000020980835
1998-11-23 00:50:25+00:00,340.0,7.650000095367432
1998-11-23 00:55:26+00:00,340.0,7.599999904632568
1998-11-23 01:00:28+00:00,340.0,7.420000076293945
1998-11-23 01:05:30+00:00,340.0,7.369999885559082
1998-11-23 01:10:33+00:00,340.0,7.210000038146973
1998-11-23 01:15:35+00:00,340.0,7.309999942779541
1998-11-23 01:20:39+00:00,340.0,7.940000057220459
1998-11-23 01:25:38+00:00,340.0,7.820000171661377
1998-11-23 01:30:42+00:00,340.0,7.320000171661377
1998-11-23 01:35:43+00:00,340.0,7.230000019073486
1998-11-23 01:40:45+00:00,340.0,7.269999980926514
1998-11-23 01:45:48+00:00,340.0,7.260000228881836
1998-11-23 01:50:52+00:00,340.0,7.380000114440918
1998-11-23 01:55:52+00:00,340.0,7.570000171661377
1998-11-23 02:00:55+00:00,340.0,8.15999984741211
1998-11-23 02:05:57+00:00,340.0,7.860000133514404
1998-11-23 02:10:58+00:00,339.0,8.550000190734863
1998-11-23 02:16:00+00:00,338.0,8.460000038146973
1998-11-23 02:21:06+00:00,338.0,8.40999984741211
1998-11-23 02:26:06+00:00,337.0,8.470000267028809
1998-11-23 02:31:07+00:00,338.0,8.15999984741211
1998-11-23 02:36:10+00:00,339.0,7.860000133514404
1998-11-23 02:41:12+00:00,340.0,8.1899995803833
1998-11-23 02:46:14+00:00,340.0,8.239999771118164
1998-11-23 02:51:19+00:00,339.0,8.079999923706055
1998-11-23 02:56:19+00:00,339.0,8.170000076293945
1998-11-23 03:01:20+00:00,340.0,8.229999542236328
1998-11-23 03:06:22+00:00,339.0,8.170000076293945
1998-11-23 03:11:26+00:00,338.0,8.350000381469727
1998-11-23 03:16:27+00:00,339.0,8.319999694824219
1998-11-23 03:21:29+00:00,339.0,8.520000457763672
1998-11-23 03:26:33+00:00,339.0,9.1899995803833
1998-11-23 03:31:34+00:00,339.0,9.390000343322754
1998-11-23 03:36:36+00:00,339.0,9.149999618530273
1998-11-23 03:41:39+00:00,339.0,9.600000381469727
1998-11-23 03:46:41+00:00,339.0,8.529999732971191
1998-11-23 03:51:42+00:00,336.0,8.289999961853027
1998-11-23 03:56:46+00:00,336.0,7.869999885559082
1998-11-23 04:01:48+00:00,335.0,7.710000038146973
1998-11-23 04:06:50+00:00,336.0,7.670000076293945
1998-11-23 04:11:52+00:00,334.0,7.190000057220459
1998-11-23 04:16:55+00:00,334.0,6.849999904632568
1998-11-23 04:21:57+00:00,334.0,6.889999866485596
1998-11-23 04:27:01+00:00,332.0,7.050000190734863
1998-11-23 04:32:00+00:00,331.0,7.090000152587891
1998-11-23 04:37:04+00:00,332.0,7.0
1998-11-23 04:42:05+00:00,332.0,7.079999923706055
1998-11-23 04:47:07+00:00,331.0,6.429999828338623
1998-11-23 04:52:10+00:00,331.0,6.139999866485596
1998-11-23 04:57:14+00:00,332.0,6.230000019073486
1998-11-23 05:02:14+00:00,332.0,6.179999828338623
1998-11-23 05:07:17+00:00,331.0,6.139999866485596
1998-11-23 05:12:19+00:00,331.0,6.239999771118164
1998-11-23 05:17:20+00:00,329.0,6.550000190734863
1998-11-23 05:22:24+00:00,327.0,6.639999866485596
1998-11-23 05:27:28+00:00,333.0,8.100000381469727
1998-11-23 05:32:27+00:00,330.0,7.869999885559082
1998-11-23 05:37:29+00:00,336.0,9.1899995803833
1998-11-23 05:42:32+00:00,336.0,9.630000114440918
1998-11-23 05:47:34+00:00,335.0,10.319999694824219
1998-11-23 05:52:36+00:00,327.0,8.130000114440918
1998-11-23 05:57:41+00:00,324.0,7.579999923706055
1998-11-23 06:02:41+00:00,327.0,7.730000019073486
1998-11-23 06:07:42+00:00,327.0,7.619999885559082
1998-11-23 06:12:46+00:00,326.0,7.420000076293945
1998-11-23 06:17:48+00:00,324.0,7.409999847412109
1998-11-23 06:22:49+00:00,327.0,7.730000019073486
1998-11-23 06:27:51+00:00,328.0,8.0600004196167
1998-11-23 06:32:55+00:00,329.0,8.09000015258789
1998-11-23 06:37:56+00:00,330.0,8.600000381469727
1998-11-23 06:42:58+00:00,331.0,8.350000381469727
1998-11-23 06:48:01+00:00,328.0,8.470000267028809
1998-11-23 06:53:03+00:00,330.0,8.359999656677246
1998-11-23 06:58:04+00:00,331.0,7.829999923706055
1998-11-23 07:03:08+00:00,322.0,8.069999694824219
1998-11-23 07:08:10+00:00,325.0,8.149999618530273
1998-11-23 07:13:11+00:00,323.0,7.909999847412109
1998-11-23 07:18:13+00:00,327.0,8.470000267028809
1998-11-23 07:23:16+00:00,327.0,8.109999656677246
1998-11-23 07:28:18+00:00,322.0,7.699999809265137
1998-11-23 07:33:22+00:00,320.0,7.039999961853027
1998-11-23 07:38:23+00:00,322.0,6.869999885559082
1998-11-23 07:43:25+00:00,327.0,7.630000114440918
1998-11-23 07:48:26+00:00,325.0,7.539999961853027
1998-11-23 07:53:30+00:00,326.0,7.449999809265137
1998-11-23 07:58:32+00:00,325.0,9.039999961853027
1998-11-23 08:03:35+00:00,326.0,8.5
1998-11-23 08:08:35+00:00,325.0,8.220000267028809
1998-11-23 08:13:38+00:00,324.0,7.800000190734863
1998-11-23 08:18:40+00:00,323.0,7.400000095367432
1998-11-23 08:23:42+00:00,323.0,7.25
1998-11-23 08:28:45+00:00,322.0,7.960000038146973
1998-11-23 08:33:49+00:00,318.0,7.550000190734863
1998-11-23 08:38:49+00:00,319.0,7.96999979019165
1998-11-23 08:43:52+00:00,321.0,8.4399995803833
1998-11-23 08:48:54+00:00,319.0,8.489999771118164
1998-11-23 08:53:55+00:00,317.0,8.279999732971191
1998-11-23 08:58:57+00:00,318.0,8.420000076293945
1998-11-23 09:04:02+00:00,320.0,8.279999732971191
1998-11-23 09:09:02+00:00,319.0,8.020000457763672
1998-11-23 09:14:04+00:00,319.0,8.430000305175781
1998-11-23 09:19:07+00:00,320.0,9.039999961853027
1998-11-23 09:24:09+00:00,320.0,9.039999961853027
1998-11-23 09:29:10+00:00,319.0,8.899999618530273
1998-11-23 09:34:16+00:00,319.0,8.529999732971191
1998-11-23 09:39:16+00:00,321.0,9.579999923706055
1998-11-23 09:44:17+00:00,322.0,9.210000038146973
1998-11-23 09:49:19+00:00,322.0,9.40999984741211
1998-11-23 09:54:22+00:00,320.0,9.979999542236328
1998-11-23 09:59:24+00:00,321.0,10.0600004196167
1998-11-23 10:04:26+00:00,323.0,10.039999961853027
1998-11-23 10:09:29+00:00,324.0,11.229999542236328
1998-11-23 10:14:31+00:00,324.0,11.289999961853027
1998-11-23 10:19:32+00:00,325.0,12.140000343322754
1998-11-23 10:24:36+00:00,328.0,13.329999923706055
1998-11-23 10:29:38+00:00,331.0,14.630000114440918
1998-11-23 10:34:39+00:00,337.0,14.5
1998-11-23 10:39:43+00:00,344.0,15.170000076293945
1998-11-23 10:44:44+00:00,357.0,16.989999771118164
1998-11-23 10:49:46+00:00,357.0,18.850000381469727
1998-11-23 10:54:48+00:00,346.0,18.950000762939453
1998-11-23 10:59:51+00:00,347.0,19.6200008392334
1998-11-23 11:04:53+00:00,345.0,15.170000076293945
1998-11-23 11:09:57+00:00,344.0,10.770000457763672
1998-11-23 11:14:56+00:00,342.0,8.65999984741211
1998-11-23 11:20:00+00:00,344.0,7.210000038146973
1998-11-23 11:25:01+00:00,354.0,7.019999980926514
1998-11-23 11:30:05+00:00,369.0,12.989999771118164
1998-11-23 11:35:06+00:00,386.0,17.899999618530273
1998-11-23 11:40:10+00:00,381.0,18.510000228881836
1998-11-23 11:45:10+00:00,374.0,16.31999969482422
1998-11-23 11:50:13+00:00,371.0,14.960000038146973
1998-11-23 11:55:15+00:00,370.0,14.460000038146973
1998-11-23 12:00:16+00:00,370.0,13.930000305175781
1998-11-23 12:05:20+00:00,363.0,13.670000076293945
1998-11-23 12:10:24+00:00,372.0,13.220000267028809
1998-11-23 12:15:23+00:00,376.0,12.930000305175781
1998-11-23 12:20:27+00:00,372.0,12.050000190734863
1998-11-23 12:25:28+00:00,376.0,12.25
1998-11-23 12:30:30+00:00,381.0,12.069999694824219
1998-11-23 12:35:32+00:00,389.0,20.420000076293945
1998-11-23 12:40:37+00:00,392.0,18.1299991607666
1998-11-23 12:45:37+00:00,403.0,12.020000457763672
1998-11-23 12:50:38+00:00,405.0,12.59000015258789
1998-11-23 12:55:42+00:00,415.0,9.850000381469727
1998-11-23 13:00:44+00:00,415.0,9.1899995803833
1998-11-23 13:05:45+00:00,421.0,10.319999694824219
1998-11-23 13:10:47+00:00,434.0,14.069999694824219
1998-11-23 13:15:51+00:00,436.0,15.4399995803833
1998-11-23 13:20:52+00:00,435.0,16.75
1998-11-23 13:25:55+00:00,439.0,14.699999809265137
1998-11-23 13:30:57+00:00,442.0,12.9399995803833
1998-11-23 13:35:59+00:00,445.0,10.859999656677246
1998-11-23 13:41:00+00:00,461.0,9.109999656677246
1998-11-23 13:46:04+00:00,456.0,11.720000267028809
1998-11-23 13:51:06+00:00,459.0,8.9399995803833
1998-11-23 13:56:07+00:00,458.0,8.420000076293945
1998-11-23 14:01:11+00:00,453.0,9.279999732971191
1998-11-23 14:06:12+00:00,455.0,9.0
1998-11-23 14:11:14+00:00,464.0,9.020000457763672
1998-11-23 14:16:18+00:00,467.0,9.119999885559082
1998-11-23 14:21:19+00:00,468.0,9.550000190734863
1998-11-23 14:26:21+00:00,468.0,9.670000076293945
1998-11-23 14:31:22+00:00,460.0,9.899999618530273
1998-11-23 14:36:26+00:00,461.0,9.739999771118164
1998-11-23 14:41:28+00:00,467.0,9.369999885559082
1998-11-23 14:46:31+00:00,466.0,9.020000457763672
1998-11-23 14:51:31+00:00,458.0,9.079999923706055
1998-11-23 14:56:34+00:00,453.0,9.279999732971191
1998-11-23 15:01:36+00:00,468.0,9.069999694824219
1998-11-23 15:06:39+00:00,473.0,9.170000076293945
1998-11-23 15:11:41+00:00,468.0,9.100000381469727
1998-11-23 15:16:45+00:00,468.0,9.489999771118164
1998-11-23 15:21:45+00:00,467.0,9.819999694824219
1998-11-23 15:26:48+00:00,467.0,9.8100004196167
1998-11-23 15:31:49+00:00,468.0,10.510000228881836
1998-11-23 15:36:51+00:00,468.0,10.789999961853027
1998-11-23 15:41:55+00:00,467.0,10.210000038146973
1998-11-23 15:46:58+00:00,467.0,10.550000190734863
1998-11-23 15:51:58+00:00,465.0,10.680000305175781
1998-11-23 15:57:01+00:00,469.0,11.050000190734863
1998-11-23 16:02:03+00:00,471.0,10.890000343322754
1998-11-23 16:07:05+00:00,466.0,10.630000114440918
1998-11-23 16:12:06+00:00,454.0,10.619999885559082
1998-11-23 16:17:12+00:00,448.0,10.869999885559082
1998-11-23 16:22:12+00:00,446.0,10.039999961853027
1998-11-23 16:27:13+00:00,447.0,9.899999618530273
1998-11-23 16:32:17+00:00,441.0,9.760000228881836
1998-11-23 16:37:18+00:00,448.0,9.670000076293945
1998-11-23 16:42:20+00:00,462.0,10.100000381469727
1998-11-23 16:47:22+00:00,458.0,9.65999984741211
1998-11-23 16:52:25+00:00,452.0,9.289999961853027
1998-11-23 16:57:27+00:00,452.0,9.15999984741211
1998-11-23 17:02:28+00:00,454.0,10.09000015258789
1998-11-23 17:07:32+00:00,454.0,9.1899995803833
1998-11-23 17:12:33+00:00,452.0,8.430000305175781
1998-11-23 17:17:35+00:00,451.0,8.390000343322754
1998-11-23 17:22:39+00:00,451.0,8.479999542236328
1998-11-23 17:27:40+00:00,451.0,8.380000114440918
1998-11-23 17:32:42+00:00,449.0,8.270000457763672
1998-11-23 17:37:45+00:00,445.0,7.869999885559082
1998-11-23 17:42:47+00:00,452.0,8.460000038146973
1998-11-23 17:47:49+00:00,450.0,8.949999809265137
1998-11-23 17:52:52+00:00,447.0,8.760000228881836
1998-11-23 17:57:54+00:00,444.0,8.359999656677246
1998-11-23 18:02:55+00:00,439.0,9.329999923706055
1998-11-23 18:07:57+00:00,439.0,9.75
1998-11-23 18:13:01+00:00,452.0,8.59000015258789
1998-11-23 18:18:02+00:00,450.0,9.460000038146973
1998-11-23 18:23:06+00:00,449.0,9.170000076293945
1998-11-23 18:28:06+00:00,456.0,9.010000228881836
1998-11-23 18:33:09+00:00,457.0,8.479999542236328
1998-11-23 18:38:11+00:00,454.0,8.710000038146973
1998-11-23 18:43:12+00:00,461.0,8.0
1998-11-23 18:48:16+00:00,452.0,8.75
1998-11-23 18:53:20+00:00,455.0,8.550000190734863
1998-11-23 18:58:19+00:00,445.0,8.489999771118164
1998-11-23 19:03:23+00:00,449.0,8.300000190734863
1998-11-23 19:08:24+00:00,472.0,8.069999694824219
1998-11-23 19:13:26+00:00,486.0,7.789999961853027
1998-11-23 19:18:29+00:00,457.0,9.220000267028809
1998-11-23 19:23:33+00:00,458.0,8.539999961853027
1998-11-23 19:28:33+00:00,466.0,8.569999694824219
1998-11-23 19:33:34+00:00,465.0,8.529999732971191
1998-11-23 19:38:38+00:00,462.0,8.109999656677246
1998-11-23 19:43:39+00:00,468.0,7.360000133514404
1998-11-23 19:48:41+00:00,472.0,7.570000171661377
1998-11-23 19:53:47+00:00,479.0,7.599999904632568
1998-11-23 19:58:46+00:00,486.0,7.690000057220459
1998-11-23 20:03:48+00:00,507.0,5.590000152587891
1998-11-23 20:08:49+00:00,484.0,7.230000019073486
1998-11-23 20:13:53+00:00,481.0,6.190000057220459
1998-11-23 20:18:55+00:00,468.0,7.119999885559082
1998-11-23 20:23:56+00:00,473.0,7.409999847412109
1998-11-23 20:29:00+00:00,478.0,6.889999866485596
1998-11-23 20:34:01+00:00,471.0,7.349999904632568
1998-11-23 20:39:03+00:00,474.0,6.880000114440918
1998-11-23 20:44:07+00:00,477.0,6.630000114440918
1998-11-23 20:49:08+00:00,470.0,7.21999979019165
1998-11-23 20:54:10+00:00,477.0,6.199999809265137
1998-11-23 20:59:14+00:00,471.0,6.349999904632568
1998-11-23 21:04:15+00:00,460.0,7.420000076293945
1998-11-23 21:09:17+00:00,480.0,6.440000057220459
1998-11-23 21:14:18+00:00,500.0,6.619999885559082
1998-11-23 21:19:22+00:00,509.0,6.059999942779541
1998-11-23 21:24:23+00:00,514.0,6.139999866485596
1998-11-23 21:29:27+00:00,491.0,6.960000038146973
1998-11-23 21:34:27+00:00,500.0,6.489999771118164
1998-11-23 21:39:30+00:00,496.0,7.289999961853027
1998-11-23 21:44:32+00:00,507.0,5.900000095367432
1998-11-23 21:49:35+00:00,516.0,5.409999847412109
1998-11-23 21:54:37+00:00,526.0,6.050000190734863
1998-11-23 21:59:41+00:00,523.0,5.590000152587891
1998-11-23 22:04:41+00:00,508.0,4.869999885559082
1998-11-23 22:09:44+00:00,518.0,5.170000076293945
1998-11-23 22:14:45+00:00,520.0,5.380000114440918
1998-11-23 22:19:47+00:00,506.0,5.519999980926514
1998-11-23 22:24:51+00:00,512.0,5.75
1998-11-23 22:29:54+00:00,506.0,5.949999809265137
1998-11-23 22:34:54+00:00,499.0,6.099999904632568
1998-11-23 22:39:55+00:00,497.0,6.25
1998-11-23 22:44:59+00:00,504.0,5.670000076293945
1998-11-23 22:50:01+00:00,507.0,5.539999961853027
1998-11-23 22:55:02+00:00,514.0,5.159999847412109
1998-11-23 23:00:08+00:00,503.0,5.199999809265137
1998-11-23 23:05:08+00:00,514.0,6.670000076293945
1998-11-23 23:10:09+00:00,504.0,8.25
1998-11-23 23:15:13+00:00,501.0,7.659999847412109
1998-11-23 23:20:14+00:00,494.0,6.809999942779541
1998-11-23 23:25:16+00:00,495.0,6.960000038146973
1998-11-23 23:30:21+00:00,495.0,6.989999771118164
1998-11-23 23:35:21+00:00,491.0,7.130000114440918
1998-11-23 23:40:23+00:00,492.0,6.550000190734863
1998-11-23 23:45:24+00:00,492.0,7.579999923706055
1998-11-23 23:50:28+00:00,497.0,7.769999980926514
1998-11-23 23:55:29+00:00,505.0,7.940000057220459
1998-11-24 00:00:01+00:00,509.0,8.180000305175781
1998-11-24 00:05:05+00:00,507.0,8.180000305175781
1998-11-24 00:10:06+00:00,525.0,8.100000381469727
1998-11-24 00:15:08+00:00,512.0,7.230000019073486
1998-11-24 00:20:09+00:00,499.0,7.769999980926514
1998-11-24 00:25:13+00:00,501.0,7.059999942779541
1998-11-24 00:30:15+00:00,508.0,7.440000057220459
1998-11-24 00:35:18+00:00,509.0,8.510000228881836
1998-11-24 00:40:18+00:00,502.0,7.989999771118164
1998-11-24 00:45:21+00:00,501.0,7.96999979019165
1998-11-24 00:50:23+00:00,499.0,7.75
1998-11-24 00:55:25+00:00,497.0,7.929999828338623
1998-11-24 01:00:28+00:00,498.0,8.0600004196167
1998-11-24 01:05:32+00:00,502.0,7.909999847412109
1998-11-24 01:10:32+00:00,502.0,7.210000038146973
1998-11-24 01:15:35+00:00,504.0,7.880000114440918
1998-11-24 01:20:37+00:00,506.0,8.039999961853027
1998-11-24 01:25:38+00:00,519.0,8.149999618530273
1998-11-24 01:30:42+00:00,513.0,7.579999923706055
1998-11-24 01:35:45+00:00,505.0,7.21999979019165
1998-11-24 01:40:45+00:00,504.0,7.360000133514404
1998-11-24 01:45:47+00:00,506.0,6.170000076293945
1998-11-24 01:50:50+00:00,503.0,7.510000228881836
1998-11-24 01:55:52+00:00,504.0,7.460000038146973
1998-11-24 02:00:53+00:00,506.0,7.550000190734863
1998-11-24 02:05:59+00:00,506.0,8.109999656677246
1998-11-24 02:10:59+00:00,511.0,7.369999885559082
1998-11-24 02:16:00+00:00,505.0,7.329999923706055
1998-11-24 02:21:04+00:00,503.0,7.659999847412109
1998-11-24 02:26:05+00:00,507.0,7.739999771118164
1998-11-24 02:31:07+00:00,510.0,6.840000152587891
1998-11-24 02:36:09+00:00,514.0,6.519999980926514
1998-11-24 02:41:12+00:00,519.0,6.369999885559082
1998-11-24 02:46:14+00:00,521.0,6.730000019073486
1998-11-24 02:51:15+00:00,523.0,6.920000076293945
1998-11-24 02:56:19+00:00,516.0,7.710000038146973
1998-11-24 03:01:21+00:00,528.0,6.440000057220459
1998-11-24 03:06:22+00:00,520.0,6.340000152587891
1998-11-24 03:11:26+00:00,515.0,7.869999885559082
1998-11-24 03:16:27+00:00,511.0,8.229999542236328
1998-11-24 03:21:29+00:00,506.0,7.639999866485596
1998-11-24 03:26:32+00:00,502.0,7.820000171661377
1998-11-24 03:31:34+00:00,504.0,8.670000076293945
1998-11-24 03:36:36+00:00,508.0,8.8100004196167
1998-11-24 03:41:39+00:00,510.0,8.420000076293945
1998-11-24 03:46:41+00:00,516.0,7.75
1998-11-24 03:51:42+00:00,533.0,7.269999980926514
1998-11-24 03:56:44+00:00,525.0,8.039999961853027
1998-11-24 04:01:48+00:00,530.0,7.71999979019165
1998-11-24 04:06:49+00:00,544.0,7.53000020980835
1998-11-24 04:11:53+00:00,516.0,7.670000076293945
1998-11-24 04:16:53+00:00,509.0,7.809999942779541
1998-11-24 04:21:56+00:00,509.0,7.760000228881836
1998-11-24 04:26:58+00:00,503.0,7.980000019073486
1998-11-24 04:32:00+00:00,504.0,8.180000305175781
1998-11-24 04:37:03+00:00,498.0,8.5600004196167
1998-11-24 04:42:07+00:00,501.0,8.479999542236328
1998-11-24 04:47:07+00:00,521.0,7.900000095367432
1998-11-24 04:52:10+00:00,506.0,8.630000114440918
1998-11-24 04:57:12+00:00,499.0,8.0
1998-11-24 05:02:14+00:00,501.0,8.0
1998-11-24 05:07:17+00:00,503.0,8.020000457763672
1998-11-24 05:12:21+00:00,499.0,6.190000057220459
1998-11-24 05:17:21+00:00,504.0,7.46999979019165
1998-11-24 05:22:22+00:00,506.0,7.670000076293945
1998-11-24 05:27:25+00:00,502.0,7.800000190734863
1998-11-24 05:32:27+00:00,495.0,5.820000171661377
1998-11-24 05:37:29+00:00,493.0,6.039999961853027
1998-11-24 05:42:34+00:00,492.0,5.760000228881836
1998-11-24 05:47:34+00:00,492.0,5.900000095367432
1998-11-24 05:52:36+00:00,494.0,5.460000038146973
1998-11-24 05:57:37+00:00,487.0,6.0
1998-11-24 06:02:41+00:00,484.0,6.670000076293945
1998-11-24 06:07:42+00:00,484.0,6.699999809265137
1998-11-24 06:12:44+00:00,496.0,7.25
1998-11-24 06:17:48+00:00,498.0,7.860000133514404
1998-11-24 06:22:49+00:00,490.0,7.170000076293945
1998-11-24 06:27:51+00:00,485.0,6.320000171661377
1998-11-24 06:32:54+00:00,491.0,7.21999979019165
1998-11-24 06:37:56+00:00,498.0,7.869999885559082
1998-11-24 06:42:57+00:00,494.0,7.679999828338623
1998-11-24 06:48:01+00:00,492.0,8.180000305175781
1998-11-24 06:53:03+00:00,493.0,8.109999656677246
1998-11-24 06:58:04+00:00,492.0,8.220000267028809
1998-11-24 07:03:06+00:00,493.0,7.989999771118164
1998-11-24 07:08:09+00:00,493.0,8.380000114440918
1998-11-24 07:13:11+00:00,493.0,8.029999732971191
1998-11-24 07:18:15+00:00,503.0,8.460000038146973
1998-11-24 07:23:15+00:00,496.0,8.260000228881836
1998-11-24 07:28:18+00:00,497.0,8.319999694824219
1998-11-24 07:33:19+00:00,491.0,7.190000057220459
1998-11-24 07:38:23+00:00,491.0,6.46999979019165
1998-11-24 07:43:25+00:00,494.0,6.889999866485596
1998-11-24 07:48:28+00:00,494.0,7.010000228881836
1998-11-24 07:53:28+00:00,498.0,7.53000020980835
1998-11-24 07:58:31+00:00,493.0,7.340000152587891
1998-11-24 08:03:33+00:00,489.0,7.25
1998-11-24 08:08:35+00:00,510.0,6.75
1998-11-24 08:13:38+00:00,500.0,6.739999771118164
1998-11-24 08:18:42+00:00,491.0,6.809999942779541
1998-11-24 08:23:42+00:00,494.0,6.809999942779541
1998-11-24 08:28:45+00:00,508.0,6.289999961853027
1998-11-24 08:33:47+00:00,498.0,6.78000020980835
1998-11-24 08:38:48+00:00,492.0,7.28000020980835
1998-11-24 08:43:50+00:00,491.0,7.050000190734863
1998-11-24 08:48:55+00:00,485.0,6.679999828338623
1998-11-24 08:53:55+00:00,484.0,6.599999904632568
1998-11-24 08:58:57+00:00,483.0,7.099999904632568
1998-11-24 09:04:00+00:00,484.0,7.650000095367432
1998-11-24 09:09:02+00:00,485.0,7.539999961853027
1998-11-24 09:14:03+00:00,486.0,7.539999961853027
1998-11-24 09:19:09+00:00,482.0,7.269999980926514
1998-11-24 09:24:09+00:00,479.0,6.860000133514404
1998-11-24 09:29:10+00:00,481.0,7.289999961853027
1998-11-24 09:34:12+00:00,481.0,7.150000095367432
1998-11-24 09:39:15+00:00,477.0,6.349999904632568
1998-11-24 09:44:17+00:00,479.0,5.610000133514404
1998-11-24 09:49:19+00:00,504.0,4.230000019073486
1998-11-24 09:54:22+00:00,502.0,4.090000152587891
1998-11-24 09:59:24+00:00,493.0,4.260000228881836
1998-11-24 10:04:25+00:00,490.0,4.059999942779541
1998-11-24 10:09:29+00:00,489.0,3.930000066757202
1998-11-24 10:14:31+00:00,488.0,3.950000047683716
1998-11-24 10:19:32+00:00,494.0,3.5199999809265137
1998-11-24 10:24:36+00:00,505.0,3.3299999237060547
1998-11-24 10:29:37+00:00,512.0,3.0999999046325684
1998-11-24 10:34:39+00:00,482.0,4.25
1998-11-24 10:39:41+00:00,481.0,3.7799999713897705
1998-11-24 10:44:44+00:00,479.0,4.119999885559082
1998-11-24 10:49:46+00:00,481.0,5.090000152587891
1998-11-24 10:54:50+00:00,475.0,5.090000152587891
1998-11-24 10:59:49+00:00,477.0,4.21999979019165
1998-11-24 11:04:53+00:00,474.0,4.139999866485596
1998-11-24 11:09:54+00:00,471.0,4.28000020980835
1998-11-24 11:14:56+00:00,474.0,4.880000114440918
1998-11-24 11:19:59+00:00,477.0,4.539999961853027
1998-11-24 11:25:03+00:00,481.0,3.940000057220459
1998-11-24 11:30:03+00:00,500.0,3.2200000286102295
1998-11-24 11:35:06+00:00,506.0,3.130000114440918
1998-11-24 11:40:38+00:00,482.0,3.7200000286102295
1998-11-24 11:45:39+00:00,484.0,3.4600000381469727
1998-11-24 11:50:43+00:00,485.0,3.619999885559082
1998-11-24 11:55:47+00:00,485.0,3.5999999046325684
1998-11-24 12:00:46+00:00,484.0,3.619999885559082
1998-11-24 12:05:50+00:00,482.0,3.990000009536743
1998-11-24 12:10:51+00:00,479.0,4.389999866485596
1998-11-24 12:15:53+00:00,478.0,4.340000152587891
1998-11-24 12:20:56+00:00,487.0,5.5
1998-11-24 12:26:00+00:00,486.0,5.650000095367432
1998-11-24 12:31:00+00:00,486.0,4.75
1998-11-24 12:36:01+00:00,485.0,4.28000020980835
1998-11-24 12:41:05+00:00,483.0,4.679999828338623
1998-11-24 12:46:06+00:00,480.0,4.429999828338623
1998-11-24 12:51:08+00:00,482.0,4.429999828338623
1998-11-24 12:56:14+00:00,488.0,4.519999980926514
1998-11-24 13:01:14+00:00,484.0,4.519999980926514
1998-11-24 13:06:15+00:00,498.0,3.490000009536743
1998-11-24 13:11:18+00:00,488.0,4.150000095367432
1998-11-24 13:16:20+00:00,483.0,3.9000000953674316
1998-11-24 13:21:22+00:00,476.0,4.230000019073486
1998-11-24 13:26:23+00:00,483.0,4.46999979019165
1998-11-24 13:31:27+00:00,486.0,4.599999904632568
1998-11-24 13:36:28+00:00,488.0,4.190000057220459
1998-11-24 13:41:30+00:00,483.0,4.199999809265137
1998-11-24 13:46:34+00:00,478.0,4.949999809265137
1998-11-24 13:51:35+00:00,493.0,4.320000171661377
1998-11-24 13:56:37+00:00,486.0,4.429999828338623
1998-11-24 14:01:41+00:00,482.0,4.300000190734863
1998-11-24 14:06:42+00:00,477.0,4.119999885559082
1998-11-24 14:11:44+00:00,476.0,3.7100000381469727
1998-11-24 14:16:45+00:00,463.0,4.449999809265137
1998-11-24 14:21:49+00:00,452.0,4.599999904632568
1998-11-24 14:26:50+00:00,456.0,4.699999809265137
1998-11-24 14:31:54+00:00,462.0,4.820000171661377
1998-11-24 14:36:54+00:00,464.0,4.829999923706055
1998-11-24 14:41:57+00:00,461.0,5.039999961853027
1998-11-24 14:46:59+00:00,472.0,4.099999904632568
1998-11-24 14:52:02+00:00,475.0,4.289999961853027
1998-11-24 14:57:04+00:00,473.0,4.420000076293945
1998-11-24 15:02:08+00:00,461.0,5.130000114440918
1998-11-24 15:07:08+00:00,452.0,5.139999866485596
1998-11-24 15:12:11+00:00,450.0,5.210000038146973
1998-11-24 15:17:12+00:00,466.0,4.760000228881836
1998-11-24 15:22:14+00:00,457.0,5.320000171661377
1998-11-24 15:27:18+00:00,455.0,4.960000038146973
1998-11-24 15:32:21+00:00,449.0,5.050000190734863
1998-11-24 15:37:21+00:00,450.0,4.860000133514404
1998-11-24 15:42:23+00:00,455.0,4.909999847412109
1998-11-24 15:47:26+00:00,448.0,4.800000190734863
1998-11-24 15:52:28+00:00,459.0,4.28000020980835
1998-11-24 15:57:29+00:00,460.0,4.039999961853027
1998-11-24 16:02:35+00:00,457.0,3.880000114440918
1998-11-24 16:07:35+00:00,457.0,3.930000066757202
1998-11-24 16:12:36+00:00,453.0,4.199999809265137
1998-11-24 16:17:40+00:00,450.0,4.260000228881836
1998-11-24 16:22:41+00:00,453.0,4.440000057220459
1998-11-24 16:27:43+00:00,456.0,4.320000171661377
1998-11-24 16:32:49+00:00,451.0,4.75
1998-11-24 16:37:48+00:00,456.0,4.550000190734863
1998-11-24 16:42:50+00:00,452.0,4.760000228881836
1998-11-24 16:47:53+00:00,446.0,4.900000095367432
1998-11-24 16:52:55+00:00,449.0,5.0
1998-11-24 16:57:56+00:00,447.0,5.070000171661377
1998-11-24 17:02:58+00:00,445.0,5.190000057220459
1998-11-24 17:08:02+00:00,492.0,5.28000020980835
1998-11-24 17:13:03+00:00,468.0,5.329999923706055
1998-11-24 17:18:05+00:00,452.0,5.179999828338623
1998-11-24 17:23:06+00:00,440.0,4.980000019073486
1998-11-24 17:28:10+00:00,443.0,4.900000095367432
1998-11-24 17:33:12+00:00,435.0,5.090000152587891
1998-11-24 17:38:15+00:00,443.0,5.090000152587891
1998-11-24 17:43:15+00:00,437.0,5.210000038146973
1998-11-24 17:48:18+00:00,438.0,5.25
1998-11-24 17:53:20+00:00,459.0,5.239999771118164
1998-11-24 17:58:24+00:00,453.0,5.010000228881836
1998-11-24 18:03:25+00:00,448.0,5.010000228881836
1998-11-24 18:08:29+00:00,450.0,4.869999885559082
1998-11-24 18:13:29+00:00,450.0,4.909999847412109
1998-11-24 18:18:32+00:00,464.0,4.760000228881836
1998-11-24 18:23:34+00:00,475.0,4.989999771118164
1998-11-24 18:28:37+00:00,459.0,4.710000038146973
1998-11-24 18:33:39+00:00,456.0,4.610000133514404
1998-11-24 18:38:43+00:00,451.0,4.559999942779541
1998-11-24 18:43:42+00:00,457.0,4.570000171661377
1998-11-24 18:48:46+00:00,460.0,4.630000114440918
1998-11-24 18:53:47+00:00,462.0,4.599999904632568
1998-11-24 18:58:49+00:00,462.0,4.659999847412109
1998-11-24 19:03:50+00:00,455.0,4.25
1998-11-24 19:09:26+00:00,459.0,4.199999809265137
1998-11-24 19:14:26+00:00,458.0,4.210000038146973
1998-11-24 19:19:59+00:00,457.0,4.409999847412109
1998-11-24 19:26:01+00:00,455.0,4.510000228881836
1998-11-24 19:33:04+00:00,455.0,4.110000133514404
1998-11-24 19:38:36+00:00,452.0,4.309999942779541
1998-11-24 19:43:39+00:00,450.0,4.440000057220459
1998-11-24 19:48:41+00:00,452.0,5.010000228881836
1998-11-24 19:53:42+00:00,452.0,5.039999961853027
1998-11-24 19:58:46+00:00,446.0,4.440000057220459
1998-11-24 20:03:48+00:00,445.0,4.789999961853027
1998-11-24 20:08:49+00:00,445.0,5.019999980926514
1998-11-24 20:13:53+00:00,446.0,5.070000171661377
1998-11-24 20:18:54+00:00,455.0,4.579999923706055
1998-11-24 20:23:56+00:00,446.0,4.519999980926514
1998-11-24 20:29:00+00:00,441.0,4.519999980926514
1998-11-24 20:34:01+00:00,442.0,4.179999828338623
1998-11-24 20:39:03+00:00,447.0,3.990000009536743
1998-11-24 20:44:07+00:00,443.0,3.940000057220459
1998-11-24 20:49:08+00:00,445.0,3.9600000381469727
1998-11-24 20:54:10+00:00,449.0,4.170000076293945
1998-11-24 20:59:11+00:00,467.0,4.360000133514404
1998-11-24 21:04:15+00:00,454.0,4.389999866485596
1998-11-24 21:09:16+00:00,455.0,4.139999866485596
1998-11-24 21:17:50+00:00,464.0,4.190000057220459
1998-11-24 21:23:53+00:00,450.0,4.159999847412109
1998-11-24 21:28:55+00:00,448.0,5.0
1998-11-24 21:34:58+00:00,449.0,4.690000057220459
1998-11-24 21:40:00+00:00,453.0,4.309999942779541
1998-11-24 21:45:04+00:00,475.0,4.960000038146973
1998-11-24 21:50:03+00:00,457.0,4.960000038146973
1998-11-24 21:55:07+00:00,453.0,4.949999809265137
1998-11-24 22:00:08+00:00,459.0,5.400000095367432
1998-11-24 22:05:10+00:00,458.0,5.019999980926514
1998-11-24 22:10:13+00:00,451.0,4.340000152587891
1998-11-24 22:15:17+00:00,467.0,3.490000009536743
1998-11-24 22:20:17+00:00,445.0,3.880000114440918
1998-11-24 22:25:18+00:00,441.0,4.769999980926514
1998-11-24 22:30:22+00:00,450.0,5.289999961853027
1998-11-24 22:35:23+00:00,462.0,5.449999809265137
1998-11-24 22:40:27+00:00,465.0,4.610000133514404
1998-11-24 22:45:31+00:00,458.0,4.320000171661377
1998-11-24 22:50:31+00:00,454.0,4.389999866485596
1998-11-24 22:55:32+00:00,462.0,4.460000038146973
1998-11-24 23:00:35+00:00,460.0,4.619999885559082
1998-11-24 23:05:37+00:00,460.0,4.429999828338623
1998-11-24 23:10:39+00:00,450.0,4.409999847412109
1998-11-24 23:15:44+00:00,453.0,4.46999979019165
1998-11-24 23:20:44+00:00,446.0,4.190000057220459
1998-11-24 23:25:45+00:00,450.0,4.679999828338623
1998-11-24 23:30:49+00:00,453.0,5.019999980926514
1998-11-24 23:35:51+00:00,451.0,4.800000190734863
1998-11-24 23:40:52+00:00,446.0,4.880000114440918
1998-11-24 23:45:54+00:00,449.0,5.170000076293945
1998-11-24 23:50:58+00:00,454.0,5.340000152587891
1998-11-24 23:55:59+00:00,451.0,5.090000152587891
1998-11-25 00:00:16+00:00,454.0,5.389999866485596
1998-11-25 00:05:02+00:00,455.0,5.559999942779541
1998-11-25 00:10:06+00:00,452.0,5.139999866485596
1998-11-25 00:15:07+00:00,457.0,5.360000133514404
1998-11-25 00:20:11+00:00,456.0,4.789999961853027
1998-11-25 00:25:11+00:00,457.0,4.869999885559082
1998-11-25 00:30:14+00:00,449.0,4.96999979019165
1998-11-25 00:35:16+00:00,454.0,4.909999847412109
1998-11-25 00:40:18+00:00,454.0,4.789999961853027
1998-11-25 00:45:21+00:00,456.0,5.340000152587891
1998-11-25 00:50:25+00:00,463.0,4.650000095367432
1998-11-25 00:55:25+00:00,445.0,4.670000076293945
1998-11-25 01:00:28+00:00,447.0,4.760000228881836
1998-11-25 01:05:29+00:00,452.0,4.380000114440918
1998-11-25 01:10:31+00:00,457.0,5.150000095367432
1998-11-25 01:15:33+00:00,448.0,4.900000095367432
1998-11-25 01:20:38+00:00,443.0,4.119999885559082
1998-11-25 01:25:38+00:00,443.0,4.769999980926514
1998-11-25 01:30:40+00:00,444.0,5.0
1998-11-25 01:35:43+00:00,454.0,5.579999923706055
1998-11-25 01:40:45+00:00,454.0,5.420000076293945
1998-11-25 01:45:46+00:00,451.0,4.590000152587891
1998-11-25 01:50:52+00:00,450.0,4.710000038146973
1998-11-25 01:55:52+00:00,456.0,4.840000152587891
1998-11-25 02:00:53+00:00,488.0,4.949999809265137
1998-11-25 02:05:55+00:00,473.0,4.820000171661377
1998-11-25 02:10:58+00:00,498.0,4.320000171661377
1998-11-25 02:16:00+00:00,471.0,4.630000114440918
1998-11-25 02:21:02+00:00,451.0,4.179999828338623
1998-11-25 02:26:05+00:00,443.0,4.380000114440918
1998-11-25 02:31:07+00:00,446.0,4.050000190734863
1998-11-25 02:36:08+00:00,454.0,3.7799999713897705
1998-11-25 02:41:12+00:00,456.0,3.5399999618530273
1998-11-25 02:46:13+00:00,449.0,4.300000190734863
1998-11-25 02:51:15+00:00,448.0,4.380000114440918
1998-11-25 02:56:19+00:00,453.0,4.920000076293945
1998-11-25 03:01:20+00:00,449.0,4.929999828338623
1998-11-25 03:06:22+00:00,452.0,5.019999980926514
1998-11-25 03:11:24+00:00,452.0,4.190000057220459
1998-11-25 03:16:27+00:00,454.0,4.099999904632568
1998-11-25 03:21:29+00:00,457.0,4.039999961853027
1998-11-25 03:26:32+00:00,450.0,4.409999847412109
1998-11-25 03:31:32+00:00,449.0,4.699999809265137
1998-11-25 03:36:35+00:00,452.0,5.699999809265137
1998-11-25 03:41:37+00:00,452.0,5.730000019073486
1998-11-25 03:46:39+00:00,454.0,5.190000057220459
1998-11-25 03:51:42+00:00,458.0,5.329999923706055
1998-11-25 03:56:46+00:00,461.0,4.46999979019165
1998-11-25 04:01:46+00:00,455.0,4.519999980926514
1998-11-25 04:06:50+00:00,444.0,4.909999847412109
1998-11-25 04:11:51+00:00,446.0,4.800000190734863
1998-11-25 04:16:53+00:00,442.0,4.360000133514404
1998-11-25 04:21:57+00:00,449.0,4.460000038146973
1998-11-25 04:27:00+00:00,448.0,4.840000152587891
1998-11-25 04:32:00+00:00,450.0,4.289999961853027
1998-11-25 04:37:02+00:00,450.0,4.670000076293945
1998-11-25 04:42:05+00:00,455.0,4.71999979019165
1998-11-25 04:47:07+00:00,454.0,4.760000228881836
1998-11-25 04:52:08+00:00,453.0,5.159999847412109
1998-11-25 04:57:14+00:00,454.0,5.21999979019165
1998-11-25 05:02:14+00:00,458.0,5.110000133514404
1998-11-25 05:07:15+00:00,470.0,6.25
1998-11-25 05:12:19+00:00,459.0,5.019999980926514
1998-11-25 05:17:20+00:00,457.0,5.760000228881836
1998-11-25 05:22:22+00:00,458.0,5.630000114440918
1998-11-25 05:27:24+00:00,458.0,6.050000190734863
1998-11-25 05:32:27+00:00,456.0,6.380000114440918
1998-11-25 05:37:29+00:00,459.0,6.170000076293945
1998-11-25 05:42:30+00:00,452.0,4.480000019073486
1998-11-25 05:47:34+00:00,438.0,4.849999904632568
1998-11-25 05:52:35+00:00,436.0,5.159999847412109
1998-11-25 05:57:37+00:00,440.0,5.829999923706055
1998-11-25 06:02:41+00:00,446.0,5.670000076293945
1998-11-25 06:07:42+00:00,443.0,5.659999847412109
1998-11-25 06:12:44+00:00,455.0,5.409999847412109
1998-11-25 06:17:46+00:00,455.0,5.099999904632568
1998-11-25 06:22:49+00:00,470.0,5.170000076293945
1998-11-25 06:27:51+00:00,458.0,5.389999866485596
1998-11-25 06:32:54+00:00,449.0,5.650000095367432
1998-11-25 06:37:54+00:00,449.0,6.03000020980835
1998-11-25 06:42:57+00:00,442.0,5.96999979019165
1998-11-25 06:47:59+00:00,444.0,6.389999866485596
1998-11-25 06:53:03+00:00,444.0,6.420000076293945
1998-11-25 06:58:04+00:00,440.0,6.110000133514404
1998-11-25 07:03:08+00:00,441.0,5.800000190734863
1998-11-25 07:08:08+00:00,443.0,5.730000019073486
1998-11-25 07:13:11+00:00,443.0,6.300000190734863
1998-11-25 07:18:13+00:00,445.0,5.960000038146973
1998-11-25 07:23:14+00:00,446.0,6.170000076293945
1998-11-25 07:28:18+00:00,443.0,5.71999979019165
1998-11-25 07:33:22+00:00,444.0,5.800000190734863
1998-11-25 07:38:21+00:00,447.0,5.650000095367432
1998-11-25 07:43:25+00:00,452.0,5.5
1998-11-25 07:48:26+00:00,447.0,5.150000095367432
1998-11-25 07:53:28+00:00,437.0,4.860000133514404
1998-11-25 07:58:30+00:00,447.0,4.739999771118164
1998-11-25 08:03:35+00:00,446.0,4.920000076293945
1998-11-25 08:08:35+00:00,440.0,4.809999942779541
1998-11-25 08:13:36+00:00,447.0,4.829999923706055
1998-11-25 08:18:40+00:00,452.0,4.489999771118164
1998-11-25 08:23:41+00:00,445.0,4.760000228881836
1998-11-25 08:28:43+00:00,444.0,4.929999828338623
1998-11-25 08:33:49+00:00,440.0,5.400000095367432
1998-11-25 08:38:48+00:00,445.0,5.210000038146973
1998-11-25 08:43:50+00:00,441.0,5.019999980926514
1998-11-25 08:48:52+00:00,432.0,5.170000076293945
1998-11-25 08:53:55+00:00,429.0,5.159999847412109
1998-11-25 08:58:57+00:00,432.0,5.159999847412109
1998-11-25 09:03:58+00:00,440.0,4.889999866485596
1998-11-25 09:09:02+00:00,438.0,4.940000057220459
1998-11-25 09:14:03+00:00,436.0,4.840000152587891
1998-11-25 09:19:05+00:00,448.0,4.570000171661377
1998-11-25 09:24:09+00:00,445.0,4.630000114440918
1998-11-25 09:29:10+00:00,439.0,4.940000057220459
1998-11-25 09:34:12+00:00,445.0,4.739999771118164
1998-11-25 09:39:16+00:00,442.0,4.829999923706055
1998-11-25 09:44:17+00:00,429.0,4.78000020980835
1998-11-25 09:49:49+00:00,433.0,4.789999961853027
1998-11-25 09:54:52+00:00,432.0,4.769999980926514
1998-11-25 09:59:54+00:00,431.0,4.619999885559082
1998-11-25 10:04:55+00:00,428.0,4.75
1998-11-25 10:09:59+00:00,440.0,5.099999904632568
1998-11-25 10:15:01+00:00,427.0,4.809999942779541
1998-11-25 10:20:02+00:00,432.0,4.929999828338623
1998-11-25 10:25:04+00:00,435.0,4.829999923706055
1998-11-25 10:30:07+00:00,440.0,4.949999809265137
1998-11-25 10:35:09+00:00,441.0,5.199999809265137
1998-11-25 10:40:13+00:00,436.0,5.409999847412109
1998-11-25 10:45:13+00:00,436.0,5.599999904632568
1998-11-25 10:50:16+00:00,437.0,5.5
1998-11-25 10:55:17+00:00,429.0,5.260000228881836
1998-11-25 11:00:21+00:00,433.0,5.190000057220459
1998-11-25 11:05:53+00:00,440.0,5.119999885559082
1998-11-25 11:10:56+00:00,429.0,5.309999942779541
1998-11-25 11:15:56+00:00,429.0,5.579999923706055
1998-11-25 11:20:59+00:00,432.0,4.840000152587891
1998-11-25 11:26:01+00:00,450.0,5.230000019073486
1998-11-25 11:31:03+00:00,448.0,5.190000057220459
1998-11-25 11:36:06+00:00,449.0,5.019999980926514
1998-11-25 11:41:10+00:00,454.0,4.71999979019165
1998-11-25 11:46:10+00:00,462.0,4.070000171661377
1998-11-25 11:51:13+00:00,456.0,4.829999923706055
1998-11-25 11:56:15+00:00,454.0,4.730000019073486
1998-11-25 12:01:16+00:00,456.0,4.159999847412109
1998-11-25 12:06:20+00:00,457.0,4.420000076293945
1998-11-25 12:11:23+00:00,458.0,4.480000019073486
1998-11-25 12:16:23+00:00,456.0,4.71999979019165
1998-11-25 12:21:25+00:00,480.0,4.920000076293945
1998-11-25 12:26:28+00:00,461.0,5.289999961853027
1998-11-25 12:31:30+00:00,448.0,5.059999942779541
1998-11-25 12:36:31+00:00,452.0,5.349999904632568
1998-11-25 12:41:37+00:00,452.0,5.670000076293945
1998-11-25 12:46:37+00:00,457.0,5.679999828338623
1998-11-25 12:51:38+00:00,459.0,5.590000152587891
1998-11-25 12:56:42+00:00,459.0,5.369999885559082
1998-11-25 13:01:43+00:00,453.0,5.260000228881836
1998-11-25 13:06:45+00:00,459.0,5.059999942779541
1998-11-25 13:11:47+00:00,458.0,4.71999979019165
1998-11-25 13:16:50+00:00,453.0,5.050000190734863
1998-11-25 13:21:52+00:00,451.0,4.920000076293945
1998-11-25 13:26:53+00:00,449.0,5.420000076293945
1998-11-25 13:31:57+00:00,450.0,5.130000114440918
1998-11-25 13:36:59+00:00,454.0,5.099999904632568
1998-11-25 13:42:00+00:00,455.0,5.349999904632568
1998-11-25 13:47:04+00:00,455.0,5.260000228881836
1998-11-25 13:52:05+00:00,453.0,5.21999979019165
1998-11-25 13:57:07+00:00,452.0,4.539999961853027
1998-11-25 14:02:09+00:00,448.0,4.760000228881836
1998-11-25 14:07:12+00:00,446.0,4.860000133514404
1998-11-25 14:12:14+00:00,449.0,4.679999828338623
1998-11-25 14:17:18+00:00,449.0,4.690000057220459
1998-11-25 14:22:17+00:00,451.0,4.599999904632568
1998-11-25 14:27:21+00:00,451.0,4.739999771118164
1998-11-25 14:32:22+00:00,450.0,5.110000133514404
1998-11-25 14:37:26+00:00,450.0,5.079999923706055
1998-11-25 14:42:27+00:00,451.0,4.730000019073486
1998-11-25 14:47:31+00:00,455.0,5.369999885559082
1998-11-25 14:52:31+00:00,454.0,5.079999923706055
1998-11-25 14:57:34+00:00,457.0,5.329999923706055
1998-11-25 15:02:36+00:00,452.0,4.96999979019165
1998-11-25 15:07:37+00:00,450.0,4.869999885559082
1998-11-25 15:12:41+00:00,451.0,5.010000228881836
1998-11-25 15:17:45+00:00,449.0,5.090000152587891
1998-11-25 15:22:44+00:00,452.0,5.070000171661377
1998-11-25 15:27:48+00:00,451.0,4.96999979019165
1998-11-25 15:32:49+00:00,450.0,5.630000114440918
1998-11-25 15:37:51+00:00,449.0,5.940000057220459
1998-11-25 15:42:53+00:00,459.0,6.360000133514404
1998-11-25 15:47:58+00:00,449.0,6.010000228881836
1998-11-25 15:52:58+00:00,451.0,5.360000133514404
1998-11-25 15:57:59+00:00,450.0,5.309999942779541
1998-11-25 16:03:03+00:00,454.0,5.070000171661377
1998-11-25 16:08:05+00:00,443.0,4.960000038146973
1998-11-25 16:13:06+00:00,449.0,4.590000152587891
1998-11-25 16:18:12+00:00,451.0,5.0
1998-11-25 16:23:12+00:00,457.0,4.960000038146973
1998-11-25 16:28:13+00:00,451.0,4.940000057220459
1998-11-25 16:33:15+00:00,450.0,5.039999961853027
1998-11-25 16:38:18+00:00,452.0,5.300000190734863
1998-11-25 16:43:20+00:00,451.0,5.300000190734863
1998-11-25 16:48:21+00:00,459.0,5.139999866485596
1998-11-25 16:53:25+00:00,457.0,5.579999923706055
1998-11-25 16:58:26+00:00,460.0,6.119999885559082
1998-11-25 17:03:28+00:00,457.0,5.409999847412109
1998-11-25 17:08:30+00:00,458.0,5.400000095367432
1998-11-25 17:13:33+00:00,459.0,5.699999809265137
1998-11-25 17:18:35+00:00,464.0,5.630000114440918
1998-11-25 17:23:39+00:00,466.0,6.159999847412109
1998-11-25 17:28:38+00:00,470.0,5.800000190734863
1998-11-25 17:33:42+00:00,469.0,5.329999923706055
1998-11-25 17:38:43+00:00,476.0,5.710000038146973
1998-11-25 17:43:47+00:00,471.0,5.489999771118164
1998-11-25 17:48:48+00:00,469.0,5.619999885559082
1998-11-25 17:53:52+00:00,476.0,5.090000152587891
1998-11-25 17:58:52+00:00,471.0,4.869999885559082
1998-11-25 18:03:55+00:00,470.0,5.489999771118164
1998-11-25 18:08:57+00:00,469.0,5.409999847412109
1998-11-25 18:14:00+00:00,460.0,4.920000076293945
1998-11-25 18:19:02+00:00,468.0,4.369999885559082
1998-11-25 18:24:06+00:00,470.0,4.349999904632568
1998-11-25 18:29:06+00:00,472.0,4.239999771118164
1998-11-25 18:34:09+00:00,474.0,4.090000152587891
1998-11-25 18:39:10+00:00,473.0,4.309999942779541
1998-11-25 18:44:12+00:00,469.0,4.429999828338623
1998-11-25 18:49:16+00:00,465.0,4.539999961853027
1998-11-25 18:54:19+00:00,461.0,4.809999942779541
1998-11-25 18:59:19+00:00,460.0,4.889999866485596
1998-11-25 19:04:21+00:00,458.0,5.130000114440918
1998-11-25 19:09:24+00:00,455.0,5.53000020980835
1998-11-25 19:14:26+00:00,454.0,5.429999828338623
1998-11-25 19:19:27+00:00,452.0,5.519999980926514
1998-11-25 19:24:33+00:00,451.0,5.570000171661377
1998-11-25 19:29:33+00:00,450.0,5.699999809265137
1998-11-25 19:34:34+00:00,448.0,5.800000190734863
1998-11-25 19:39:38+00:00,458.0,5.599999904632568
1998-11-25 19:44:39+00:00,476.0,4.389999866485596
1998-11-25 19:49:41+00:00,477.0,3.9600000381469727
1998-11-25 19:54:43+00:00,476.0,4.139999866485596
1998-11-25 19:59:46+00:00,476.0,4.420000076293945
1998-11-25 20:04:48+00:00,478.0,4.429999828338623
1998-11-25 20:09:49+00:00,480.0,4.53000020980835
1998-11-25 20:14:53+00:00,478.0,4.579999923706055
1998-11-25 20:19:54+00:00,475.0,4.590000152587891
1998-11-25 20:24:56+00:00,480.0,4.599999904632568
1998-11-25 20:30:00+00:00,484.0,4.239999771118164
1998-11-25 20:35:01+00:00,484.0,4.449999809265137
1998-11-25 20:40:03+00:00,485.0,4.5
1998-11-25 20:45:05+00:00,481.0,4.599999904632568
1998-11-25 20:50:08+00:00,483.0,4.489999771118164
1998-11-25 20:55:10+00:00,477.0,4.829999923706055
1998-11-25 21:00:13+00:00,474.0,4.960000038146973
1998-11-25 21:05:15+00:00,477.0,4.809999942779541
1998-11-25 21:10:16+00:00,480.0,4.769999980926514
1998-11-25 21:15:18+00:00,476.0,4.940000057220459
1998-11-25 21:20:22+00:00,503.0,4.96999979019165
1998-11-25 21:25:23+00:00,496.0,5.489999771118164
1998-11-25 21:30:27+00:00,496.0,5.550000190734863
1998-11-25 21:35:27+00:00,497.0,5.400000095367432
1998-11-25 21:40:30+00:00,494.0,5.340000152587891
1998-11-25 21:45:32+00:00,493.0,5.380000114440918
1998-11-25 21:50:33+00:00,492.0,5.630000114440918
1998-11-25 21:55:37+00:00,492.0,6.039999961853027
1998-11-25 22:00:41+00:00,493.0,6.340000152587891
1998-11-25 22:05:40+00:00,491.0,6.659999847412109
1998-11-25 22:10:42+00:00,488.0,7.210000038146973
1998-11-25 22:15:45+00:00,486.0,6.619999885559082
1998-11-25 22:20:47+00:00,482.0,6.829999923706055
1998-11-25 22:25:48+00:00,486.0,6.75
1998-11-25 22:30:54+00:00,486.0,6.769999980926514
1998-11-25 22:35:54+00:00,484.0,7.170000076293945
1998-11-25 22:40:55+00:00,485.0,7.269999980926514
1998-11-25 22:45:59+00:00,487.0,7.199999809265137
1998-11-25 22:51:00+00:00,488.0,7.389999866485596
1998-11-25 22:56:02+00:00,491.0,7.21999979019165
1998-11-25 23:01:08+00:00,492.0,7.53000020980835
1998-11-25 23:06:07+00:00,494.0,8.489999771118164
1998-11-25 23:11:09+00:00,493.0,8.100000381469727
1998-11-25 23:16:10+00:00,494.0,8.270000457763672
1998-11-25 23:21:14+00:00,495.0,9.039999961853027
1998-11-25 23:26:16+00:00,500.0,9.270000457763672
1998-11-25 23:31:17+00:00,504.0,9.149999618530273
1998-11-25 23:36:21+00:00,509.0,9.109999656677246
1998-11-25 23:41:22+00:00,507.0,9.130000114440918
1998-11-25 23:46:24+00:00,505.0,9.069999694824219
1998-11-25 23:51:26+00:00,505.0,9.260000228881836
1998-11-25 23:56:29+00:00,503.0,9.359999656677246
1998-11-26 00:00:16+00:00,494.0,8.949999809265137
1998-11-26 00:05:05+00:00,492.0,9.3100004196167
1998-11-26 00:10:04+00:00,490.0,8.979999542236328
1998-11-26 00:15:08+00:00,492.0,9.109999656677246
1998-11-26 00:20:09+00:00,493.0,8.380000114440918
1998-11-26 00:25:11+00:00,494.0,8.140000343322754
1998-11-26 00:30:13+00:00,491.0,7.849999904632568
1998-11-26 00:35:18+00:00,479.0,7.159999847412109
1998-11-26 00:40:18+00:00,476.0,7.199999809265137
1998-11-26 00:45:19+00:00,479.0,7.949999809265137
1998-11-26 00:50:23+00:00,471.0,9.069999694824219
1998-11-26 00:55:24+00:00,472.0,9.029999732971191
1998-11-26 01:00:26+00:00,469.0,8.539999961853027
1998-11-26 01:05:32+00:00,478.0,7.5
1998-11-26 01:10:32+00:00,475.0,7.610000133514404
1998-11-26 01:15:33+00:00,470.0,7.550000190734863
1998-11-26 01:20:36+00:00,472.0,8.029999732971191
1998-11-26 01:25:38+00:00,474.0,8.050000190734863
1998-11-26 01:30:40+00:00,480.0,7.349999904632568
1998-11-26 01:35:41+00:00,470.0,10.039999961853027
1998-11-26 01:40:45+00:00,483.0,10.460000038146973
1998-11-26 01:45:46+00:00,483.0,11.100000381469727
1998-11-26 01:50:48+00:00,487.0,10.829999923706055
1998-11-26 01:55:52+00:00,484.0,10.34000015258789
1998-11-26 02:01:23+00:00,485.0,10.15999984741211
1998-11-26 02:06:25+00:00,488.0,9.960000038146973
1998-11-26 02:11:29+00:00,488.0,9.680000305175781
1998-11-26 02:16:30+00:00,493.0,8.75
1998-11-26 02:21:32+00:00,492.0,9.649999618530273
1998-11-26 02:26:33+00:00,488.0,9.270000457763672
1998-11-26 02:31:37+00:00,496.0,9.069999694824219
1998-11-26 02:36:38+00:00,491.0,9.430000305175781
1998-11-26 02:41:42+00:00,493.0,9.029999732971191
1998-11-26 02:46:44+00:00,491.0,9.710000038146973
1998-11-26 02:51:45+00:00,493.0,9.430000305175781
1998-11-26 02:56:47+00:00,490.0,9.729999542236328
1998-11-26 03:01:50+00:00,490.0,9.460000038146973
1998-11-26 03:06:52+00:00,492.0,9.380000114440918
1998-11-26 03:11:56+00:00,492.0,9.329999923706055
1998-11-26 03:16:56+00:00,491.0,9.350000381469727
1998-11-26 03:21:59+00:00,492.0,9.6899995803833
1998-11-26 03:27:01+00:00,494.0,9.050000190734863
1998-11-26 03:32:03+00:00,496.0,8.84000015258789
1998-11-26 03:37:06+00:00,498.0,8.670000076293945
1998-11-26 03:42:10+00:00,496.0,8.65999984741211
1998-11-26 03:47:10+00:00,492.0,9.489999771118164
1998-11-26 03:52:13+00:00,486.0,9.300000190734863
1998-11-26 03:57:15+00:00,488.0,9.539999961853027
1998-11-26 04:02:16+00:00,489.0,9.729999542236328
1998-11-26 04:07:18+00:00,492.0,9.600000381469727
1998-11-26 04:12:23+00:00,494.0,8.9399995803833
1998-11-26 04:17:23+00:00,490.0,9.140000343322754
1998-11-26 04:22:25+00:00,494.0,9.529999732971191
1998-11-26 04:27:28+00:00,492.0,9.829999923706055
1998-11-26 04:32:30+00:00,497.0,9.359999656677246
1998-11-26 04:37:31+00:00,505.0,8.729999542236328
1998-11-26 04:42:37+00:00,504.0,8.680000305175781
1998-11-26 04:47:37+00:00,510.0,9.100000381469727
1998-11-26 04:52:38+00:00,500.0,9.020000457763672
1998-11-26 04:57:40+00:00,501.0,9.09000015258789
1998-11-26 05:02:43+00:00,506.0,8.510000228881836
1998-11-26 05:07:45+00:00,492.0,8.890000343322754
1998-11-26 05:12:47+00:00,487.0,8.399999618530273
1998-11-26 05:17:50+00:00,484.0,8.130000114440918
1998-11-26 05:22:52+00:00,490.0,8.649999618530273
1998-11-26 05:27:53+00:00,499.0,8.220000267028809
1998-11-26 05:32:57+00:00,507.0,7.699999809265137
1998-11-26 05:37:59+00:00,495.0,7.940000057220459
1998-11-26 05:43:00+00:00,492.0,8.260000228881836
1998-11-26 05:48:04+00:00,494.0,8.479999542236328
1998-11-26 05:53:05+00:00,494.0,8.229999542236328
1998-11-26 05:58:07+00:00,488.0,8.220000267028809
1998-11-26 06:03:09+00:00,495.0,7.71999979019165
1998-11-26 06:08:12+00:00,500.0,7.800000190734863
1998-11-26 06:13:14+00:00,492.0,8.699999809265137
1998-11-26 06:18:18+00:00,491.0,8.670000076293945
1998-11-26 06:23:19+00:00,489.0,8.3100004196167
1998-11-26 06:28:21+00:00,486.0,9.279999732971191
1998-11-26 06:33:22+00:00,481.0,9.609999656677246
1998-11-26 06:38:24+00:00,481.0,9.619999885559082
1998-11-26 06:43:27+00:00,489.0,8.539999961853027
1998-11-26 06:48:31+00:00,487.0,9.4399995803833
1998-11-26 06:53:31+00:00,489.0,9.390000343322754
1998-11-26 06:58:34+00:00,491.0,8.630000114440918
1998-11-26 07:03:36+00:00,491.0,8.079999923706055
1998-11-26 07:08:37+00:00,490.0,8.069999694824219
1998-11-26 07:13:41+00:00,491.0,8.300000190734863
1998-11-26 07:18:45+00:00,488.0,8.850000381469727
1998-11-26 07:23:44+00:00,485.0,8.890000343322754
1998-11-26 07:28:46+00:00,489.0,8.720000267028809
1998-11-26 07:33:49+00:00,478.0,8.680000305175781
1998-11-26 07:38:51+00:00,486.0,8.399999618530273
1998-11-26 07:43:53+00:00,485.0,7.980000019073486
1998-11-26 07:48:58+00:00,490.0,8.15999984741211
1998-11-26 07:53:58+00:00,491.0,8.869999885559082
1998-11-26 07:58:59+00:00,486.0,8.210000038146973
1998-11-26 08:04:03+00:00,491.0,8.3100004196167
1998-11-26 08:09:04+00:00,493.0,8.6899995803833
1998-11-26 08:14:06+00:00,487.0,8.510000228881836
1998-11-26 08:19:08+00:00,492.0,8.470000267028809
1998-11-26 08:24:12+00:00,488.0,8.319999694824219
1998-11-26 08:29:13+00:00,484.0,8.09000015258789
1998-11-26 08:34:15+00:00,487.0,8.319999694824219
1998-11-26 08:39:18+00:00,499.0,9.0600004196167
1998-11-26 08:44:20+00:00,493.0,8.600000381469727
1998-11-26 08:49:21+00:00,480.0,7.920000076293945
1998-11-26 08:54:25+00:00,497.0,8.220000267028809
1998-11-26 08:59:26+00:00,489.0,8.289999961853027
1998-11-26 09:04:28+00:00,483.0,7.96999979019165
1998-11-26 09:09:30+00:00,483.0,7.96999979019165
1998-11-26 09:14:33+00:00,478.0,7.760000228881836
1998-11-26 09:19:35+00:00,477.0,6.679999828338623
1998-11-26 09:24:39+00:00,480.0,6.170000076293945
1998-11-26 09:29:40+00:00,479.0,5.389999866485596
1998-11-26 09:34:42+00:00,482.0,5.21999979019165
1998-11-26 09:39:43+00:00,485.0,4.769999980926514
1998-11-26 09:44:47+00:00,478.0,5.78000020980835
1998-11-26 09:49:48+00:00,480.0,6.199999809265137
1998-11-26 09:54:52+00:00,487.0,5.960000038146973
1998-11-26 09:59:52+00:00,491.0,6.320000171661377
1998-11-26 10:04:55+00:00,496.0,5.929999828338623
1998-11-26 10:09:57+00:00,494.0,6.150000095367432
1998-11-26 10:14:59+00:00,498.0,4.789999961853027
1998-11-26 10:20:02+00:00,502.0,4.119999885559082
1998-11-26 10:25:06+00:00,510.0,4.28000020980835
1998-11-26 10:30:06+00:00,505.0,5.059999942779541
1998-11-26 10:35:09+00:00,497.0,5.639999866485596
1998-11-26 10:40:10+00:00,494.0,5.289999961853027
1998-11-26 10:45:12+00:00,494.0,5.360000133514404
1998-11-26 10:50:14+00:00,495.0,5.010000228881836
1998-11-26 10:55:19+00:00,498.0,5.28000020980835
1998-11-26 11:00:19+00:00,517.0,4.480000019073486
1998-11-26 11:05:21+00:00,514.0,4.639999866485596
1998-11-26 11:10:24+00:00,515.0,4.829999923706055
1998-11-26 11:15:26+00:00,518.0,4.579999923706055
1998-11-26 11:20:27+00:00,513.0,4.550000190734863
1998-11-26 11:25:33+00:00,499.0,4.909999847412109
1998-11-26 11:30:33+00:00,498.0,6.119999885559082
1998-11-26 11:35:34+00:00,500.0,6.199999809265137
1998-11-26 11:40:36+00:00,498.0,5.710000038146973
1998-11-26 11:45:39+00:00,498.0,5.599999904632568
1998-11-26 11:50:41+00:00,505.0,5.260000228881836
1998-11-26 11:55:43+00:00,518.0,5.139999866485596
1998-11-26 12:00:46+00:00,521.0,5.579999923706055
1998-11-26 12:05:48+00:00,523.0,5.320000171661377
1998-11-26 12:10:49+00:00,506.0,5.389999866485596
1998-11-26 12:15:53+00:00,503.0,4.96999979019165
1998-11-26 12:20:54+00:00,503.0,5.510000228881836
1998-11-26 12:25:56+00:00,496.0,5.260000228881836
1998-11-26 12:31:00+00:00,503.0,5.400000095367432
1998-11-26 12:36:01+00:00,506.0,5.309999942779541
1998-11-26 12:41:03+00:00,508.0,5.670000076293945
1998-11-26 12:46:05+00:00,497.0,5.519999980926514
1998-11-26 12:51:08+00:00,496.0,5.28000020980835
1998-11-26 12:56:10+00:00,506.0,5.460000038146973
1998-11-26 13:01:13+00:00,515.0,4.71999979019165
1998-11-26 13:06:15+00:00,511.0,4.909999847412109
1998-11-26 13:11:16+00:00,514.0,5.550000190734863
1998-11-26 13:16:18+00:00,501.0,5.75
1998-11-26 13:21:20+00:00,489.0,4.940000057220459
1998-11-26 13:26:23+00:00,494.0,5.420000076293945
1998-11-26 13:31:27+00:00,495.0,5.860000133514404
1998-11-26 13:36:27+00:00,496.0,5.650000095367432
1998-11-26 13:41:30+00:00,498.0,5.300000190734863
1998-11-26 13:46:32+00:00,489.0,5.110000133514404
1998-11-26 13:51:33+00:00,492.0,5.199999809265137
1998-11-26 13:56:37+00:00,491.0,5.25
1998-11-26 14:01:41+00:00,493.0,5.670000076293945
1998-11-26 14:06:40+00:00,504.0,5.53000020980835
1998-11-26 14:11:42+00:00,506.0,5.449999809265137
1998-11-26 14:16:45+00:00,503.0,5.699999809265137
1998-11-26 14:21:47+00:00,500.0,5.849999904632568
1998-11-26 14:26:48+00:00,493.0,5.010000228881836
1998-11-26 14:31:54+00:00,479.0,4.170000076293945
1998-11-26 14:36:54+00:00,478.0,4.710000038146973
1998-11-26 14:41:55+00:00,484.0,4.739999771118164
1998-11-26 14:46:59+00:00,484.0,4.429999828338623
1998-11-26 14:52:00+00:00,486.0,4.510000228881836
1998-11-26 14:57:02+00:00,486.0,4.599999904632568
1998-11-26 15:02:08+00:00,486.0,4.659999847412109
1998-11-26 15:07:07+00:00,482.0,4.570000171661377
1998-11-26 15:12:09+00:00,481.0,5.079999923706055
1998-11-26 15:17:10+00:00,481.0,5.119999885559082
1998-11-26 15:22:14+00:00,480.0,4.71999979019165
1998-11-26 15:27:16+00:00,480.0,4.710000038146973
1998-11-26 15:32:17+00:00,479.0,4.949999809265137
1998-11-26 15:37:21+00:00,490.0,5.289999961853027
1998-11-26 15:42:22+00:00,491.0,6.320000171661377
1998-11-26 15:47:24+00:00,484.0,5.269999980926514
1998-11-26 15:52:26+00:00,486.0,6.059999942779541
1998-11-26 15:57:29+00:00,485.0,6.579999923706055
1998-11-26 16:02:31+00:00,486.0,6.489999771118164
1998-11-26 16:07:35+00:00,482.0,5.659999847412109
1998-11-26 16:12:34+00:00,490.0,5.75
1998-11-26 16:17:38+00:00,485.0,6.329999923706055
1998-11-26 16:22:39+00:00,484.0,6.710000038146973
1998-11-26 16:27:43+00:00,482.0,6.829999923706055
1998-11-26 16:32:44+00:00,478.0,7.880000114440918
1998-11-26 16:37:48+00:00,479.0,7.650000095367432
1998-11-26 16:42:48+00:00,484.0,7.340000152587891
1998-11-26 16:47:51+00:00,481.0,7.5
1998-11-26 16:52:53+00:00,481.0,7.119999885559082
1998-11-26 16:57:54+00:00,479.0,6.440000057220459
1998-11-26 17:02:58+00:00,478.0,6.349999904632568
1998-11-26 17:08:32+00:00,474.0,7.630000114440918
1998-11-26 17:13:31+00:00,473.0,6.849999904632568
1998-11-26 17:18:35+00:00,478.0,7.230000019073486
1998-11-26 17:23:36+00:00,475.0,8.050000190734863
1998-11-26 17:28:38+00:00,476.0,8.260000228881836
1998-11-26 17:33:41+00:00,472.0,7.900000095367432
1998-11-26 17:38:45+00:00,472.0,7.860000133514404
1998-11-26 17:43:45+00:00,471.0,7.920000076293945
1998-11-26 17:48:48+00:00,470.0,7.480000019073486
1998-11-26 17:53:50+00:00,476.0,5.349999904632568
1998-11-26 17:58:52+00:00,475.0,4.820000171661377
1998-11-26 18:03:53+00:00,476.0,4.840000152587891
1998-11-26 18:08:59+00:00,477.0,4.639999866485596
1998-11-26 18:13:59+00:00,477.0,4.599999904632568
1998-11-26 18:19:00+00:00,479.0,4.559999942779541
1998-11-26 18:24:03+00:00,461.0,5.949999809265137
1998-11-26 18:29:05+00:00,453.0,6.039999961853027
1998-11-26 18:34:07+00:00,452.0,5.699999809265137
1998-11-26 18:39:08+00:00,454.0,5.670000076293945
1998-11-26 18:44:12+00:00,450.0,5.880000114440918
1998-11-26 18:49:14+00:00,446.0,6.070000171661377
1998-11-26 18:54:17+00:00,442.0,5.929999828338623
1998-11-26 18:59:19+00:00,448.0,5.679999828338623
1998-11-26 19:04:20+00:00,446.0,5.809999942779541
1998-11-26 19:09:22+00:00,447.0,5.889999866485596
1998-11-26 19:14:26+00:00,446.0,5.730000019073486
1998-11-26 19:19:27+00:00,442.0,5.889999866485596
1998-11-26 19:24:29+00:00,441.0,6.099999904632568
1998-11-26 19:29:32+00:00,443.0,6.010000228881836
1998-11-26 19:34:34+00:00,448.0,5.949999809265137
1998-11-26 19:39:36+00:00,446.0,5.860000133514404
1998-11-26 19:44:39+00:00,444.0,6.010000228881836
1998-11-26 19:49:41+00:00,442.0,6.019999980926514
1998-11-26 19:54:42+00:00,445.0,6.0
1998-11-26 19:59:44+00:00,447.0,5.989999771118164
1998-11-26 20:04:47+00:00,445.0,6.099999904632568
1998-11-26 20:09:49+00:00,441.0,6.070000171661377
1998-11-26 20:14:53+00:00,439.0,5.940000057220459
1998-11-26 20:19:53+00:00,444.0,6.090000152587891
1998-11-26 20:24:56+00:00,449.0,5.639999866485596
1998-11-26 20:29:58+00:00,447.0,5.550000190734863
1998-11-26 20:35:01+00:00,436.0,6.400000095367432
1998-11-26 20:40:03+00:00,435.0,6.420000076293945
1998-11-26 20:45:06+00:00,423.0,6.599999904632568
1998-11-26 20:50:06+00:00,420.0,6.840000152587891
1998-11-26 20:55:09+00:00,422.0,6.769999980926514
1998-11-26 21:00:11+00:00,428.0,6.809999942779541
1998-11-26 21:05:13+00:00,435.0,7.21999979019165
1998-11-26 21:10:16+00:00,433.0,6.760000228881836
1998-11-26 21:15:20+00:00,438.0,6.460000038146973
1998-11-26 21:20:20+00:00,444.0,6.0
1998-11-26 21:25:21+00:00,444.0,6.070000171661377
1998-11-26 21:30:25+00:00,440.0,6.409999847412109
1998-11-26 21:35:26+00:00,444.0,6.460000038146973
1998-11-26 21:40:28+00:00,449.0,6.590000152587891
1998-11-26 21:45:34+00:00,444.0,6.570000171661377
1998-11-26 21:50:33+00:00,442.0,6.289999961853027
1998-11-26 21:55:35+00:00,447.0,5.619999885559082
1998-11-26 22:00:36+00:00,442.0,6.150000095367432
1998-11-26 22:05:40+00:00,443.0,6.03000020980835
1998-11-26 22:10:42+00:00,444.0,6.03000020980835
1998-11-26 22:15:47+00:00,442.0,6.119999885559082
1998-11-26 22:20:47+00:00,452.0,5.619999885559082
1998-11-26 22:25:48+00:00,451.0,5.829999923706055
1998-11-26 22:30:50+00:00,454.0,5.46999979019165
1998-11-26 22:35:53+00:00,455.0,5.409999847412109
1998-11-26 22:40:55+00:00,453.0,5.630000114440918
1998-11-26 22:45:57+00:00,452.0,5.460000038146973
1998-11-26 22:51:00+00:00,448.0,5.590000152587891
1998-11-26 22:56:02+00:00,448.0,5.730000019073486
1998-11-26 23:01:03+00:00,451.0,5.46999979019165
1998-11-26 23:06:05+00:00,452.0,5.480000019073486
1998-11-26 23:11:09+00:00,450.0,5.559999942779541
1998-11-26 23:16:10+00:00,449.0,5.670000076293945
1998-11-26 23:21:14+00:00,452.0,5.349999904632568
1998-11-26 23:26:14+00:00,456.0,5.389999866485596
1998-11-26 23:31:17+00:00,452.0,5.610000133514404
1998-11-26 23:36:19+00:00,446.0,5.829999923706055
1998-11-26 23:41:20+00:00,449.0,6.070000171661377
1998-11-26 23:46:24+00:00,446.0,6.21999979019165
1998-11-26 23:51:28+00:00,446.0,6.130000114440918
1998-11-26 23:56:27+00:00,445.0,6.53000020980835
1998-11-27 00:00:14+00:00,447.0,6.239999771118164
1998-11-27 00:05:02+00:00,442.0,6.769999980926514
1998-11-27 00:10:04+00:00,438.0,6.71999979019165
1998-11-27 00:15:06+00:00,442.0,6.599999904632568
1998-11-27 00:20:07+00:00,449.0,6.320000171661377
1998-11-27 00:25:11+00:00,449.0,6.230000019073486
1998-11-27 00:30:12+00:00,447.0,6.070000171661377
1998-11-27 00:35:14+00:00,445.0,5.630000114440918
1998-11-27 00:40:18+00:00,440.0,5.389999866485596
1998-11-27 00:45:19+00:00,445.0,5.289999961853027
1998-11-27 00:50:21+00:00,448.0,5.230000019073486
1998-11-27 00:55:25+00:00,444.0,5.349999904632568
1998-11-27 01:00:26+00:00,446.0,5.489999771118164
1998-11-27 01:05:28+00:00,440.0,5.570000171661377
1998-11-27 01:10:31+00:00,438.0,5.619999885559082
1998-11-27 01:15:33+00:00,441.0,5.409999847412109
1998-11-27 01:20:34+00:00,438.0,5.409999847412109
1998-11-27 01:25:38+00:00,435.0,5.539999961853027
1998-11-27 01:30:40+00:00,434.0,5.599999904632568
1998-11-27 01:35:41+00:00,432.0,5.619999885559082
1998-11-27 01:40:43+00:00,433.0,5.610000133514404
1998-11-27 01:45:46+00:00,430.0,5.610000133514404
1998-11-27 01:50:48+00:00,438.0,7.230000019073486
1998-11-27 01:55:52+00:00,444.0,7.019999980926514
1998-11-27 02:00:51+00:00,439.0,6.760000228881836
1998-11-27 02:05:55+00:00,440.0,7.820000171661377
1998-11-27 02:10:56+00:00,440.0,7.21999979019165
1998-11-27 02:15:58+00:00,438.0,6.380000114440918
1998-11-27 02:21:02+00:00,435.0,6.0
1998-11-27 02:26:05+00:00,446.0,7.039999961853027
1998-11-27 02:31:05+00:00,439.0,6.170000076293945
1998-11-27 02:36:08+00:00,435.0,5.880000114440918
1998-11-27 02:41:10+00:00,440.0,6.199999809265137
1998-11-27 02:46:12+00:00,446.0,6.309999942779541
1998-11-27 02:51:13+00:00,441.0,6.420000076293945
1998-11-27 02:56:19+00:00,437.0,7.260000228881836
1998-11-27 03:01:19+00:00,426.0,7.590000152587891
1998-11-27 03:06:20+00:00,425.0,7.349999904632568
1998-11-27 03:11:23+00:00,428.0,7.670000076293945
1998-11-27 03:16:25+00:00,429.0,7.420000076293945
1998-11-27 03:21:27+00:00,432.0,7.510000228881836
1998-11-27 03:26:32+00:00,415.0,7.46999979019165
1998-11-27 03:31:32+00:00,409.0,7.139999866485596
1998-11-27 03:36:34+00:00,413.0,7.360000133514404
1998-11-27 03:41:35+00:00,411.0,7.190000057220459
1998-11-27 03:46:39+00:00,413.0,6.789999961853027
1998-11-27 03:51:40+00:00,413.0,7.150000095367432
1998-11-27 03:56:42+00:00,416.0,7.019999980926514
1998-11-27 04:01:46+00:00,420.0,7.079999923706055
1998-11-27 04:06:48+00:00,432.0,6.820000171661377
1998-11-27 04:11:49+00:00,427.0,7.130000114440918
1998-11-27 04:16:53+00:00,418.0,7.0
1998-11-27 04:21:55+00:00,428.0,6.53000020980835
1998-11-27 04:26:56+00:00,419.0,6.75
1998-11-27 04:32:00+00:00,414.0,7.059999942779541
1998-11-27 04:37:01+00:00,421.0,6.71999979019165
1998-11-27 04:42:03+00:00,420.0,6.579999923706055
1998-11-27 04:47:05+00:00,422.0,6.889999866485596
1998-11-27 04:52:08+00:00,418.0,7.03000020980835
1998-11-27 04:57:10+00:00,412.0,7.0
1998-11-27 05:02:14+00:00,411.0,6.940000057220459
1998-11-27 05:07:13+00:00,413.0,6.880000114440918
1998-11-27 05:12:17+00:00,410.0,6.869999885559082
1998-11-27 05:17:18+00:00,409.0,6.690000057220459
1998-11-27 05:22:20+00:00,410.0,6.639999866485596
1998-11-27 05:27:23+00:00,412.0,6.880000114440918
1998-11-27 05:32:27+00:00,417.0,6.960000038146973
1998-11-27 05:37:27+00:00,412.0,6.869999885559082
1998-11-27 05:42:30+00:00,410.0,6.670000076293945
1998-11-27 05:47:32+00:00,409.0,6.739999771118164
1998-11-27 05:52:33+00:00,408.0,6.659999847412109
1998-11-27 05:57:35+00:00,411.0,6.739999771118164
1998-11-27 06:02:41+00:00,411.0,6.670000076293945
1998-11-27 06:07:41+00:00,411.0,6.460000038146973
1998-11-27 06:12:42+00:00,432.0,6.550000190734863
1998-11-27 06:17:45+00:00,433.0,6.079999923706055
1998-11-27 06:22:47+00:00,417.0,6.059999942779541
1998-11-27 06:27:49+00:00,414.0,6.289999961853027
1998-11-27 06:32:54+00:00,416.0,6.429999828338623
1998-11-27 06:37:54+00:00,418.0,6.329999923706055
1998-11-27 06:42:55+00:00,424.0,5.789999961853027
1998-11-27 06:47:59+00:00,420.0,5.659999847412109
1998-11-27 06:53:01+00:00,421.0,5.599999904632568
1998-11-27 06:58:02+00:00,417.0,5.449999809265137
1998-11-27 07:03:04+00:00,419.0,5.21999979019165
1998-11-27 07:08:08+00:00,419.0,5.320000171661377
1998-11-27 07:13:09+00:00,430.0,5.079999923706055
1998-11-27 07:18:11+00:00,431.0,5.050000190734863
1998-11-27 07:23:14+00:00,437.0,5.0
1998-11-27 07:28:16+00:00,444.0,4.980000019073486
1998-11-27 07:33:17+00:00,438.0,4.980000019073486
1998-11-27 07:38:21+00:00,423.0,5.099999904632568
1998-11-27 07:43:23+00:00,427.0,4.860000133514404
1998-11-27 07:48:24+00:00,422.0,5.489999771118164
1998-11-27 07:53:26+00:00,420.0,5.550000190734863
1998-11-27 07:58:29+00:00,427.0,5.25
1998-11-27 08:03:31+00:00,435.0,4.880000114440918
1998-11-27 08:08:35+00:00,430.0,4.880000114440918
1998-11-27 08:13:35+00:00,431.0,4.809999942779541
1998-11-27 08:18:38+00:00,434.0,4.659999847412109
1998-11-27 08:23:39+00:00,436.0,4.46999979019165
1998-11-27 08:28:43+00:00,438.0,4.119999885559082
1998-11-27 08:33:45+00:00,435.0,4.090000152587891
1998-11-27 08:38:48+00:00,436.0,4.130000114440918
1998-11-27 08:43:48+00:00,437.0,4.010000228881836
1998-11-27 08:48:51+00:00,434.0,4.039999961853027
1998-11-27 08:53:53+00:00,434.0,4.449999809265137
1998-11-27 08:58:55+00:00,416.0,5.21999979019165
1998-11-27 09:03:58+00:00,420.0,4.699999809265137
1998-11-27 09:09:02+00:00,430.0,4.0
1998-11-27 09:14:02+00:00,426.0,4.239999771118164
1998-11-27 09:19:03+00:00,438.0,4.0
1998-11-27 09:24:07+00:00,434.0,4.010000228881836
1998-11-27 09:29:08+00:00,430.0,4.46999979019165
1998-11-27 09:34:10+00:00,442.0,3.9000000953674316
1998-11-27 09:39:15+00:00,432.0,4.420000076293945
1998-11-27 09:44:15+00:00,422.0,4.820000171661377
1998-11-27 09:49:17+00:00,414.0,5.320000171661377
1998-11-27 09:54:20+00:00,425.0,5.019999980926514
1998-11-27 09:59:22+00:00,436.0,5.21999979019165
1998-11-27 10:04:23+00:00,428.0,5.179999828338623
1998-11-27 10:09:29+00:00,428.0,5.0
1998-11-27 10:14:29+00:00,439.0,4.840000152587891
1998-11-27 10:19:30+00:00,419.0,5.039999961853027
1998-11-27 10:24:32+00:00,427.0,4.400000095367432
1998-11-27 10:29:35+00:00,424.0,4.369999885559082
1998-11-27 10:34:37+00:00,416.0,4.71999979019165
1998-11-27 10:39:39+00:00,420.0,4.809999942779541
1998-11-27 10:44:42+00:00,429.0,4.639999866485596
1998-11-27 10:49:44+00:00,424.0,4.809999942779541
1998-11-27 10:54:45+00:00,416.0,4.869999885559082
1998-11-27 10:59:47+00:00,416.0,4.929999828338623
1998-11-27 11:04:51+00:00,414.0,5.010000228881836
1998-11-27 11:09:52+00:00,411.0,5.659999847412109
1998-11-27 11:14:56+00:00,405.0,5.96999979019165
1998-11-27 11:19:57+00:00,407.0,6.03000020980835
1998-11-27 11:24:59+00:00,414.0,5.690000057220459
1998-11-27 11:30:01+00:00,422.0,5.71999979019165
1998-11-27 11:35:04+00:00,411.0,5.570000171661377
1998-11-27 11:40:06+00:00,411.0,5.449999809265137
1998-11-27 11:45:10+00:00,412.0,5.28000020980835
1998-11-27 11:50:09+00:00,415.0,5.690000057220459
1998-11-27 11:55:13+00:00,418.0,5.730000019073486
1998-11-27 12:00:14+00:00,419.0,5.230000019073486
1998-11-27 12:05:16+00:00,423.0,5.900000095367432
1998-11-27 12:10:19+00:00,420.0,6.239999771118164
1998-11-27 12:15:23+00:00,420.0,6.380000114440918
1998-11-27 12:20:23+00:00,413.0,6.119999885559082
1998-11-27 12:25:26+00:00,407.0,6.130000114440918
1998-11-27 12:30:28+00:00,400.0,6.519999980926514
1998-11-27 12:35:29+00:00,399.0,6.570000171661377
1998-11-27 12:40:31+00:00,401.0,6.230000019073486
1998-11-27 12:45:37+00:00,403.0,5.980000019073486
1998-11-27 12:50:36+00:00,404.0,5.820000171661377
1998-11-27 12:55:38+00:00,402.0,6.179999828338623
1998-11-27 13:00:41+00:00,404.0,5.949999809265137
1998-11-27 13:05:43+00:00,401.0,6.25
1998-11-27 13:10:45+00:00,404.0,5.900000095367432
1998-11-27 13:15:50+00:00,403.0,6.409999847412109
1998-11-27 13:20:50+00:00,407.0,6.670000076293945
1998-11-27 13:25:51+00:00,403.0,6.559999942779541
1998-11-27 13:30:55+00:00,406.0,6.210000038146973
1998-11-27 13:35:57+00:00,404.0,6.610000133514404
1998-11-27 13:40:58+00:00,407.0,6.420000076293945
1998-11-27 13:46:00+00:00,404.0,6.369999885559082
1998-11-27 13:51:04+00:00,402.0,6.360000133514404
1998-11-27 13:56:05+00:00,399.0,6.239999771118164
1998-11-27 14:01:07+00:00,398.0,6.449999809265137
1998-11-27 14:06:10+00:00,400.0,6.489999771118164
1998-11-27 14:11:12+00:00,400.0,6.320000171661377
1998-11-27 14:16:13+00:00,400.0,5.710000038146973
1998-11-27 14:21:17+00:00,401.0,5.78000020980835
1998-11-27 14:26:19+00:00,402.0,5.599999904632568
1998-11-27 14:31:20+00:00,402.0,5.599999904632568
1998-11-27 14:36:22+00:00,402.0,5.579999923706055
1998-11-27 14:41:25+00:00,400.0,6.03000020980835
1998-11-27 14:46:27+00:00,405.0,5.869999885559082
1998-11-27 14:51:31+00:00,404.0,6.21999979019165
1998-11-27 14:56:31+00:00,404.0,6.010000228881836
1998-11-27 15:01:34+00:00,405.0,6.050000190734863
1998-11-27 15:06:35+00:00,401.0,5.929999828338623
1998-11-27 15:11:37+00:00,406.0,5.900000095367432
1998-11-27 15:16:41+00:00,404.0,6.090000152587891
1998-11-27 15:21:44+00:00,403.0,5.880000114440918
1998-11-27 15:26:44+00:00,405.0,5.570000171661377
1998-11-27 15:31:47+00:00,406.0,5.519999980926514
1998-11-27 15:36:49+00:00,406.0,5.630000114440918
1998-11-27 15:41:51+00:00,407.0,5.550000190734863
1998-11-27 15:46:54+00:00,406.0,5.699999809265137
1998-11-27 15:51:58+00:00,404.0,5.659999847412109
1998-11-27 15:56:58+00:00,402.0,5.869999885559082
1998-11-27 16:01:59+00:00,404.0,5.849999904632568
1998-11-27 16:07:03+00:00,407.0,5.860000133514404
1998-11-27 16:12:04+00:00,408.0,5.840000152587891
1998-11-27 16:17:06+00:00,406.0,6.159999847412109
1998-11-27 16:22:11+00:00,406.0,6.079999923706055
1998-11-27 16:27:11+00:00,412.0,5.590000152587891
1998-11-27 16:32:13+00:00,411.0,5.730000019073486
1998-11-27 16:37:16+00:00,411.0,6.079999923706055
1998-11-27 16:42:18+00:00,411.0,6.119999885559082
1998-11-27 16:47:19+00:00,412.0,5.960000038146973
1998-11-27 16:52:21+00:00,417.0,6.070000171661377
1998-11-27 16:57:25+00:00,422.0,6.099999904632568
1998-11-27 17:02:26+00:00,425.0,6.199999809265137
1998-11-27 17:07:28+00:00,416.0,6.0
1998-11-27 17:12:31+00:00,410.0,5.960000038146973
1998-11-27 17:17:33+00:00,401.0,5.809999942779541
1998-11-27 17:22:35+00:00,402.0,5.510000228881836
1998-11-27 17:27:38+00:00,404.0,5.460000038146973
1998-11-27 17:32:40+00:00,407.0,5.25
1998-11-27 17:37:41+00:00,405.0,5.340000152587891
1998-11-27 17:42:43+00:00,407.0,5.320000171661377
1998-11-27 17:47:47+00:00,408.0,5.460000038146973
1998-11-27 17:52:48+00:00,408.0,5.5
1998-11-27 17:57:52+00:00,405.0,5.110000133514404
1998-11-27 18:02:53+00:00,407.0,5.03000020980835
1998-11-27 18:07:55+00:00,407.0,5.170000076293945
1998-11-27 18:12:57+00:00,404.0,5.090000152587891
1998-11-27 18:18:00+00:00,403.0,5.239999771118164
1998-11-27 18:23:02+00:00,412.0,4.900000095367432
1998-11-27 18:28:05+00:00,410.0,5.03000020980835
1998-11-27 18:33:05+00:00,408.0,5.489999771118164
1998-11-27 18:38:08+00:00,406.0,5.570000171661377
1998-11-27 18:43:10+00:00,405.0,5.550000190734863
1998-11-27 18:48:12+00:00,407.0,5.320000171661377
1998-11-27 18:53:15+00:00,411.0,4.880000114440918
1998-11-27 18:58:19+00:00,408.0,5.269999980926514
1998-11-27 19:03:19+00:00,409.0,5.050000190734863
1998-11-27 19:08:22+00:00,408.0,5.059999942779541
1998-11-27 19:13:24+00:00,414.0,5.420000076293945
1998-11-27 19:18:25+00:00,417.0,5.690000057220459
1998-11-27 19:23:27+00:00,415.0,4.96999979019165
1998-11-27 19:28:33+00:00,416.0,5.650000095367432
1998-11-27 19:33:32+00:00,410.0,5.230000019073486
1998-11-27 19:38:34+00:00,411.0,5.559999942779541
1998-11-27 19:43:37+00:00,416.0,5.440000057220459
1998-11-27 19:48:39+00:00,417.0,5.480000019073486
1998-11-27 19:53:41+00:00,418.0,5.489999771118164
1998-11-27 19:58:46+00:00,414.0,5.300000190734863
1998-11-27 20:03:46+00:00,411.0,5.25
1998-11-27 20:08:47+00:00,437.0,3.7200000286102295
1998-11-27 20:13:49+00:00,445.0,3.25
1998-11-27 20:18:52+00:00,446.0,3.200000047683716
1998-11-27 20:23:54+00:00,440.0,3.5999999046325684
1998-11-27 20:28:56+00:00,438.0,3.490000009536743
1998-11-27 20:33:59+00:00,437.0,3.390000104904175
1998-11-27 20:39:01+00:00,438.0,3.549999952316284
1998-11-27 20:44:02+00:00,440.0,3.4700000286102295
1998-11-27 20:49:06+00:00,441.0,3.3299999237060547
1998-11-27 20:54:08+00:00,436.0,3.7300000190734863
1998-11-27 20:59:09+00:00,431.0,4.300000190734863
1998-11-27 21:04:13+00:00,431.0,4.880000114440918
1998-11-27 21:09:14+00:00,445.0,4.340000152587891
1998-11-27 21:14:16+00:00,439.0,4.679999828338623
1998-11-27 21:19:18+00:00,439.0,4.769999980926514
1998-11-27 21:24:21+00:00,436.0,4.75
1998-11-27 21:29:23+00:00,432.0,4.599999904632568
1998-11-27 21:34:27+00:00,429.0,4.670000076293945
1998-11-27 21:39:26+00:00,428.0,4.460000038146973
1998-11-27 21:44:30+00:00,427.0,4.630000114440918
1998-11-27 21:49:31+00:00,428.0,4.559999942779541
1998-11-27 21:54:33+00:00,431.0,4.519999980926514
1998-11-27 21:59:36+00:00,428.0,4.579999923706055
1998-11-27 22:04:40+00:00,428.0,4.659999847412109
1998-11-27 22:09:40+00:00,429.0,4.619999885559082
1998-11-27 22:14:43+00:00,430.0,4.699999809265137
1998-11-27 22:19:45+00:00,431.0,4.900000095367432
1998-11-27 22:24:46+00:00,432.0,5.03000020980835
1998-11-27 22:29:50+00:00,436.0,4.829999923706055
1998-11-27 22:34:54+00:00,434.0,4.800000190734863
1998-11-27 22:39:53+00:00,432.0,4.869999885559082
1998-11-27 22:44:55+00:00,435.0,4.980000019073486
1998-11-27 22:49:58+00:00,432.0,4.880000114440918
1998-11-27 22:55:00+00:00,431.0,4.75
1998-11-27 23:00:02+00:00,434.0,4.820000171661377
1998-11-27 23:05:07+00:00,437.0,4.71999979019165
1998-11-27 23:10:07+00:00,438.0,4.460000038146973
1998-11-27 23:15:08+00:00,436.0,4.489999771118164
1998-11-27 23:20:12+00:00,437.0,4.789999961853027
1998-11-27 23:25:14+00:00,443.0,4.789999961853027
1998-11-27 23:30:15+00:00,437.0,5.650000095367432
1998-11-27 23:35:17+00:00,439.0,5.269999980926514
1998-11-27 23:40:21+00:00,436.0,5.440000057220459
1998-11-27 23:45:22+00:00,438.0,5.460000038146973
1998-11-27 23:50:24+00:00,440.0,5.53000020980835
1998-11-27 23:55:27+00:00,440.0,5.71999979019165
1998-11-28 00:00:14+00:00,444.0,5.5
1998-11-28 00:05:00+00:00,447.0,5.539999961853027
1998-11-28 00:10:04+00:00,449.0,5.389999866485596
1998-11-28 00:15:06+00:00,450.0,5.360000133514404
1998-11-28 00:20:07+00:00,442.0,5.340000152587891
1998-11-28 00:25:09+00:00,439.0,5.320000171661377
1998-11-28 00:30:12+00:00,449.0,5.360000133514404
1998-11-28 00:35:14+00:00,448.0,5.579999923706055
1998-11-28 00:40:18+00:00,448.0,5.360000133514404
1998-11-28 00:45:18+00:00,443.0,5.0
1998-11-28 00:50:21+00:00,444.0,5.400000095367432
1998-11-28 00:55:22+00:00,444.0,5.440000057220459
1998-11-28 01:00:24+00:00,444.0,5.380000114440918
1998-11-28 01:05:28+00:00,447.0,5.409999847412109
1998-11-28 01:10:31+00:00,445.0,5.369999885559082
1998-11-28 01:15:31+00:00,436.0,4.980000019073486
1998-11-28 01:20:34+00:00,439.0,5.320000171661377
1998-11-28 01:25:36+00:00,444.0,5.409999847412109
1998-11-28 01:30:38+00:00,452.0,5.730000019073486
1998-11-28 01:35:41+00:00,457.0,5.980000019073486
1998-11-28 01:40:45+00:00,453.0,5.980000019073486
1998-11-28 01:45:45+00:00,456.0,4.489999771118164
1998-11-28 01:50:46+00:00,455.0,5.25
1998-11-28 01:55:50+00:00,440.0,5.900000095367432
1998-11-28 02:00:51+00:00,456.0,5.869999885559082
1998-11-28 02:05:53+00:00,451.0,5.619999885559082
1998-11-28 02:10:58+00:00,465.0,5.96999979019165
1998-11-28 02:15:58+00:00,469.0,6.590000152587891
1998-11-28 02:21:00+00:00,455.0,5.590000152587891
1998-11-28 02:26:01+00:00,425.0,4.619999885559082
1998-11-28 02:31:05+00:00,459.0,5.619999885559082
1998-11-28 02:36:06+00:00,450.0,4.75
1998-11-28 02:41:08+00:00,451.0,4.960000038146973
1998-11-28 02:46:12+00:00,445.0,5.260000228881836
1998-11-28 02:51:13+00:00,423.0,4.739999771118164
1998-11-28 02:56:15+00:00,416.0,4.429999828338623
1998-11-28 03:01:18+00:00,419.0,4.300000190734863
1998-11-28 03:06:20+00:00,448.0,5.760000228881836
1998-11-28 03:11:22+00:00,450.0,6.599999904632568
1998-11-28 03:16:25+00:00,442.0,6.800000190734863
1998-11-28 03:21:27+00:00,447.0,7.360000133514404
1998-11-28 03:26:28+00:00,447.0,7.809999942779541
1998-11-28 03:31:30+00:00,446.0,7.909999847412109
1998-11-28 03:36:34+00:00,445.0,7.929999828338623
1998-11-28 03:41:35+00:00,443.0,8.210000038146973
1998-11-28 03:46:39+00:00,443.0,8.149999618530273
1998-11-28 03:51:39+00:00,443.0,7.960000038146973
1998-11-28 03:56:42+00:00,439.0,8.050000190734863
1998-11-28 04:01:44+00:00,442.0,8.489999771118164
1998-11-28 04:06:46+00:00,441.0,8.470000267028809
1998-11-28 04:11:49+00:00,439.0,8.710000038146973
1998-11-28 04:16:53+00:00,442.0,8.619999885559082
1998-11-28 04:21:53+00:00,440.0,8.729999542236328
1998-11-28 04:26:56+00:00,439.0,8.9399995803833
1998-11-28 04:31:58+00:00,440.0,8.800000190734863
1998-11-28 04:37:00+00:00,438.0,8.859999656677246
1998-11-28 04:42:03+00:00,437.0,8.699999809265137
1998-11-28 04:47:07+00:00,434.0,8.489999771118164
1998-11-28 04:52:07+00:00,436.0,8.119999885559082
1998-11-28 04:57:10+00:00,438.0,7.960000038146973
1998-11-28 05:02:11+00:00,436.0,8.079999923706055
1998-11-28 05:07:13+00:00,437.0,8.039999961853027
1998-11-28 05:12:15+00:00,433.0,7.78000020980835
1998-11-28 05:17:20+00:00,432.0,7.920000076293945
1998-11-28 05:22:20+00:00,427.0,7.679999828338623
1998-11-28 05:27:22+00:00,427.0,7.599999904632568
1998-11-28 05:32:25+00:00,427.0,7.230000019073486
1998-11-28 05:37:27+00:00,431.0,7.159999847412109
1998-11-28 05:42:28+00:00,426.0,6.730000019073486
1998-11-28 05:47:30+00:00,418.0,5.809999942779541
1998-11-28 05:52:34+00:00,421.0,5.809999942779541
1998-11-28 05:57:35+00:00,397.0,4.730000019073486
1998-11-28 06:02:37+00:00,394.0,4.460000038146973
1998-11-28 06:07:40+00:00,394.0,4.460000038146973
1998-11-28 06:12:42+00:00,399.0,4.050000190734863
1998-11-28 06:17:44+00:00,399.0,3.890000104904175
1998-11-28 06:22:47+00:00,395.0,4.369999885559082
1998-11-28 06:27:49+00:00,399.0,4.420000076293945
1998-11-28 06:32:50+00:00,398.0,4.570000171661377
1998-11-28 06:37:52+00:00,406.0,4.289999961853027
1998-11-28 06:42:55+00:00,402.0,4.170000076293945
1998-11-28 06:47:57+00:00,401.0,4.139999866485596
1998-11-28 06:53:01+00:00,402.0,4.099999904632568
1998-11-28 06:58:02+00:00,402.0,4.289999961853027
1998-11-28 07:03:04+00:00,397.0,4.570000171661377
1998-11-28 07:08:05+00:00,406.0,4.400000095367432
1998-11-28 07:13:09+00:00,402.0,4.619999885559082
1998-11-28 07:18:11+00:00,407.0,4.860000133514404
1998-11-28 07:23:14+00:00,402.0,4.78000020980835
1998-11-28 07:28:14+00:00,404.0,4.679999828338623
1998-11-28 07:33:17+00:00,408.0,4.46999979019165
1998-11-28 07:38:19+00:00,402.0,4.550000190734863
1998-11-28 07:43:21+00:00,397.0,4.449999809265137
1998-11-28 07:48:24+00:00,416.0,4.570000171661377
1998-11-28 07:53:28+00:00,423.0,4.070000171661377
1998-11-28 07:58:28+00:00,406.0,4.309999942779541
1998-11-28 08:03:31+00:00,400.0,4.489999771118164
1998-11-28 08:08:33+00:00,399.0,4.510000228881836
1998-11-28 08:13:34+00:00,400.0,4.570000171661377
1998-11-28 08:18:36+00:00,399.0,4.699999809265137
1998-11-28 08:23:42+00:00,397.0,4.840000152587891
1998-11-28 08:28:41+00:00,394.0,4.96999979019165
1998-11-28 08:33:43+00:00,396.0,4.840000152587891
1998-11-28 08:38:46+00:00,401.0,4.260000228881836
1998-11-28 08:43:48+00:00,402.0,4.079999923706055
1998-11-28 08:48:49+00:00,408.0,4.0
1998-11-28 08:53:55+00:00,411.0,4.170000076293945
1998-11-28 08:58:55+00:00,415.0,4.170000076293945
1998-11-28 09:03:56+00:00,398.0,4.659999847412109
1998-11-28 09:08:58+00:00,399.0,4.28000020980835
1998-11-28 09:14:01+00:00,397.0,4.619999885559082
1998-11-28 09:19:03+00:00,399.0,4.619999885559082
1998-11-28 09:24:05+00:00,399.0,4.150000095367432
1998-11-28 09:29:08+00:00,396.0,4.53000020980835
1998-11-28 09:34:10+00:00,398.0,4.769999980926514
1998-11-28 09:39:11+00:00,401.0,4.730000019073486
1998-11-28 09:44:15+00:00,398.0,4.920000076293945
1998-11-28 09:49:17+00:00,399.0,5.079999923706055
1998-11-28 09:54:18+00:00,399.0,4.909999847412109
1998-11-28 09:59:22+00:00,396.0,4.929999828338623
1998-11-28 10:04:23+00:00,395.0,4.920000076293945
1998-11-28 10:09:25+00:00,395.0,4.900000095367432
1998-11-28 10:14:27+00:00,397.0,4.860000133514404
1998-11-28 10:19:30+00:00,396.0,5.0
1998-11-28 10:24:32+00:00,394.0,5.099999904632568
1998-11-28 10:29:36+00:00,395.0,5.179999828338623
1998-11-28 10:34:35+00:00,397.0,4.880000114440918
1998-11-28 10:39:39+00:00,405.0,4.679999828338623
1998-11-28 10:44:40+00:00,396.0,5.199999809265137
1998-11-28 10:49:42+00:00,401.0,4.760000228881836
1998-11-28 10:54:45+00:00,397.0,5.190000057220459
1998-11-28 10:59:49+00:00,397.0,5.179999828338623
1998-11-28 11:04:49+00:00,396.0,5.210000038146973
1998-11-28 11:09:52+00:00,396.0,5.550000190734863
1998-11-28 11:14:54+00:00,398.0,5.380000114440918
1998-11-28 11:19:55+00:00,397.0,5.619999885559082
1998-11-28 11:24:59+00:00,397.0,5.309999942779541
1998-11-28 11:30:03+00:00,397.0,5.360000133514404
1998-11-28 11:35:02+00:00,397.0,5.320000171661377
1998-11-28 11:40:04+00:00,399.0,5.28000020980835
1998-11-28 11:45:07+00:00,400.0,5.0
1998-11-28 11:50:09+00:00,399.0,5.019999980926514
1998-11-28 11:55:11+00:00,400.0,5.099999904632568
1998-11-28 12:00:16+00:00,408.0,4.610000133514404
1998-11-28 12:05:16+00:00,398.0,5.510000228881836
1998-11-28 12:10:17+00:00,399.0,5.539999961853027
1998-11-28 12:15:21+00:00,398.0,5.590000152587891
1998-11-28 12:20:23+00:00,401.0,4.949999809265137
1998-11-28 12:25:24+00:00,408.0,4.130000114440918
1998-11-28 12:30:26+00:00,400.0,4.429999828338623
1998-11-28 12:35:30+00:00,401.0,4.550000190734863
1998-11-28 12:40:31+00:00,405.0,4.429999828338623
1998-11-28 12:45:33+00:00,410.0,4.019999980926514
1998-11-28 12:50:36+00:00,421.0,3.8299999237060547
1998-11-28 12:55:38+00:00,430.0,3.819999933242798
1998-11-28 13:00:39+00:00,431.0,3.690000057220459
1998-11-28 13:05:43+00:00,413.0,4.090000152587891
1998-11-28 13:10:45+00:00,406.0,4.539999961853027
1998-11-28 13:15:46+00:00,410.0,3.940000057220459
1998-11-28 13:20:48+00:00,408.0,4.210000038146973
1998-11-28 13:25:51+00:00,410.0,4.079999923706055
1998-11-28 13:30:53+00:00,418.0,4.550000190734863
1998-11-28 13:35:57+00:00,445.0,4.369999885559082
1998-11-28 13:40:58+00:00,433.0,4.170000076293945
1998-11-28 13:46:00+00:00,412.0,4.349999904632568
1998-11-28 13:51:01+00:00,408.0,4.949999809265137
1998-11-28 13:56:05+00:00,409.0,4.920000076293945
1998-11-28 14:01:07+00:00,416.0,4.699999809265137
1998-11-28 14:06:10+00:00,410.0,4.820000171661377
1998-11-28 14:11:10+00:00,404.0,5.230000019073486
1998-11-28 14:16:13+00:00,432.0,4.900000095367432
1998-11-28 14:21:15+00:00,422.0,4.829999923706055
1998-11-28 14:26:17+00:00,419.0,5.510000228881836
1998-11-28 14:31:20+00:00,425.0,4.349999904632568
1998-11-28 14:36:24+00:00,422.0,3.940000057220459
1998-11-28 14:41:24+00:00,426.0,3.940000057220459
1998-11-28 14:46:27+00:00,432.0,4.090000152587891
1998-11-28 14:51:28+00:00,452.0,4.670000076293945
1998-11-28 14:56:30+00:00,450.0,4.590000152587891
1998-11-28 15:01:32+00:00,459.0,4.75
1998-11-28 15:06:37+00:00,455.0,4.71999979019165
1998-11-28 15:11:37+00:00,458.0,4.599999904632568
1998-11-28 15:16:39+00:00,444.0,4.28000020980835
1998-11-28 15:21:42+00:00,440.0,4.260000228881836
1998-11-28 15:26:44+00:00,435.0,4.510000228881836
1998-11-28 15:31:45+00:00,460.0,4.960000038146973
1998-11-28 15:36:51+00:00,435.0,4.429999828338623
1998-11-28 15:41:51+00:00,434.0,4.420000076293945
1998-11-28 15:46:52+00:00,445.0,4.550000190734863
1998-11-28 15:51:54+00:00,444.0,4.880000114440918
1998-11-28 15:56:57+00:00,422.0,4.579999923706055
1998-11-28 16:01:59+00:00,409.0,4.53000020980835
1998-11-28 16:07:01+00:00,404.0,4.71999979019165
1998-11-28 16:12:04+00:00,412.0,4.75
1998-11-28 16:17:06+00:00,410.0,4.820000171661377
1998-11-28 16:22:07+00:00,411.0,4.699999809265137
1998-11-28 16:27:11+00:00,433.0,4.670000076293945
1998-11-28 16:32:12+00:00,420.0,4.489999771118164
1998-11-28 16:37:14+00:00,412.0,4.710000038146973
1998-11-28 16:42:18+00:00,425.0,5.179999828338623
1998-11-28 16:47:19+00:00,422.0,5.28000020980835
1998-11-28 16:52:21+00:00,439.0,5.340000152587891
1998-11-28 16:57:23+00:00,437.0,5.21999979019165
1998-11-28 17:02:26+00:00,435.0,4.5
1998-11-28 17:07:28+00:00,434.0,4.96999979019165
1998-11-28 17:12:31+00:00,430.0,5.179999828338623
1998-11-28 17:17:31+00:00,421.0,4.860000133514404
1998-11-28 17:22:34+00:00,418.0,4.289999961853027
1998-11-28 17:27:36+00:00,412.0,4.730000019073486
1998-11-28 17:32:38+00:00,410.0,4.579999923706055
1998-11-28 17:37:41+00:00,413.0,4.440000057220459
1998-11-28 17:42:45+00:00,413.0,4.369999885559082
1998-11-28 17:47:45+00:00,407.0,4.590000152587891
1998-11-28 17:52:48+00:00,408.0,4.659999847412109
1998-11-28 17:57:50+00:00,409.0,4.940000057220459
1998-11-28 18:02:51+00:00,403.0,5.070000171661377
1998-11-28 18:07:55+00:00,403.0,5.289999961853027
1998-11-28 18:12:59+00:00,429.0,4.650000095367432
1998-11-28 18:17:58+00:00,416.0,4.480000019073486
1998-11-28 18:23:00+00:00,402.0,5.130000114440918
1998-11-28 18:28:03+00:00,414.0,4.820000171661377
1998-11-28 18:33:05+00:00,427.0,3.819999933242798
1998-11-28 18:38:06+00:00,432.0,3.950000047683716
1998-11-28 18:43:12+00:00,428.0,3.950000047683716
1998-11-28 18:48:12+00:00,421.0,4.179999828338623
1998-11-28 18:53:13+00:00,416.0,4.400000095367432
1998-11-28 18:58:17+00:00,410.0,4.639999866485596
1998-11-28 19:03:18+00:00,404.0,4.820000171661377
1998-11-28 19:08:20+00:00,403.0,4.909999847412109
1998-11-28 19:13:22+00:00,406.0,4.789999961853027
1998-11-28 19:18:25+00:00,414.0,4.409999847412109
1998-11-28 19:23:27+00:00,402.0,4.909999847412109
1998-11-28 19:28:28+00:00,399.0,5.159999847412109
1998-11-28 19:33:32+00:00,398.0,5.150000095367432
1998-11-28 19:38:34+00:00,397.0,4.949999809265137
1998-11-28 19:43:35+00:00,400.0,4.78000020980835
1998-11-28 19:48:39+00:00,401.0,5.090000152587891
1998-11-28 19:53:40+00:00,416.0,5.019999980926514
1998-11-28 19:58:42+00:00,406.0,5.010000228881836
1998-11-28 20:03:44+00:00,400.0,5.079999923706055
1998-11-28 20:08:47+00:00,399.0,5.329999923706055
1998-11-28 20:13:49+00:00,402.0,5.019999980926514
1998-11-28 20:18:53+00:00,402.0,5.099999904632568
1998-11-28 20:23:52+00:00,402.0,4.889999866485596
1998-11-28 20:28:56+00:00,400.0,4.789999961853027
1998-11-28 20:33:57+00:00,400.0,4.889999866485596
1998-11-28 20:39:01+00:00,401.0,5.389999866485596
1998-11-28 20:44:02+00:00,404.0,5.579999923706055
1998-11-28 20:49:06+00:00,400.0,5.579999923706055
1998-11-28 20:54:06+00:00,408.0,5.519999980926514
1998-11-28 20:59:09+00:00,414.0,5.170000076293945
1998-11-28 21:04:11+00:00,408.0,5.360000133514404
1998-11-28 21:09:12+00:00,408.0,5.320000171661377
1998-11-28 21:14:16+00:00,404.0,5.389999866485596
1998-11-28 21:19:20+00:00,403.0,5.239999771118164
1998-11-28 21:24:20+00:00,412.0,5.239999771118164
1998-11-28 21:29:21+00:00,425.0,4.559999942779541
1998-11-28 21:34:24+00:00,434.0,4.340000152587891
1998-11-28 21:39:26+00:00,430.0,4.449999809265137
1998-11-28 21:44:28+00:00,408.0,5.320000171661377
1998-11-28 21:49:33+00:00,406.0,5.53000020980835
1998-11-28 21:54:33+00:00,412.0,5.239999771118164
1998-11-28 21:59:34+00:00,404.0,5.46999979019165
1998-11-28 22:04:38+00:00,402.0,5.659999847412109
1998-11-28 22:09:40+00:00,401.0,5.699999809265137
1998-11-28 22:14:41+00:00,413.0,5.760000228881836
1998-11-28 22:19:43+00:00,414.0,5.889999866485596
1998-11-28 22:24:47+00:00,432.0,5.739999771118164
1998-11-28 22:29:48+00:00,441.0,5.730000019073486
1998-11-28 22:34:50+00:00,440.0,5.880000114440918
1998-11-28 22:39:53+00:00,433.0,5.78000020980835
1998-11-28 22:44:55+00:00,429.0,5.519999980926514
1998-11-28 22:49:56+00:00,430.0,5.579999923706055
1998-11-28 22:55:00+00:00,442.0,5.239999771118164
1998-11-28 23:00:02+00:00,444.0,5.079999923706055
1998-11-28 23:05:03+00:00,445.0,4.96999979019165
1998-11-28 23:10:05+00:00,436.0,4.960000038146973
1998-11-28 23:15:08+00:00,433.0,5.400000095367432
1998-11-28 23:20:10+00:00,444.0,5.239999771118164
1998-11-28 23:25:14+00:00,455.0,5.159999847412109
1998-11-28 23:30:15+00:00,443.0,5.090000152587891
1998-11-28 23:35:17+00:00,441.0,4.849999904632568
1998-11-28 23:40:18+00:00,442.0,5.170000076293945
1998-11-28 23:46:22+00:00,440.0,5.260000228881836
1998-11-28 23:51:24+00:00,435.0,5.199999809265137
1998-11-28 23:56:27+00:00,427.0,4.889999866485596
1998-11-29 00:00:12+00:00,422.0,4.679999828338623
1998-11-29 00:05:00+00:00,424.0,4.929999828338623
1998-11-29 00:10:02+00:00,422.0,4.920000076293945
1998-11-29 00:15:04+00:00,432.0,4.820000171661377
1998-11-29 00:20:07+00:00,422.0,5.039999961853027
1998-11-29 00:25:11+00:00,417.0,4.809999942779541
1998-11-29 00:30:11+00:00,419.0,4.920000076293945
1998-11-29 00:35:12+00:00,422.0,4.889999866485596
1998-11-29 00:40:16+00:00,432.0,4.760000228881836
1998-11-29 00:45:17+00:00,426.0,4.949999809265137
1998-11-29 00:50:19+00:00,416.0,5.260000228881836
1998-11-29 00:55:25+00:00,410.0,5.579999923706055
1998-11-29 01:00:24+00:00,410.0,5.730000019073486
1998-11-29 01:05:26+00:00,416.0,5.739999771118164
1998-11-29 01:10:29+00:00,401.0,6.150000095367432
1998-11-29 01:15:31+00:00,401.0,6.28000020980835
1998-11-29 01:20:32+00:00,408.0,5.75
1998-11-29 01:25:34+00:00,416.0,5.929999828338623
1998-11-29 01:30:38+00:00,416.0,6.070000171661377
1998-11-29 01:35:39+00:00,409.0,6.119999885559082
1998-11-29 01:40:41+00:00,413.0,5.920000076293945
1998-11-29 01:45:44+00:00,407.0,6.039999961853027
1998-11-29 01:50:46+00:00,401.0,6.519999980926514
1998-11-29 01:55:48+00:00,399.0,6.489999771118164
1998-11-29 02:00:51+00:00,407.0,6.050000190734863
1998-11-29 02:05:53+00:00,406.0,6.039999961853027
1998-11-29 02:10:54+00:00,401.0,6.199999809265137
1998-11-29 02:15:56+00:00,419.0,5.760000228881836
1998-11-29 02:21:00+00:00,410.0,5.940000057220459
1998-11-29 02:26:01+00:00,404.0,5.659999847412109
1998-11-29 02:31:05+00:00,402.0,5.659999847412109
1998-11-29 02:36:05+00:00,406.0,5.800000190734863
1998-11-29 02:41:08+00:00,410.0,5.579999923706055
1998-11-29 02:46:10+00:00,408.0,5.679999828338623
1998-11-29 02:51:13+00:00,407.0,5.510000228881836
1998-11-29 02:56:15+00:00,412.0,5.820000171661377
1998-11-29 03:01:19+00:00,411.0,5.360000133514404
1998-11-29 03:06:18+00:00,410.0,5.679999828338623
1998-11-29 03:11:22+00:00,408.0,5.820000171661377
1998-11-29 03:16:23+00:00,403.0,6.019999980926514
1998-11-29 03:21:25+00:00,405.0,5.940000057220459
1998-11-29 03:26:28+00:00,405.0,5.650000095367432
1998-11-29 03:31:32+00:00,400.0,5.96999979019165
1998-11-29 03:36:32+00:00,399.0,6.300000190734863
1998-11-29 03:41:35+00:00,400.0,6.449999809265137
1998-11-29 03:46:37+00:00,396.0,6.420000076293945
1998-11-29 03:51:38+00:00,392.0,5.960000038146973
1998-11-29 03:56:40+00:00,395.0,5.659999847412109
1998-11-29 04:01:46+00:00,398.0,5.699999809265137
1998-11-29 04:06:45+00:00,394.0,5.730000019073486
1998-11-29 04:11:48+00:00,395.0,5.960000038146973
1998-11-29 04:16:51+00:00,394.0,5.980000019073486
1998-11-29 04:21:53+00:00,396.0,6.210000038146973
1998-11-29 04:26:54+00:00,396.0,6.110000133514404
1998-11-29 04:31:56+00:00,394.0,6.019999980926514
1998-11-29 04:37:00+00:00,396.0,5.989999771118164
1998-11-29 04:42:01+00:00,398.0,5.96999979019165
1998-11-29 04:47:03+00:00,397.0,6.079999923706055
1998-11-29 04:52:06+00:00,394.0,6.130000114440918
1998-11-29 04:57:08+00:00,393.0,6.010000228881836
1998-11-29 05:02:10+00:00,393.0,5.909999847412109
1998-11-29 05:07:13+00:00,394.0,6.079999923706055
1998-11-29 05:12:15+00:00,393.0,6.070000171661377
1998-11-29 05:17:16+00:00,394.0,6.099999904632568
1998-11-29 05:22:20+00:00,401.0,5.940000057220459
1998-11-29 05:27:21+00:00,398.0,6.110000133514404
1998-11-29 05:32:23+00:00,397.0,6.230000019073486
1998-11-29 05:37:27+00:00,398.0,6.360000133514404
1998-11-29 05:42:28+00:00,400.0,6.46999979019165
1998-11-29 05:47:30+00:00,401.0,6.440000057220459
1998-11-29 05:52:31+00:00,398.0,6.070000171661377
1998-11-29 05:57:35+00:00,400.0,6.21999979019165
1998-11-29 06:02:37+00:00,400.0,6.199999809265137
1998-11-29 06:07:40+00:00,400.0,6.440000057220459
1998-11-29 06:12:40+00:00,398.0,6.96999979019165
1998-11-29 06:17:43+00:00,401.0,6.190000057220459
1998-11-29 06:22:45+00:00,408.0,5.869999885559082
1998-11-29 06:27:47+00:00,412.0,5.889999866485596
1998-11-29 06:32:50+00:00,407.0,5.960000038146973
1998-11-29 06:37:54+00:00,402.0,6.269999980926514
1998-11-29 06:42:54+00:00,400.0,6.119999885559082
1998-11-29 06:47:57+00:00,400.0,6.070000171661377
1998-11-29 06:52:59+00:00,399.0,6.28000020980835
1998-11-29 06:58:00+00:00,397.0,6.559999942779541
1998-11-29 07:03:04+00:00,397.0,7.0
1998-11-29 07:08:08+00:00,397.0,6.739999771118164
1998-11-29 07:13:07+00:00,395.0,6.690000057220459
1998-11-29 07:18:09+00:00,398.0,6.409999847412109
1998-11-29 07:23:12+00:00,398.0,6.579999923706055
1998-11-29 07:28:14+00:00,400.0,6.300000190734863
1998-11-29 07:33:15+00:00,398.0,6.789999961853027
1998-11-29 07:38:21+00:00,400.0,6.71999979019165
1998-11-29 07:43:21+00:00,398.0,6.710000038146973
1998-11-29 07:48:22+00:00,399.0,6.78000020980835
1998-11-29 07:53:24+00:00,422.0,6.860000133514404
1998-11-29 07:58:27+00:00,419.0,7.179999828338623
1998-11-29 08:03:29+00:00,420.0,7.050000190734863
1998-11-29 08:08:31+00:00,437.0,6.889999866485596
1998-11-29 08:13:34+00:00,430.0,7.329999923706055
1998-11-29 08:18:36+00:00,420.0,7.53000020980835
1998-11-29 08:23:37+00:00,419.0,7.599999904632568
1998-11-29 08:28:41+00:00,427.0,7.460000038146973
1998-11-29 08:33:43+00:00,400.0,7.539999961853027
1998-11-29 08:38:44+00:00,399.0,7.269999980926514
1998-11-29 08:43:48+00:00,410.0,6.639999866485596
1998-11-29 08:48:49+00:00,406.0,6.599999904632568
1998-11-29 08:53:51+00:00,405.0,7.269999980926514
1998-11-29 08:58:53+00:00,416.0,7.03000020980835
1998-11-29 09:03:56+00:00,419.0,6.820000171661377
1998-11-29 09:08:58+00:00,403.0,6.710000038146973
1998-11-29 09:14:02+00:00,400.0,6.849999904632568
1998-11-29 09:19:01+00:00,403.0,7.070000171661377
1998-11-29 09:24:05+00:00,403.0,6.949999809265137
1998-11-29 09:29:06+00:00,408.0,6.460000038146973
1998-11-29 09:34:08+00:00,403.0,7.0
1998-11-29 09:39:11+00:00,398.0,7.199999809265137
1998-11-29 09:44:15+00:00,399.0,6.920000076293945
1998-11-29 09:49:15+00:00,400.0,7.050000190734863
1998-11-29 09:54:18+00:00,398.0,6.769999980926514
1998-11-29 09:59:20+00:00,397.0,6.71999979019165
1998-11-29 10:04:21+00:00,400.0,7.190000057220459
1998-11-29 10:09:25+00:00,400.0,7.179999828338623
1998-11-29 10:14:29+00:00,402.0,6.809999942779541
1998-11-29 10:19:28+00:00,401.0,6.869999885559082
1998-11-29 10:24:30+00:00,398.0,7.340000152587891
1998-11-29 10:29:33+00:00,401.0,6.889999866485596
1998-11-29 10:34:35+00:00,400.0,6.840000152587891
1998-11-29 10:39:37+00:00,400.0,6.769999980926514
1998-11-29 10:44:42+00:00,418.0,5.760000228881836
1998-11-29 10:49:42+00:00,418.0,5.690000057220459
1998-11-29 10:54:43+00:00,401.0,7.110000133514404
1998-11-29 10:59:47+00:00,403.0,7.110000133514404
1998-11-29 11:04:49+00:00,403.0,7.420000076293945
1998-11-29 11:09:50+00:00,410.0,7.610000133514404
1998-11-29 11:14:52+00:00,414.0,7.630000114440918
1998-11-29 11:19:56+00:00,415.0,7.960000038146973
1998-11-29 11:24:57+00:00,417.0,8.020000457763672
1998-11-29 11:29:59+00:00,418.0,8.020000457763672
1998-11-29 11:35:02+00:00,422.0,8.550000190734863
1998-11-29 11:40:04+00:00,411.0,8.109999656677246
1998-11-29 11:45:05+00:00,410.0,7.590000152587891
1998-11-29 11:50:09+00:00,416.0,7.480000019073486
1998-11-29 11:55:11+00:00,413.0,7.440000057220459
1998-11-29 12:00:12+00:00,414.0,7.639999866485596
1998-11-29 12:05:14+00:00,415.0,8.09000015258789
1998-11-29 12:10:17+00:00,418.0,8.15999984741211
1998-11-29 12:15:19+00:00,406.0,6.960000038146973
1998-11-29 12:20:23+00:00,414.0,6.920000076293945
1998-11-29 12:25:24+00:00,404.0,7.099999904632568
1998-11-29 12:30:26+00:00,402.0,7.489999771118164
1998-11-29 12:35:27+00:00,399.0,7.510000228881836
1998-11-29 12:40:31+00:00,421.0,6.559999942779541
1998-11-29 12:45:33+00:00,416.0,6.789999961853027
1998-11-29 12:50:36+00:00,412.0,6.699999809265137
1998-11-29 12:55:36+00:00,406.0,6.96999979019165
1998-11-29 13:00:39+00:00,408.0,7.159999847412109
1998-11-29 13:05:41+00:00,409.0,6.900000095367432
1998-11-29 13:10:43+00:00,411.0,6.829999923706055
1998-11-29 13:15:46+00:00,407.0,6.639999866485596
1998-11-29 13:20:50+00:00,400.0,7.039999961853027
1998-11-29 13:25:50+00:00,393.0,6.619999885559082
1998-11-29 13:30:53+00:00,392.0,6.78000020980835
1998-11-29 13:35:55+00:00,393.0,7.050000190734863
1998-11-29 13:40:56+00:00,396.0,7.510000228881836
1998-11-29 13:45:58+00:00,398.0,7.239999771118164
1998-11-29 13:51:03+00:00,398.0,6.46999979019165
1998-11-29 13:56:03+00:00,397.0,6.21999979019165
1998-11-29 14:01:05+00:00,395.0,6.289999961853027
1998-11-29 14:06:08+00:00,397.0,5.650000095367432
1998-11-29 14:11:10+00:00,406.0,4.420000076293945
1998-11-29 14:16:11+00:00,407.0,4.239999771118164
1998-11-29 14:21:17+00:00,391.0,5.309999942779541
1998-11-29 14:26:17+00:00,391.0,6.489999771118164
1998-11-29 14:31:18+00:00,390.0,6.239999771118164
1998-11-29 14:36:20+00:00,392.0,6.71999979019165
1998-11-29 14:41:23+00:00,394.0,6.670000076293945
1998-11-29 14:46:25+00:00,395.0,6.800000190734863
1998-11-29 14:51:27+00:00,396.0,6.829999923706055
1998-11-29 14:56:30+00:00,394.0,6.860000133514404
1998-11-29 15:01:32+00:00,395.0,7.03000020980835
1998-11-29 15:06:33+00:00,394.0,7.010000228881836
1998-11-29 15:11:37+00:00,394.0,6.940000057220459
1998-11-29 15:16:39+00:00,393.0,6.940000057220459
1998-11-29 15:21:40+00:00,393.0,7.050000190734863
1998-11-29 15:26:44+00:00,394.0,6.920000076293945
1998-11-29 15:31:45+00:00,393.0,6.880000114440918
1998-11-29 15:36:47+00:00,396.0,6.980000019073486
1998-11-29 15:41:49+00:00,392.0,6.849999904632568
1998-11-29 15:46:52+00:00,394.0,6.889999866485596
1998-11-29 15:51:54+00:00,396.0,6.980000019073486
1998-11-29 15:56:57+00:00,396.0,6.960000038146973
1998-11-29 16:01:57+00:00,397.0,7.039999961853027
1998-11-29 16:07:00+00:00,396.0,7.059999942779541
1998-11-29 16:12:02+00:00,393.0,6.869999885559082
1998-11-29 16:17:04+00:00,402.0,6.960000038146973
1998-11-29 16:22:07+00:00,397.0,7.260000228881836
1998-11-29 16:27:11+00:00,399.0,7.320000171661377
1998-11-29 16:32:11+00:00,395.0,6.840000152587891
1998-11-29 16:37:14+00:00,392.0,6.630000114440918
1998-11-29 16:42:16+00:00,394.0,6.650000095367432
1998-11-29 16:47:17+00:00,394.0,6.550000190734863
1998-11-29 16:52:21+00:00,394.0,6.360000133514404
1998-11-29 16:57:25+00:00,391.0,6.440000057220459
1998-11-29 17:02:24+00:00,392.0,6.460000038146973
1998-11-29 17:07:26+00:00,392.0,6.429999828338623
1998-11-29 17:12:29+00:00,394.0,6.269999980926514
1998-11-29 17:17:31+00:00,392.0,6.0
1998-11-29 17:22:33+00:00,391.0,6.239999771118164
1998-11-29 17:27:38+00:00,395.0,5.71999979019165
1998-11-29 17:32:38+00:00,393.0,6.78000020980835
1998-11-29 17:37:39+00:00,398.0,5.510000228881836
1998-11-29 17:42:41+00:00,398.0,4.599999904632568
1998-11-29 17:47:44+00:00,403.0,5.099999904632568
1998-11-29 17:52:46+00:00,401.0,5.78000020980835
1998-11-29 17:57:48+00:00,400.0,5.900000095367432
1998-11-29 18:02:52+00:00,405.0,5.769999980926514
1998-11-29 18:07:53+00:00,406.0,5.28000020980835
1998-11-29 18:12:55+00:00,402.0,5.880000114440918
1998-11-29 18:17:58+00:00,404.0,6.28000020980835
1998-11-29 18:23:00+00:00,411.0,5.980000019073486
1998-11-29 18:28:01+00:00,417.0,6.0
1998-11-29 18:33:05+00:00,421.0,5.559999942779541
1998-11-29 18:38:06+00:00,418.0,7.03000020980835
1998-11-29 18:43:08+00:00,429.0,9.039999961853027
1998-11-29 18:48:10+00:00,429.0,9.020000457763672
1998-11-29 18:53:13+00:00,427.0,9.079999923706055
1998-11-29 18:58:15+00:00,424.0,9.420000076293945
1998-11-29 19:03:19+00:00,423.0,10.069999694824219
1998-11-29 19:08:18+00:00,423.0,10.520000457763672
1998-11-29 19:13:22+00:00,424.0,10.359999656677246
1998-11-29 19:18:23+00:00,422.0,10.699999809265137
1998-11-29 19:23:25+00:00,419.0,9.789999961853027
1998-11-29 19:28:28+00:00,425.0,10.020000457763672
1998-11-29 19:33:32+00:00,430.0,9.319999694824219
1998-11-29 19:38:32+00:00,429.0,9.270000457763672
1998-11-29 19:43:35+00:00,430.0,9.859999656677246
1998-11-29 19:48:37+00:00,428.0,12.539999961853027
1998-11-29 19:53:39+00:00,432.0,15.020000457763672
1998-11-29 19:58:42+00:00,435.0,14.369999885559082
1998-11-29 20:03:46+00:00,429.0,15.380000114440918
1998-11-29 20:08:46+00:00,434.0,14.899999618530273
1998-11-29 20:13:47+00:00,432.0,14.09000015258789
1998-11-29 20:18:50+00:00,432.0,13.0600004196167
1998-11-29 20:23:52+00:00,428.0,12.4399995803833
1998-11-29 20:28:54+00:00,428.0,12.0600004196167
1998-11-29 20:33:59+00:00,430.0,10.899999618530273
1998-11-29 20:38:59+00:00,427.0,11.1899995803833
1998-11-29 20:44:00+00:00,424.0,12.119999885559082
1998-11-29 20:49:04+00:00,427.0,11.170000076293945
1998-11-29 20:54:06+00:00,423.0,10.970000267028809
1998-11-29 20:59:07+00:00,422.0,10.75
1998-11-29 21:04:09+00:00,424.0,11.40999984741211
1998-11-29 21:09:13+00:00,425.0,11.970000267028809
1998-11-29 21:14:14+00:00,422.0,11.880000114440918
1998-11-29 21:19:16+00:00,422.0,11.90999984741211
1998-11-29 21:24:19+00:00,415.0,11.489999771118164
1998-11-29 21:29:21+00:00,415.0,11.609999656677246
1998-11-29 21:34:22+00:00,410.0,11.229999542236328
1998-11-29 21:39:26+00:00,412.0,10.710000038146973
1998-11-29 21:44:28+00:00,416.0,10.380000114440918
1998-11-29 21:49:29+00:00,416.0,11.5600004196167
1998-11-29 21:54:31+00:00,419.0,10.729999542236328
1998-11-29 21:59:34+00:00,419.0,10.979999542236328
1998-11-29 22:04:36+00:00,420.0,10.449999809265137
1998-11-29 22:09:40+00:00,422.0,10.510000228881836
1998-11-29 22:14:41+00:00,421.0,10.670000076293945
1998-11-29 22:19:43+00:00,421.0,11.09000015258789
1998-11-29 22:24:44+00:00,415.0,10.199999809265137
1998-11-29 22:29:48+00:00,422.0,10.920000076293945
1998-11-29 22:34:50+00:00,411.0,10.199999809265137
1998-11-29 22:39:53+00:00,394.0,8.460000038146973
1998-11-29 22:44:53+00:00,385.0,7.599999904632568
1998-11-29 22:49:56+00:00,387.0,8.0
1998-11-29 22:54:58+00:00,386.0,8.4399995803833
1998-11-29 23:00:00+00:00,384.0,7.920000076293945
1998-11-29 23:05:03+00:00,384.0,8.520000457763672
1998-11-29 23:10:07+00:00,383.0,7.989999771118164
1998-11-29 23:15:07+00:00,383.0,7.909999847412109
1998-11-29 23:20:10+00:00,382.0,7.909999847412109
1998-11-29 23:25:12+00:00,382.0,7.360000133514404
1998-11-29 23:30:13+00:00,381.0,7.179999828338623
1998-11-29 23:35:17+00:00,380.0,6.789999961853027
1998-11-29 23:40:20+00:00,380.0,6.800000190734863
1998-11-29 23:45:20+00:00,379.0,7.159999847412109
1998-11-29 23:50:22+00:00,378.0,7.03000020980835
1998-11-29 23:55:25+00:00,380.0,6.989999771118164
1998-11-30 00:00:12+00:00,378.0,7.130000114440918
1998-11-30 00:05:28+00:00,379.0,7.369999885559082
1998-11-30 00:10:34+00:00,380.0,7.53000020980835
1998-11-30 00:15:34+00:00,380.0,7.550000190734863
1998-11-30 00:20:35+00:00,378.0,7.489999771118164
1998-11-30 00:25:37+00:00,377.0,7.21999979019165
1998-11-30 00:30:40+00:00,376.0,6.980000019073486
1998-11-30 00:35:42+00:00,377.0,6.650000095367432
1998-11-30 00:40:44+00:00,376.0,6.789999961853027
1998-11-30 00:45:47+00:00,373.0,6.670000076293945
1998-11-30 00:50:49+00:00,375.0,7.289999961853027
1998-11-30 00:55:50+00:00,377.0,7.519999980926514
1998-11-30 01:00:54+00:00,372.0,6.360000133514404
1998-11-30 01:05:56+00:00,373.0,6.340000152587891
1998-11-30 01:10:57+00:00,375.0,6.610000133514404
1998-11-30 01:16:01+00:00,369.0,7.590000152587891
1998-11-30 01:21:02+00:00,363.0,8.029999732971191
1998-11-30 01:26:04+00:00,362.0,7.809999942779541
1998-11-30 01:31:06+00:00,364.0,7.639999866485596
1998-11-30 01:36:09+00:00,364.0,7.989999771118164
1998-11-30 01:41:11+00:00,364.0,8.600000381469727
1998-11-30 01:46:14+00:00,367.0,8.069999694824219
1998-11-30 01:51:14+00:00,370.0,7.539999961853027
1998-11-30 01:56:18+00:00,365.0,7.159999847412109
1998-11-30 02:01:19+00:00,358.0,8.100000381469727
1998-11-30 02:06:21+00:00,356.0,8.039999961853027
1998-11-30 02:11:24+00:00,357.0,7.309999942779541
1998-11-30 02:16:28+00:00,360.0,8.260000228881836
1998-11-30 02:21:28+00:00,350.0,7.039999961853027
1998-11-30 02:26:31+00:00,351.0,6.590000152587891
1998-11-30 02:31:33+00:00,353.0,6.789999961853027
1998-11-30 02:36:34+00:00,351.0,6.949999809265137
1998-11-30 02:41:38+00:00,353.0,7.510000228881836
1998-11-30 02:46:42+00:00,358.0,7.320000171661377
1998-11-30 02:51:41+00:00,356.0,8.020000457763672
1998-11-30 02:56:43+00:00,354.0,7.880000114440918
1998-11-30 03:01:46+00:00,354.0,7.429999828338623
1998-11-30 03:06:48+00:00,355.0,7.389999866485596
1998-11-30 03:11:50+00:00,357.0,7.389999866485596
1998-11-30 03:16:55+00:00,360.0,7.559999942779541
1998-11-30 03:21:55+00:00,357.0,7.429999828338623
1998-11-30 03:26:56+00:00,363.0,7.449999809265137
1998-11-30 03:31:58+00:00,360.0,6.989999771118164
1998-11-30 03:37:02+00:00,356.0,6.360000133514404
1998-11-30 03:42:03+00:00,359.0,6.559999942779541
1998-11-30 03:47:05+00:00,354.0,6.610000133514404
1998-11-30 03:52:09+00:00,356.0,6.599999904632568
1998-11-30 03:57:10+00:00,354.0,6.579999923706055
1998-11-30 04:02:12+00:00,354.0,7.78000020980835
1998-11-30 04:07:16+00:00,354.0,7.389999866485596
1998-11-30 04:12:17+00:00,378.0,7.400000095367432
1998-11-30 04:17:19+00:00,424.0,8.34000015258789
1998-11-30 04:22:23+00:00,430.0,7.619999885559082
1998-11-30 04:27:24+00:00,426.0,9.029999732971191
1998-11-30 04:32:26+00:00,429.0,10.069999694824219
1998-11-30 04:37:27+00:00,429.0,10.09000015258789
1998-11-30 04:42:31+00:00,428.0,8.949999809265137
1998-11-30 04:47:33+00:00,427.0,8.09000015258789
1998-11-30 04:52:36+00:00,430.0,8.170000076293945
1998-11-30 04:57:36+00:00,424.0,8.6899995803833
1998-11-30 05:02:39+00:00,420.0,9.449999809265137
1998-11-30 05:07:41+00:00,425.0,9.59000015258789
1998-11-30 05:12:45+00:00,428.0,9.119999885559082
1998-11-30 05:17:46+00:00,428.0,10.619999885559082
1998-11-30 05:22:50+00:00,426.0,10.800000190734863
1998-11-30 05:27:50+00:00,427.0,15.279999732971191
1998-11-30 05:32:53+00:00,426.0,14.350000381469727
1998-11-30 05:37:55+00:00,423.0,14.130000114440918
1998-11-30 05:42:56+00:00,423.0,14.539999961853027
1998-11-30 05:48:00+00:00,422.0,11.229999542236328
1998-11-30 05:53:04+00:00,433.0,12.960000038146973
1998-11-30 05:58:03+00:00,435.0,13.260000228881836
1998-11-30 06:03:05+00:00,436.0,15.149999618530273
1998-11-30 06:08:08+00:00,444.0,14.6899995803833
1998-11-30 06:13:10+00:00,461.0,13.619999885559082
1998-11-30 06:18:11+00:00,470.0,11.710000038146973
1998-11-30 06:23:17+00:00,466.0,12.8100004196167
1998-11-30 06:28:17+00:00,464.0,14.3100004196167
1998-11-30 06:33:18+00:00,456.0,15.430000305175781
1998-11-30 06:38:22+00:00,454.0,15.239999771118164
1998-11-30 06:43:23+00:00,465.0,14.369999885559082
1998-11-30 06:48:25+00:00,457.0,11.210000038146973
1998-11-30 06:53:27+00:00,468.0,10.880000114440918
1998-11-30 06:58:30+00:00,461.0,12.4399995803833
1998-11-30 07:03:32+00:00,465.0,13.880000114440918
1998-11-30 07:08:33+00:00,509.0,12.260000228881836
1998-11-30 07:13:37+00:00,494.0,12.380000114440918
1998-11-30 07:18:39+00:00,507.0,11.25
1998-11-30 07:23:40+00:00,514.0,12.149999618530273
1998-11-30 07:28:44+00:00,481.0,14.729999542236328
1998-11-30 07:33:45+00:00,479.0,14.670000076293945
1998-11-30 07:38:47+00:00,482.0,15.220000267028809
1998-11-30 07:43:49+00:00,476.0,17.09000015258789
1998-11-30 07:48:52+00:00,466.0,15.789999961853027
1998-11-30 07:53:54+00:00,466.0,14.399999618530273
1998-11-30 07:58:58+00:00,453.0,12.760000228881836
1998-11-30 08:03:59+00:00,453.0,11.760000228881836
1998-11-30 08:09:01+00:00,456.0,12.1899995803833
1998-11-30 08:14:02+00:00,465.0,11.180000305175781
1998-11-30 08:19:06+00:00,469.0,12.039999961853027
1998-11-30 08:24:07+00:00,460.0,12.260000228881836
1998-11-30 08:29:11+00:00,463.0,14.920000076293945
1998-11-30 08:34:11+00:00,464.0,16.770000457763672
1998-11-30 08:39:14+00:00,466.0,16.219999313354492
1998-11-30 08:44:16+00:00,457.0,16.139999389648438
1998-11-30 08:49:17+00:00,451.0,16.84000015258789
1998-11-30 08:54:21+00:00,450.0,16.600000381469727
1998-11-30 08:59:25+00:00,452.0,15.420000076293945
1998-11-30 09:04:25+00:00,464.0,14.859999656677246
1998-11-30 09:09:28+00:00,478.0,10.15999984741211
1998-11-30 09:14:29+00:00,476.0,8.350000381469727
1998-11-30 09:19:31+00:00,468.0,7.599999904632568
1998-11-30 09:24:33+00:00,460.0,7.480000019073486
1998-11-30 09:29:38+00:00,452.0,7.369999885559082
1998-11-30 09:34:38+00:00,459.0,8.1899995803833
1998-11-30 09:39:39+00:00,458.0,8.34000015258789
1998-11-30 09:44:43+00:00,442.0,8.710000038146973
1998-11-30 09:49:45+00:00,430.0,9.680000305175781
1998-11-30 09:54:46+00:00,422.0,9.460000038146973
1998-11-30 09:59:52+00:00,420.0,9.350000381469727
1998-11-30 10:04:52+00:00,419.0,8.770000457763672
1998-11-30 10:09:53+00:00,420.0,8.970000267028809
1998-11-30 10:14:55+00:00,418.0,8.699999809265137
1998-11-30 10:19:58+00:00,419.0,8.039999961853027
1998-11-30 10:25:00+00:00,416.0,7.880000114440918
1998-11-30 10:30:01+00:00,424.0,9.15999984741211
1998-11-30 10:35:05+00:00,422.0,7.510000228881836
1998-11-30 10:40:07+00:00,424.0,7.260000228881836
1998-11-30 10:45:08+00:00,423.0,7.929999828338623
1998-11-30 10:50:12+00:00,420.0,8.220000267028809
1998-11-30 10:55:13+00:00,422.0,8.15999984741211
1998-11-30 11:00:15+00:00,429.0,9.289999961853027
1998-11-30 11:05:19+00:00,420.0,8.399999618530273
1998-11-30 11:10:20+00:00,421.0,8.140000343322754
1998-11-30 11:15:22+00:00,426.0,8.479999542236328
1998-11-30 11:20:23+00:00,448.0,8.270000457763672
1998-11-30 11:25:27+00:00,462.0,7.570000171661377
1998-11-30 11:30:29+00:00,448.0,6.980000019073486
1998-11-30 11:35:32+00:00,455.0,6.690000057220459
1998-11-30 11:40:32+00:00,452.0,7.199999809265137
1998-11-30 11:45:35+00:00,452.0,7.309999942779541
1998-11-30 11:50:37+00:00,453.0,7.119999885559082
1998-11-30 11:55:39+00:00,454.0,7.03000020980835
1998-11-30 12:00:42+00:00,452.0,7.539999961853027
1998-11-30 12:05:46+00:00,452.0,7.760000228881836
1998-11-30 12:10:46+00:00,453.0,7.730000019073486
1998-11-30 12:15:49+00:00,451.0,7.670000076293945
1998-11-30 12:20:51+00:00,451.0,7.71999979019165
1998-11-30 12:25:52+00:00,443.0,7.599999904632568
1998-11-30 12:30:54+00:00,444.0,7.78000020980835
1998-11-30 12:35:59+00:00,445.0,7.96999979019165
1998-11-30 12:40:59+00:00,442.0,7.929999828338623
1998-11-30 12:46:01+00:00,449.0,9.25
1998-11-30 12:51:04+00:00,456.0,9.770000457763672
1998-11-30 12:56:06+00:00,454.0,9.600000381469727
1998-11-30 13:01:07+00:00,449.0,8.8100004196167
1998-11-30 13:06:13+00:00,447.0,9.149999618530273
1998-11-30 13:11:13+00:00,447.0,9.300000190734863
1998-11-30 13:16:14+00:00,456.0,9.319999694824219
1998-11-30 13:21:18+00:00,458.0,9.239999771118164
1998-11-30 13:26:19+00:00,452.0,9.420000076293945
1998-11-30 13:31:21+00:00,458.0,9.109999656677246
1998-11-30 13:36:23+00:00,460.0,9.239999771118164
1998-11-30 13:41:26+00:00,456.0,9.819999694824219
1998-11-30 13:46:28+00:00,460.0,9.819999694824219
1998-11-30 13:51:29+00:00,459.0,9.15999984741211
1998-11-30 13:56:33+00:00,453.0,9.0
1998-11-30 14:01:35+00:00,452.0,9.359999656677246
1998-11-30 14:06:36+00:00,449.0,9.300000190734863
1998-11-30 14:11:40+00:00,447.0,10.010000228881836
1998-11-30 14:16:41+00:00,451.0,10.170000076293945
1998-11-30 14:21:43+00:00,450.0,10.210000038146973
1998-11-30 14:26:45+00:00,452.0,10.470000267028809
1998-11-30 14:31:48+00:00,454.0,11.039999961853027
1998-11-30 14:36:50+00:00,458.0,11.390000343322754
1998-11-30 14:41:54+00:00,454.0,11.079999923706055
1998-11-30 14:46:53+00:00,453.0,11.100000381469727
1998-11-30 14:51:57+00:00,454.0,10.520000457763672
1998-11-30 14:56:58+00:00,444.0,9.979999542236328
1998-11-30 15:02:00+00:00,446.0,9.069999694824219
1998-11-30 15:07:03+00:00,444.0,8.90999984741211
1998-11-30 15:12:07+00:00,443.0,8.4399995803833
1998-11-30 15:17:07+00:00,444.0,8.449999809265137
1998-11-30 15:22:10+00:00,446.0,8.649999618530273
1998-11-30 15:27:12+00:00,449.0,8.140000343322754
1998-11-30 15:32:13+00:00,446.0,6.960000038146973
1998-11-30 15:37:17+00:00,442.0,7.309999942779541
1998-11-30 15:42:21+00:00,449.0,6.869999885559082
1998-11-30 15:47:20+00:00,449.0,6.489999771118164
1998-11-30 15:52:22+00:00,444.0,7.150000095367432
1998-11-30 15:57:25+00:00,446.0,8.289999961853027
1998-11-30 16:02:27+00:00,450.0,7.909999847412109
1998-11-30 16:07:29+00:00,450.0,7.5
1998-11-30 16:12:34+00:00,450.0,7.489999771118164
1998-11-30 16:17:34+00:00,467.0,5.559999942779541
1998-11-30 16:22:35+00:00,481.0,4.550000190734863
1998-11-30 16:27:39+00:00,473.0,4.659999847412109
1998-11-30 16:32:41+00:00,480.0,4.510000228881836
1998-11-30 16:37:42+00:00,481.0,4.46999979019165
1998-11-30 16:42:44+00:00,483.0,4.130000114440918
1998-11-30 16:47:48+00:00,489.0,4.119999885559082
1998-11-30 16:52:49+00:00,459.0,4.929999828338623
1998-11-30 16:57:51+00:00,470.0,5.829999923706055
1998-11-30 17:02:54+00:00,481.0,5.909999847412109
1998-11-30 17:07:56+00:00,466.0,8.460000038146973
1998-11-30 17:12:57+00:00,467.0,10.319999694824219
1998-11-30 17:18:01+00:00,459.0,8.420000076293945
1998-11-30 17:23:03+00:00,446.0,10.619999885559082
1998-11-30 17:28:04+00:00,430.0,12.970000267028809
1998-11-30 17:33:06+00:00,431.0,11.869999885559082
1998-11-30 17:38:09+00:00,438.0,12.630000114440918
1998-11-30 17:43:11+00:00,440.0,11.430000305175781
1998-11-30 17:48:15+00:00,436.0,11.0600004196167
1998-11-30 17:53:14+00:00,439.0,12.449999809265137
1998-11-30 17:58:18+00:00,440.0,12.039999961853027
1998-11-30 18:03:19+00:00,438.0,13.050000190734863
1998-11-30 18:08:23+00:00,437.0,12.460000038146973
1998-11-30 18:13:24+00:00,434.0,12.829999923706055
1998-11-30 18:18:28+00:00,436.0,13.470000267028809
1998-11-30 18:23:28+00:00,437.0,13.970000267028809
1998-11-30 18:28:31+00:00,435.0,14.850000381469727
1998-11-30 18:33:33+00:00,433.0,14.180000305175781
1998-11-30 18:38:35+00:00,433.0,13.869999885559082
1998-11-30 18:43:38+00:00,431.0,12.829999923706055
1998-11-30 18:48:42+00:00,427.0,12.930000305175781
1998-11-30 18:53:42+00:00,434.0,14.140000343322754
1998-11-30 18:58:45+00:00,434.0,11.569999694824219
1998-11-30 19:03:46+00:00,433.0,10.539999961853027
1998-11-30 19:08:48+00:00,431.0,10.670000076293945
1998-11-30 19:13:50+00:00,429.0,10.539999961853027
1998-11-30 19:18:55+00:00,433.0,10.149999618530273
1998-11-30 19:23:55+00:00,431.0,10.3100004196167
1998-11-30 19:28:57+00:00,428.0,10.649999618530273
1998-11-30 19:34:00+00:00,431.0,11.0600004196167
1998-11-30 19:39:02+00:00,431.0,10.979999542236328
1998-11-30 19:44:03+00:00,429.0,10.520000457763672
1998-11-30 19:49:09+00:00,426.0,9.779999732971191
1998-11-30 19:54:09+00:00,428.0,10.479999542236328
1998-11-30 19:59:10+00:00,432.0,10.5600004196167
1998-11-30 20:04:12+00:00,432.0,10.149999618530273
1998-11-30 20:09:15+00:00,427.0,10.930000305175781
1998-11-30 20:14:17+00:00,425.0,11.449999809265137
1998-11-30 20:19:19+00:00,423.0,11.470000267028809
1998-11-30 20:24:22+00:00,424.0,11.100000381469727
1998-11-30 20:29:24+00:00,423.0,11.210000038146973
1998-11-30 20:34:25+00:00,428.0,11.59000015258789
1998-11-30 20:39:29+00:00,451.0,15.729999542236328
1998-11-30 20:44:30+00:00,449.0,18.889999389648438
1998-11-30 20:49:32+00:00,453.0,16.579999923706055
1998-11-30 20:54:36+00:00,473.0,10.619999885559082
1998-11-30 20:59:37+00:00,481.0,13.069999694824219
1998-11-30 21:04:39+00:00,491.0,13.710000038146973
1998-11-30 21:09:41+00:00,487.0,13.140000343322754
1998-11-30 21:14:44+00:00,499.0,12.010000228881836
1998-11-30 21:19:46+00:00,501.0,8.619999885559082
1998-11-30 21:24:49+00:00,505.0,10.59000015258789
1998-11-30 21:29:49+00:00,507.0,6.840000152587891
1998-11-30 21:34:52+00:00,508.0,6.449999809265137
1998-11-30 21:39:54+00:00,507.0,6.869999885559082
1998-11-30 21:44:56+00:00,508.0,6.360000133514404
1998-11-30 21:49:59+00:00,508.0,6.150000095367432
1998-11-30 21:55:03+00:00,504.0,12.949999809265137
1998-11-30 22:00:03+00:00,501.0,10.800000190734863
1998-11-30 22:05:06+00:00,504.0,8.880000114440918
1998-11-30 22:10:08+00:00,498.0,10.390000343322754
1998-11-30 22:15:09+00:00,502.0,10.170000076293945
1998-11-30 22:20:13+00:00,508.0,10.760000228881836
1998-11-30 22:25:17+00:00,504.0,10.579999923706055
1998-11-30 22:30:16+00:00,503.0,10.699999809265137
1998-11-30 22:35:18+00:00,498.0,9.460000038146973
1998-11-30 22:40:21+00:00,495.0,9.680000305175781
1998-11-30 22:45:23+00:00,498.0,9.949999809265137
1998-11-30 22:50:24+00:00,496.0,10.020000457763672
1998-11-30 22:55:30+00:00,503.0,8.40999984741211
1998-11-30 23:00:30+00:00,502.0,8.630000114440918
1998-11-30 23:05:31+00:00,506.0,8.289999961853027
1998-11-30 23:10:33+00:00,510.0,7.71999979019165
1998-11-30 23:15:36+00:00,507.0,6.550000190734863
1998-11-30 23:20:38+00:00,505.0,5.849999904632568
1998-11-30 23:25:40+00:00,497.0,7.28000020980835
1998-11-30 23:30:43+00:00,500.0,5.789999961853027
1998-11-30 23:35:45+00:00,493.0,10.899999618530273
1998-11-30 23:40:46+00:00,494.0,11.119999885559082
1998-11-30 23:45:50+00:00,490.0,5.929999828338623
1998-11-30 23:50:52+00:00,490.0,5.199999809265137
1998-11-30 23:55:53+00:00,491.0,5.739999771118164
1998-12-01 00:00:12+00:00,496.0,4.929999828338623
1998-12-01 00:04:57+00:00,500.0,4.400000095367432
1998-12-01 00:10:00+00:00,512.0,4.619999885559082
1998-12-01 00:15:02+00:00,510.0,5.0
1998-12-01 00:20:03+00:00,500.0,4.710000038146973
1998-12-01 00:25:07+00:00,501.0,4.820000171661377
1998-12-01 00:30:11+00:00,499.0,4.579999923706055
1998-12-01 00:35:10+00:00,493.0,3.859999895095825
1998-12-01 00:40:14+00:00,498.0,4.360000133514404
1998-12-01 00:45:15+00:00,498.0,4.96999979019165
1998-12-01 00:50:17+00:00,506.0,5.25
1998-12-01 00:55:20+00:00,506.0,5.0
1998-12-01 01:00:24+00:00,502.0,5.420000076293945
1998-12-01 01:05:24+00:00,500.0,4.769999980926514
1998-12-01 01:10:25+00:00,504.0,5.070000171661377
1998-12-01 01:15:29+00:00,505.0,5.300000190734863
1998-12-01 01:20:30+00:00,505.0,5.449999809265137
1998-12-01 01:25:32+00:00,508.0,5.869999885559082
1998-12-01 01:30:38+00:00,506.0,5.199999809265137
1998-12-01 01:35:38+00:00,499.0,4.320000171661377
1998-12-01 01:40:39+00:00,503.0,4.050000190734863
1998-12-01 01:45:42+00:00,504.0,3.569999933242798
1998-12-01 01:50:44+00:00,499.0,3.8399999141693115
1998-12-01 01:55:46+00:00,501.0,4.0
1998-12-01 02:00:47+00:00,506.0,3.8499999046325684
1998-12-01 02:05:51+00:00,509.0,4.170000076293945
1998-12-01 02:10:52+00:00,495.0,3.799999952316284
1998-12-01 02:15:54+00:00,493.0,4.670000076293945
1998-12-01 02:20:58+00:00,496.0,5.940000057220459
1998-12-01 02:25:59+00:00,502.0,7.070000171661377
1998-12-01 02:31:01+00:00,504.0,7.260000228881836
1998-12-01 02:36:05+00:00,504.0,7.389999866485596
1998-12-01 02:41:06+00:00,506.0,7.679999828338623
1998-12-01 02:46:08+00:00,508.0,8.09000015258789
1998-12-01 02:51:09+00:00,502.0,13.670000076293945
1998-12-01 02:56:13+00:00,500.0,14.199999809265137
1998-12-01 03:01:14+00:00,500.0,14.359999656677246
1998-12-01 03:06:18+00:00,509.0,14.0600004196167
1998-12-01 03:11:18+00:00,503.0,14.40999984741211
1998-12-01 03:16:21+00:00,502.0,12.329999923706055
1998-12-01 03:21:23+00:00,502.0,12.180000305175781
1998-12-01 03:26:25+00:00,496.0,13.350000381469727
1998-12-01 03:31:28+00:00,495.0,13.119999885559082
1998-12-01 03:36:32+00:00,492.0,13.25
1998-12-01 03:41:32+00:00,502.0,15.789999961853027
1998-12-01 03:46:35+00:00,516.0,18.09000015258789
1998-12-01 03:51:36+00:00,514.0,18.010000228881836
1998-12-01 03:56:38+00:00,510.0,16.329999923706055
1998-12-01 04:01:42+00:00,505.0,16.68000030517578
1998-12-01 04:06:46+00:00,504.0,17.700000762939453
1998-12-01 04:11:46+00:00,503.0,17.709999084472656
1998-12-01 04:16:47+00:00,502.0,16.309999465942383
1998-12-01 04:21:51+00:00,503.0,17.06999969482422
1998-12-01 04:26:52+00:00,504.0,17.209999084472656
1998-12-01 04:31:54+00:00,504.0,20.219999313354492
1998-12-01 04:37:00+00:00,503.0,19.290000915527344
1998-12-01 04:41:59+00:00,511.0,18.40999984741211
1998-12-01 04:47:01+00:00,509.0,19.920000076293945
1998-12-01 04:52:04+00:00,512.0,20.110000610351562
1998-12-01 04:57:06+00:00,517.0,20.530000686645508
1998-12-01 05:02:08+00:00,500.0,19.329999923706055
1998-12-01 05:07:09+00:00,505.0,18.40999984741211
1998-12-01 05:12:13+00:00,491.0,14.819999694824219
1998-12-01 05:17:14+00:00,498.0,14.039999961853027
1998-12-01 05:22:16+00:00,496.0,11.329999923706055
1998-12-01 05:27:19+00:00,491.0,10.3100004196167
1998-12-01 05:32:21+00:00,486.0,10.470000267028809
1998-12-01 05:37:23+00:00,489.0,9.729999542236328
1998-12-01 05:42:27+00:00,489.0,9.529999732971191
1998-12-01 05:47:28+00:00,485.0,9.960000038146973
1998-12-01 05:52:30+00:00,482.0,11.520000457763672
1998-12-01 05:57:33+00:00,480.0,11.420000076293945
1998-12-01 06:02:35+00:00,483.0,8.369999885559082
1998-12-01 06:07:36+00:00,485.0,7.650000095367432
1998-12-01 06:12:40+00:00,485.0,7.360000133514404
1998-12-01 06:17:41+00:00,490.0,7.739999771118164
1998-12-01 06:22:43+00:00,490.0,7.449999809265137
1998-12-01 06:27:45+00:00,487.0,7.510000228881836
1998-12-01 06:32:48+00:00,486.0,6.980000019073486
1998-12-01 06:37:50+00:00,486.0,7.239999771118164
1998-12-01 06:42:54+00:00,487.0,7.079999923706055
1998-12-01 06:47:53+00:00,491.0,7.480000019073486
1998-12-01 06:52:57+00:00,489.0,7.429999828338623
1998-12-01 06:57:58+00:00,489.0,7.139999866485596
1998-12-01 07:03:00+00:00,492.0,7.039999961853027
1998-12-01 07:08:03+00:00,492.0,7.159999847412109
1998-12-01 07:13:07+00:00,490.0,7.550000190734863
1998-12-01 07:18:07+00:00,485.0,6.809999942779541
1998-12-01 07:23:10+00:00,484.0,6.510000228881836
1998-12-01 07:28:12+00:00,491.0,7.139999866485596
1998-12-01 07:33:44+00:00,487.0,7.050000190734863
1998-12-01 07:38:47+00:00,487.0,7.0
1998-12-01 07:43:51+00:00,486.0,6.849999904632568
1998-12-01 07:48:51+00:00,485.0,6.599999904632568
1998-12-01 07:53:52+00:00,486.0,6.840000152587891
1998-12-01 07:58:55+00:00,488.0,6.809999942779541
1998-12-01 08:03:57+00:00,492.0,7.159999847412109
1998-12-01 08:08:59+00:00,492.0,6.960000038146973
1998-12-01 08:14:04+00:00,495.0,6.630000114440918
1998-12-01 08:19:04+00:00,489.0,6.71999979019165
1998-12-01 08:24:05+00:00,492.0,6.800000190734863
1998-12-01 08:29:09+00:00,491.0,6.929999828338623
1998-12-01 08:34:11+00:00,486.0,6.630000114440918
1998-12-01 08:39:12+00:00,486.0,6.710000038146973
1998-12-01 08:44:14+00:00,489.0,6.559999942779541
1998-12-01 08:49:18+00:00,497.0,6.960000038146973
1998-12-01 08:54:19+00:00,492.0,6.489999771118164
1998-12-01 08:59:21+00:00,486.0,4.849999904632568
1998-12-01 09:04:24+00:00,485.0,4.800000190734863
1998-12-01 09:09:26+00:00,484.0,4.630000114440918
1998-12-01 09:14:27+00:00,484.0,4.510000228881836
1998-12-01 09:19:31+00:00,482.0,4.46999979019165
1998-12-01 09:25:03+00:00,482.0,4.480000019073486
1998-12-01 09:30:04+00:00,483.0,4.579999923706055
1998-12-01 09:35:08+00:00,483.0,5.039999961853027
1998-12-01 09:40:09+00:00,482.0,4.579999923706055
1998-12-01 09:45:11+00:00,484.0,4.96999979019165
1998-12-01 09:50:15+00:00,483.0,4.920000076293945
1998-12-01 09:55:16+00:00,484.0,4.789999961853027
1998-12-01 10:00:18+00:00,483.0,4.889999866485596
1998-12-01 10:05:19+00:00,482.0,5.019999980926514
1998-12-01 10:10:23+00:00,481.0,4.840000152587891
1998-12-01 10:15:25+00:00,482.0,4.980000019073486
1998-12-01 10:20:28+00:00,481.0,4.78000020980835
1998-12-01 10:25:28+00:00,482.0,4.579999923706055
1998-12-01 10:30:31+00:00,494.0,5.010000228881836
1998-12-01 10:35:33+00:00,491.0,5.460000038146973
1998-12-01 10:40:35+00:00,488.0,5.289999961853027
1998-12-01 10:45:38+00:00,496.0,5.150000095367432
1998-12-01 10:50:42+00:00,495.0,5.159999847412109
1998-12-01 10:55:42+00:00,489.0,5.309999942779541
1998-12-01 11:00:45+00:00,488.0,4.820000171661377
1998-12-01 11:05:47+00:00,487.0,4.75
1998-12-01 11:10:48+00:00,488.0,4.869999885559082
1998-12-01 11:15:52+00:00,497.0,4.900000095367432
1998-12-01 11:20:55+00:00,492.0,5.070000171661377
1998-12-01 11:25:55+00:00,495.0,5.360000133514404
1998-12-01 11:30:57+00:00,496.0,5.409999847412109
1998-12-01 11:36:00+00:00,499.0,5.5
1998-12-01 11:41:02+00:00,489.0,5.579999923706055
1998-12-01 11:46:03+00:00,492.0,5.769999980926514
1998-12-01 11:51:09+00:00,492.0,5.949999809265137
1998-12-01 11:56:09+00:00,492.0,5.96999979019165
1998-12-01 12:01:10+00:00,494.0,4.119999885559082
1998-12-01 12:06:14+00:00,493.0,4.320000171661377
1998-12-01 12:11:15+00:00,487.0,5.400000095367432
1998-12-01 12:16:17+00:00,485.0,4.300000190734863
1998-12-01 12:21:19+00:00,486.0,4.309999942779541
1998-12-01 12:26:22+00:00,487.0,5.28000020980835
1998-12-01 12:31:24+00:00,489.0,5.0
1998-12-01 12:36:25+00:00,487.0,5.46999979019165
1998-12-01 12:41:29+00:00,487.0,5.789999961853027
1998-12-01 12:46:31+00:00,493.0,6.389999866485596
1998-12-01 12:51:32+00:00,486.0,5.75
1998-12-01 12:56:36+00:00,486.0,4.550000190734863
1998-12-01 13:01:37+00:00,488.0,5.119999885559082
1998-12-01 13:06:39+00:00,491.0,5.829999923706055
1998-12-01 13:11:41+00:00,487.0,5.840000152587891
1998-12-01 13:16:44+00:00,488.0,4.820000171661377
1998-12-01 13:21:46+00:00,487.0,4.150000095367432
1998-12-01 13:26:50+00:00,488.0,5.690000057220459
1998-12-01 13:31:51+00:00,488.0,4.920000076293945
1998-12-01 13:36:53+00:00,489.0,5.519999980926514
1998-12-01 13:41:54+00:00,484.0,5.070000171661377
1998-12-01 13:46:58+00:00,484.0,5.139999866485596
1998-12-01 13:51:59+00:00,485.0,4.809999942779541
1998-12-01 13:57:03+00:00,484.0,4.03000020980835
1998-12-01 14:02:03+00:00,482.0,3.9200000762939453
1998-12-01 14:07:06+00:00,483.0,3.8499999046325684
1998-12-01 14:12:08+00:00,482.0,4.110000133514404
1998-12-01 14:17:09+00:00,481.0,4.179999828338623
1998-12-01 14:22:13+00:00,481.0,4.5
1998-12-01 14:27:17+00:00,483.0,4.610000133514404
1998-12-01 14:32:16+00:00,483.0,4.670000076293945
1998-12-01 14:37:20+00:00,481.0,4.150000095367432
1998-12-01 14:42:21+00:00,483.0,4.320000171661377
1998-12-01 14:47:23+00:00,483.0,4.559999942779541
1998-12-01 14:52:25+00:00,484.0,3.9100000858306885
1998-12-01 14:57:30+00:00,481.0,4.119999885559082
1998-12-01 15:02:30+00:00,481.0,4.730000019073486
1998-12-01 15:07:31+00:00,484.0,3.5199999809265137
1998-12-01 15:12:35+00:00,484.0,3.930000066757202
1998-12-01 15:17:37+00:00,484.0,3.809999942779541
1998-12-01 15:22:38+00:00,483.0,4.489999771118164
1998-12-01 15:27:44+00:00,484.0,4.699999809265137
1998-12-01 15:32:44+00:00,485.0,4.829999923706055
1998-12-01 15:37:45+00:00,483.0,4.880000114440918
1998-12-01 15:42:47+00:00,480.0,3.9700000286102295
1998-12-01 15:47:50+00:00,480.0,3.2300000190734863
1998-12-01 15:52:52+00:00,482.0,3.2699999809265137
1998-12-01 15:57:53+00:00,482.0,3.2699999809265137
1998-12-01 16:02:57+00:00,472.0,3.1700000762939453
1998-12-01 16:07:58+00:00,474.0,3.200000047683716
1998-12-01 16:13:00+00:00,478.0,3.309999942779541
1998-12-01 16:18:04+00:00,473.0,3.0899999141693115
1998-12-01 16:23:05+00:00,474.0,3.109999895095825
1998-12-01 16:28:07+00:00,475.0,3.3299999237060547
1998-12-01 16:33:11+00:00,474.0,3.140000104904175
1998-12-01 16:38:12+00:00,472.0,3.0199999809265137
1998-12-01 16:43:14+00:00,472.0,3.4200000762939453
1998-12-01 16:48:15+00:00,471.0,2.930000066757202
1998-12-01 16:53:19+00:00,470.0,2.9700000286102295
1998-12-01 16:58:20+00:00,476.0,3.3299999237060547
1998-12-01 17:03:24+00:00,477.0,3.3499999046325684
1998-12-01 17:08:24+00:00,471.0,3.1600000858306885
1998-12-01 17:13:27+00:00,474.0,2.930000066757202
1998-12-01 17:18:29+00:00,476.0,3.190000057220459
1998-12-01 17:23:31+00:00,475.0,3.9800000190734863
1998-12-01 17:28:34+00:00,477.0,3.700000047683716
1998-12-01 17:33:38+00:00,475.0,3.4100000858306885
1998-12-01 17:38:38+00:00,474.0,3.4700000286102295
1998-12-01 17:43:41+00:00,474.0,3.200000047683716
1998-12-01 17:48:43+00:00,476.0,3.309999942779541
1998-12-01 17:53:44+00:00,474.0,3.0199999809265137
1998-12-01 17:58:48+00:00,466.0,2.75
1998-12-01 18:03:51+00:00,466.0,2.740000009536743
1998-12-01 18:08:51+00:00,464.0,2.7300000190734863
1998-12-01 18:13:53+00:00,460.0,2.7899999618530273
1998-12-01 18:18:56+00:00,452.0,2.9000000953674316
1998-12-01 18:23:58+00:00,450.0,2.890000104904175
1998-12-01 18:28:59+00:00,455.0,2.7699999809265137
1998-12-01 18:34:05+00:00,454.0,2.6600000858306885
1998-12-01 18:39:05+00:00,452.0,2.7100000381469727
1998-12-01 18:44:06+00:00,450.0,2.809999942779541
1998-12-01 18:49:10+00:00,454.0,2.740000009536743
1998-12-01 18:54:11+00:00,452.0,2.740000009536743
1998-12-01 18:59:13+00:00,448.0,2.930000066757202
1998-12-01 19:04:15+00:00,448.0,2.8399999141693115
1998-12-01 19:09:18+00:00,448.0,2.799999952316284
1998-12-01 19:16:51+00:00,447.0,2.9200000762939453
1998-12-01 19:21:53+00:00,444.0,3.069999933242798
1998-12-01 19:26:55+00:00,441.0,3.0399999618530273
1998-12-01 19:31:58+00:00,446.0,2.9800000190734863
1998-12-01 19:37:02+00:00,446.0,2.859999895095825
1998-12-01 19:42:02+00:00,440.0,2.9600000381469727
1998-12-01 19:47:05+00:00,444.0,2.940000057220459
1998-12-01 19:52:07+00:00,447.0,2.9200000762939453
1998-12-01 19:57:08+00:00,445.0,2.950000047683716
1998-12-01 20:02:10+00:00,445.0,3.130000114440918
1998-12-01 20:07:16+00:00,446.0,3.2300000190734863
1998-12-01 20:12:15+00:00,440.0,3.009999990463257
1998-12-01 20:17:17+00:00,438.0,3.1700000762939453
1998-12-01 20:22:20+00:00,435.0,3.2300000190734863
1998-12-01 20:27:22+00:00,435.0,3.25
1998-12-01 20:32:24+00:00,437.0,3.180000066757202
1998-12-01 20:37:25+00:00,434.0,3.200000047683716
1998-12-01 20:42:29+00:00,430.0,3.390000104904175
1998-12-01 20:47:30+00:00,425.0,3.3399999141693115
1998-12-01 20:52:32+00:00,430.0,3.380000114440918
1998-12-01 20:57:35+00:00,432.0,3.4800000190734863
1998-12-01 21:02:37+00:00,430.0,3.569999933242798
1998-12-01 21:07:39+00:00,424.0,3.6600000858306885
1998-12-01 21:12:42+00:00,424.0,3.390000104904175
1998-12-01 21:17:44+00:00,424.0,3.309999942779541
1998-12-01 21:22:45+00:00,417.0,3.640000104904175
1998-12-01 21:27:49+00:00,419.0,3.3399999141693115
1998-12-01 21:32:51+00:00,421.0,3.240000009536743
1998-12-01 21:37:52+00:00,415.0,3.4700000286102295
1998-12-01 21:42:56+00:00,426.0,3.2300000190734863
1998-12-01 21:47:57+00:00,423.0,3.25
1998-12-01 21:52:59+00:00,430.0,3.0999999046325684
1998-12-01 21:58:01+00:00,451.0,2.940000057220459
1998-12-01 22:03:04+00:00,470.0,3.5199999809265137
1998-12-01 22:08:06+00:00,477.0,3.2799999713897705
1998-12-01 22:13:10+00:00,474.0,3.2300000190734863
1998-12-01 22:18:09+00:00,465.0,3.0899999141693115
1998-12-01 22:23:13+00:00,460.0,2.9000000953674316
1998-12-01 22:28:14+00:00,447.0,2.890000104904175
1998-12-01 22:33:16+00:00,435.0,2.6700000762939453
1998-12-01 22:38:49+00:00,434.0,2.859999895095825
1998-12-01 22:43:53+00:00,445.0,3.0
1998-12-01 22:48:53+00:00,448.0,2.9600000381469727
1998-12-01 22:53:56+00:00,432.0,2.9700000286102295
1998-12-01 22:58:58+00:00,426.0,3.0199999809265137
1998-12-01 23:03:59+00:00,437.0,2.7100000381469727
1998-12-01 23:09:03+00:00,442.0,2.869999885559082
1998-12-01 23:14:07+00:00,456.0,2.799999952316284
1998-12-01 23:19:06+00:00,434.0,2.890000104904175
1998-12-01 23:24:10+00:00,434.0,3.0199999809265137
1998-12-01 23:29:11+00:00,434.0,3.359999895095825
1998-12-01 23:34:13+00:00,433.0,3.25
1998-12-01 23:39:15+00:00,427.0,3.0999999046325684
1998-12-01 23:44:20+00:00,424.0,3.190000057220459
1998-12-01 23:49:20+00:00,429.0,3.1600000858306885
1998-12-01 23:54:21+00:00,428.0,3.2699999809265137
1998-12-02 00:00:10+00:00,418.0,3.3499999046325684
1998-12-02 00:04:57+00:00,421.0,3.2100000381469727
1998-12-02 00:09:58+00:00,422.0,3.259999990463257
1998-12-02 00:15:04+00:00,424.0,3.5199999809265137
1998-12-02 00:20:04+00:00,421.0,3.4200000762939453
1998-12-02 00:25:05+00:00,402.0,3.359999895095825
1998-12-02 00:30:07+00:00,411.0,3.5399999618530273
1998-12-02 00:35:10+00:00,408.0,3.6500000953674316
1998-12-02 00:40:12+00:00,405.0,3.690000057220459
1998-12-02 00:45:13+00:00,402.0,4.010000228881836
1998-12-02 00:50:17+00:00,401.0,4.139999866485596
1998-12-02 00:55:19+00:00,402.0,4.119999885559082
1998-12-02 01:00:20+00:00,400.0,4.260000228881836
1998-12-02 01:05:24+00:00,398.0,4.28000020980835
1998-12-02 01:10:25+00:00,399.0,4.159999847412109
1998-12-02 01:15:27+00:00,399.0,4.21999979019165
1998-12-02 01:20:31+00:00,400.0,4.380000114440918
1998-12-02 01:25:32+00:00,407.0,4.539999961853027
1998-12-02 01:30:34+00:00,406.0,4.380000114440918
1998-12-02 01:35:35+00:00,408.0,4.619999885559082
1998-12-02 01:40:39+00:00,412.0,4.769999980926514
1998-12-02 01:45:41+00:00,409.0,4.230000019073486
1998-12-02 01:50:44+00:00,403.0,4.679999828338623
1998-12-02 01:55:44+00:00,402.0,4.659999847412109
1998-12-02 02:00:47+00:00,417.0,4.960000038146973
1998-12-02 02:05:49+00:00,426.0,4.739999771118164
1998-12-02 02:10:51+00:00,426.0,4.960000038146973
1998-12-02 02:15:54+00:00,417.0,5.039999961853027
1998-12-02 02:20:58+00:00,416.0,4.949999809265137
1998-12-02 02:25:58+00:00,416.0,5.03000020980835
1998-12-02 02:31:01+00:00,424.0,5.369999885559082
1998-12-02 02:36:03+00:00,438.0,5.380000114440918
1998-12-02 02:41:04+00:00,427.0,5.21999979019165
1998-12-02 02:46:08+00:00,428.0,5.289999961853027
1998-12-02 02:51:11+00:00,426.0,4.659999847412109
1998-12-02 02:56:11+00:00,423.0,4.980000019073486
1998-12-02 03:01:13+00:00,427.0,5.119999885559082
1998-12-02 03:06:16+00:00,424.0,5.260000228881836
1998-12-02 03:11:18+00:00,419.0,5.599999904632568
1998-12-02 03:16:19+00:00,418.0,5.590000152587891
1998-12-02 03:21:25+00:00,423.0,5.739999771118164
1998-12-02 03:26:25+00:00,426.0,5.5
1998-12-02 03:31:26+00:00,428.0,6.03000020980835
1998-12-02 03:36:30+00:00,411.0,5.860000133514404
1998-12-02 03:41:31+00:00,411.0,5.78000020980835
1998-12-02 03:46:33+00:00,406.0,5.829999923706055
1998-12-02 03:51:35+00:00,413.0,5.949999809265137
1998-12-02 03:56:39+00:00,414.0,5.940000057220459
1998-12-02 04:01:40+00:00,413.0,5.880000114440918
1998-12-02 04:06:42+00:00,405.0,5.460000038146973
1998-12-02 04:11:45+00:00,413.0,5.059999942779541
1998-12-02 04:16:47+00:00,423.0,4.659999847412109
1998-12-02 04:21:49+00:00,424.0,5.929999828338623
1998-12-02 04:26:53+00:00,430.0,5.909999847412109
1998-12-02 04:31:54+00:00,427.0,5.699999809265137
1998-12-02 04:36:56+00:00,429.0,5.269999980926514
1998-12-02 04:41:57+00:00,429.0,6.28000020980835
1998-12-02 04:47:01+00:00,431.0,5.980000019073486
1998-12-02 04:52:02+00:00,416.0,5.400000095367432
1998-12-02 04:57:06+00:00,428.0,5.480000019073486
1998-12-02 05:02:06+00:00,421.0,5.909999847412109
1998-12-02 05:07:09+00:00,424.0,5.210000038146973
1998-12-02 05:12:11+00:00,422.0,4.699999809265137
1998-12-02 05:17:14+00:00,419.0,4.010000228881836
1998-12-02 05:22:16+00:00,416.0,4.070000171661377
1998-12-02 05:27:20+00:00,414.0,4.269999980926514
1998-12-02 05:32:19+00:00,415.0,4.150000095367432
1998-12-02 05:37:23+00:00,420.0,3.4600000381469727
1998-12-02 05:42:24+00:00,416.0,3.4100000858306885
1998-12-02 05:47:26+00:00,412.0,3.430000066757202
1998-12-02 05:52:29+00:00,415.0,3.299999952316284
1998-12-02 05:57:33+00:00,417.0,3.180000066757202
1998-12-02 06:02:33+00:00,426.0,3.180000066757202
1998-12-02 06:07:34+00:00,422.0,3.240000009536743
1998-12-02 06:12:38+00:00,433.0,3.140000104904175
1998-12-02 06:17:40+00:00,436.0,2.940000057220459
1998-12-02 06:22:41+00:00,428.0,3.0399999618530273
1998-12-02 06:27:47+00:00,417.0,3.1700000762939453
1998-12-02 06:32:47+00:00,443.0,3.009999990463257
1998-12-02 06:37:48+00:00,446.0,2.9200000762939453
1998-12-02 06:42:51+00:00,421.0,3.059999942779541
1998-12-02 06:47:53+00:00,433.0,2.9800000190734863
1998-12-02 06:52:55+00:00,442.0,3.0899999141693115
1998-12-02 06:57:56+00:00,441.0,2.890000104904175
1998-12-02 07:03:00+00:00,437.0,3.059999942779541
1998-12-02 07:08:01+00:00,422.0,3.180000066757202
1998-12-02 07:13:03+00:00,421.0,3.2699999809265137
1998-12-02 07:18:07+00:00,427.0,3.0799999237060547
1998-12-02 07:23:08+00:00,441.0,2.859999895095825
1998-12-02 07:28:10+00:00,452.0,2.6700000762939453
1998-12-02 07:33:14+00:00,436.0,3.1600000858306885
1998-12-02 07:38:15+00:00,426.0,3.109999895095825
1998-12-02 07:43:17+00:00,428.0,3.2799999713897705
1998-12-02 07:48:18+00:00,419.0,3.2699999809265137
1998-12-02 07:53:22+00:00,427.0,2.630000114440918
1998-12-02 07:58:24+00:00,413.0,3.0199999809265137
1998-12-02 08:03:27+00:00,407.0,3.4800000190734863
1998-12-02 08:08:29+00:00,408.0,3.690000057220459
1998-12-02 08:13:30+00:00,413.0,3.490000009536743
1998-12-02 08:18:32+00:00,414.0,3.490000009536743
1998-12-02 08:23:35+00:00,414.0,3.5
1998-12-02 08:28:37+00:00,415.0,3.109999895095825
1998-12-02 08:33:41+00:00,416.0,3.2300000190734863
1998-12-02 08:38:41+00:00,419.0,3.2200000286102295
1998-12-02 08:43:44+00:00,413.0,3.25
1998-12-02 08:48:46+00:00,408.0,3.640000104904175
1998-12-02 08:53:47+00:00,416.0,3.2300000190734863
1998-12-02 08:58:51+00:00,419.0,3.049999952316284
1998-12-02 09:03:54+00:00,417.0,3.380000114440918
1998-12-02 09:08:54+00:00,437.0,3.0899999141693115
1998-12-02 09:13:57+00:00,447.0,2.8399999141693115
1998-12-02 09:18:59+00:00,446.0,3.059999942779541
1998-12-02 09:24:01+00:00,461.0,3.0799999237060547
1998-12-02 09:29:02+00:00,437.0,3.0999999046325684
1998-12-02 09:34:08+00:00,451.0,3.0299999713897705
1998-12-02 09:39:08+00:00,439.0,3.1600000858306885
1998-12-02 09:44:09+00:00,429.0,3.2799999713897705
1998-12-02 09:49:13+00:00,453.0,3.130000114440918
1998-12-02 09:54:14+00:00,452.0,3.140000104904175
1998-12-02 09:59:16+00:00,439.0,3.1700000762939453
1998-12-02 10:04:22+00:00,414.0,3.75
1998-12-02 10:09:21+00:00,418.0,3.200000047683716
1998-12-02 10:14:23+00:00,430.0,3.1600000858306885
1998-12-02 10:19:24+00:00,419.0,3.5299999713897705
1998-12-02 10:24:28+00:00,409.0,3.809999942779541
1998-12-02 10:29:29+00:00,410.0,3.690000057220459
1998-12-02 10:34:31+00:00,410.0,3.619999885559082
1998-12-02 10:39:35+00:00,430.0,3.630000114440918
1998-12-02 10:44:36+00:00,430.0,3.559999942779541
1998-12-02 10:49:38+00:00,414.0,3.5799999237060547
1998-12-02 10:54:41+00:00,422.0,3.7699999809265137
1998-12-02 10:59:43+00:00,413.0,3.880000114440918
1998-12-02 11:04:45+00:00,410.0,3.7899999618530273
1998-12-02 11:09:48+00:00,412.0,3.619999885559082
1998-12-02 11:14:50+00:00,425.0,3.490000009536743
1998-12-02 11:19:51+00:00,416.0,3.5799999237060547
1998-12-02 11:24:53+00:00,424.0,3.4100000858306885
1998-12-02 11:29:57+00:00,414.0,3.4000000953674316
1998-12-02 11:34:58+00:00,408.0,3.569999933242798
1998-12-02 11:40:02+00:00,410.0,3.7699999809265137
1998-12-02 11:45:02+00:00,401.0,4.179999828338623
1998-12-02 11:50:05+00:00,404.0,4.309999942779541
1998-12-02 11:55:07+00:00,411.0,3.6500000953674316
1998-12-02 12:00:08+00:00,413.0,3.5299999713897705
1998-12-02 12:05:12+00:00,419.0,3.450000047683716
1998-12-02 12:10:16+00:00,424.0,3.440000057220459
1998-12-02 12:15:15+00:00,437.0,3.440000057220459
1998-12-02 12:20:19+00:00,439.0,3.4000000953674316
1998-12-02 12:25:20+00:00,441.0,3.2699999809265137
1998-12-02 12:30:22+00:00,439.0,3.359999895095825
1998-12-02 12:35:24+00:00,441.0,3.4200000762939453
1998-12-02 12:40:29+00:00,428.0,3.4000000953674316
1998-12-02 12:45:29+00:00,404.0,4.110000133514404
1998-12-02 12:50:30+00:00,415.0,3.869999885559082
1998-12-02 12:55:34+00:00,443.0,3.380000114440918
1998-12-02 13:00:35+00:00,437.0,3.0899999141693115
1998-12-02 13:05:37+00:00,414.0,3.7100000381469727
1998-12-02 13:10:43+00:00,406.0,4.050000190734863
1998-12-02 13:15:42+00:00,406.0,3.799999952316284
1998-12-02 13:20:44+00:00,406.0,3.2899999618530273
1998-12-02 13:25:45+00:00,428.0,3.0199999809265137
1998-12-02 13:30:49+00:00,430.0,2.990000009536743
1998-12-02 13:35:51+00:00,426.0,3.0399999618530273
1998-12-02 13:40:56+00:00,425.0,3.0999999046325684
1998-12-02 13:45:56+00:00,434.0,2.9800000190734863
1998-12-02 13:50:57+00:00,436.0,3.319999933242798
1998-12-02 13:55:59+00:00,436.0,3.069999933242798
1998-12-02 14:01:03+00:00,436.0,3.1500000953674316
1998-12-02 14:06:04+00:00,424.0,3.190000057220459
1998-12-02 14:11:06+00:00,422.0,3.119999885559082
1998-12-02 14:16:10+00:00,416.0,3.380000114440918
1998-12-02 14:21:11+00:00,410.0,3.740000009536743
1998-12-02 14:26:13+00:00,408.0,3.930000066757202
1998-12-02 14:31:14+00:00,408.0,3.619999885559082
1998-12-02 14:36:18+00:00,411.0,3.240000009536743
1998-12-02 14:41:19+00:00,416.0,3.549999952316284
1998-12-02 14:46:23+00:00,448.0,3.130000114440918
1998-12-02 14:51:23+00:00,440.0,2.9200000762939453
1998-12-02 14:56:26+00:00,418.0,3.440000057220459
1998-12-02 15:01:28+00:00,416.0,3.75
1998-12-02 15:06:29+00:00,412.0,3.9600000381469727
1998-12-02 15:12:03+00:00,411.0,4.260000228881836
1998-12-02 15:17:07+00:00,412.0,3.9600000381469727
1998-12-02 15:22:07+00:00,416.0,3.619999885559082
1998-12-02 15:27:10+00:00,418.0,3.640000104904175
1998-12-02 15:32:11+00:00,413.0,3.809999942779541
1998-12-02 15:37:13+00:00,418.0,3.6500000953674316
1998-12-02 15:42:17+00:00,421.0,3.6700000762939453
1998-12-02 15:47:20+00:00,424.0,3.619999885559082
1998-12-02 15:52:20+00:00,420.0,3.450000047683716
1998-12-02 15:57:23+00:00,423.0,3.490000009536743
1998-12-02 16:02:25+00:00,423.0,3.619999885559082
1998-12-02 16:07:27+00:00,417.0,3.130000114440918
1998-12-02 16:12:28+00:00,434.0,2.9200000762939453
1998-12-02 16:17:34+00:00,437.0,2.990000009536743
1998-12-02 16:22:34+00:00,450.0,2.940000057220459
1998-12-02 16:27:35+00:00,455.0,2.9200000762939453
1998-12-02 16:32:39+00:00,443.0,2.9100000858306885
1998-12-02 16:37:40+00:00,418.0,3.5299999713897705
1998-12-02 16:42:42+00:00,436.0,3.559999942779541
1998-12-02 16:47:47+00:00,419.0,3.450000047683716
1998-12-02 16:52:47+00:00,428.0,3.640000104904175
1998-12-02 16:57:49+00:00,429.0,3.559999942779541
1998-12-02 17:02:52+00:00,429.0,3.4000000953674316
1998-12-02 17:07:54+00:00,430.0,3.4600000381469727
1998-12-02 17:12:55+00:00,436.0,3.440000057220459
1998-12-02 17:17:57+00:00,436.0,3.619999885559082
1998-12-02 17:23:01+00:00,422.0,3.4800000190734863
1998-12-02 17:28:02+00:00,435.0,3.6600000858306885
1998-12-02 17:33:04+00:00,418.0,3.5299999713897705
1998-12-02 17:38:07+00:00,422.0,3.259999990463257
1998-12-02 17:48:41+00:00,429.0,3.2200000286102295
1998-12-02 17:53:44+00:00,425.0,3.369999885559082
1998-12-02 17:58:46+00:00,430.0,3.380000114440918
1998-12-02 18:03:47+00:00,431.0,3.380000114440918
1998-12-02 18:08:49+00:00,427.0,3.4700000286102295
1998-12-02 18:14:22+00:00,434.0,3.3499999046325684
1998-12-02 18:19:54+00:00,435.0,3.630000114440918
1998-12-02 18:24:58+00:00,448.0,3.1500000953674316
1998-12-02 18:29:59+00:00,442.0,3.5999999046325684
1998-12-02 18:35:01+00:00,434.0,3.740000009536743
1998-12-02 18:40:04+00:00,435.0,3.5399999618530273
1998-12-02 18:45:06+00:00,441.0,3.609999895095825
1998-12-02 18:50:08+00:00,437.0,3.5999999046325684
1998-12-02 18:55:11+00:00,430.0,3.7300000190734863
1998-12-02 19:00:13+00:00,436.0,3.6500000953674316
1998-12-02 19:05:14+00:00,439.0,3.7699999809265137
1998-12-02 19:10:16+00:00,424.0,3.7300000190734863
1998-12-02 19:15:20+00:00,424.0,3.6500000953674316
1998-12-02 19:20:21+00:00,421.0,3.549999952316284
1998-12-02 19:26:40+00:00,419.0,3.619999885559082
1998-12-02 19:31:26+00:00,419.0,3.5899999141693115
1998-12-02 19:38:00+00:00,424.0,3.259999990463257
1998-12-02 19:43:01+00:00,455.0,3.1700000762939453
1998-12-02 19:49:33+00:00,460.0,3.2300000190734863
1998-12-02 19:54:39+00:00,463.0,3.1500000953674316
1998-12-02 19:59:38+00:00,453.0,3.1600000858306885
1998-12-02 20:05:10+00:00,417.0,4.159999847412109
1998-12-02 20:10:13+00:00,412.0,3.9600000381469727
1998-12-02 20:15:15+00:00,406.0,4.090000152587891
1998-12-02 20:20:16+00:00,408.0,4.03000020980835
1998-12-02 20:25:22+00:00,407.0,3.640000104904175
1998-12-02 20:30:22+00:00,405.0,3.859999895095825
1998-12-02 20:35:23+00:00,407.0,3.8299999237060547
1998-12-02 20:40:27+00:00,406.0,3.7799999713897705
1998-12-02 20:45:28+00:00,401.0,3.950000047683716
1998-12-02 20:50:30+00:00,403.0,4.090000152587891
1998-12-02 20:55:32+00:00,400.0,4.150000095367432
1998-12-02 21:00:35+00:00,399.0,4.059999942779541
1998-12-02 21:05:37+00:00,400.0,4.019999980926514
1998-12-02 21:10:38+00:00,405.0,3.8499999046325684
1998-12-02 21:15:42+00:00,408.0,3.9000000953674316
1998-12-02 21:20:44+00:00,428.0,3.940000057220459
1998-12-02 21:25:45+00:00,434.0,3.880000114440918
1998-12-02 21:30:49+00:00,439.0,3.7699999809265137
1998-12-02 21:35:50+00:00,425.0,3.9200000762939453
1998-12-02 21:40:52+00:00,422.0,3.8299999237060547
1998-12-02 21:45:54+00:00,405.0,4.369999885559082
1998-12-02 21:50:57+00:00,409.0,3.9000000953674316
1998-12-02 21:55:59+00:00,416.0,3.9800000190734863
1998-12-02 22:01:03+00:00,415.0,4.110000133514404
1998-12-02 22:06:04+00:00,404.0,4.409999847412109
1998-12-02 22:11:06+00:00,399.0,4.800000190734863
1998-12-02 22:16:07+00:00,411.0,4.059999942779541
1998-12-02 22:21:11+00:00,412.0,4.139999866485596
1998-12-02 22:26:12+00:00,412.0,4.019999980926514
1998-12-02 22:31:16+00:00,406.0,4.269999980926514
1998-12-02 22:36:16+00:00,416.0,4.28000020980835
1998-12-02 22:41:19+00:00,417.0,4.179999828338623
1998-12-02 22:46:21+00:00,418.0,4.039999961853027
1998-12-02 22:51:22+00:00,432.0,3.930000066757202
1998-12-02 22:56:26+00:00,416.0,4.090000152587891
1998-12-02 23:01:30+00:00,416.0,4.139999866485596
1998-12-02 23:06:30+00:00,418.0,4.090000152587891
1998-12-02 23:11:33+00:00,415.0,4.070000171661377
1998-12-02 23:16:34+00:00,411.0,4.239999771118164
1998-12-02 23:21:36+00:00,414.0,4.090000152587891
1998-12-02 23:26:38+00:00,416.0,3.990000009536743
1998-12-02 23:31:43+00:00,409.0,4.070000171661377
1998-12-02 23:36:43+00:00,408.0,3.890000104904175
1998-12-02 23:41:44+00:00,410.0,3.9800000190734863
1998-12-02 23:46:48+00:00,413.0,3.6500000953674316
1998-12-02 23:51:50+00:00,417.0,3.450000047683716
1998-12-02 23:56:51+00:00,422.0,3.119999885559082
1998-12-03 00:00:08+00:00,425.0,3.240000009536743
1998-12-03 00:04:57+00:00,426.0,2.880000114440918
1998-12-03 00:09:58+00:00,439.0,2.4600000381469727
1998-12-03 00:15:00+00:00,438.0,2.4200000762939453
1998-12-03 00:20:01+00:00,456.0,2.8499999046325684
1998-12-03 00:25:05+00:00,428.0,3.2200000286102295
1998-12-03 00:30:07+00:00,436.0,2.8499999046325684
1998-12-03 00:35:10+00:00,428.0,2.8399999141693115
1998-12-03 00:40:10+00:00,436.0,2.680000066757202
1998-12-03 00:45:13+00:00,441.0,2.440000057220459
1998-12-03 00:50:15+00:00,427.0,2.740000009536743
1998-12-03 00:55:17+00:00,411.0,3.319999933242798
1998-12-03 01:00:20+00:00,411.0,3.559999942779541
1998-12-03 01:05:24+00:00,439.0,2.8399999141693115
1998-12-03 01:10:24+00:00,449.0,2.9000000953674316
1998-12-03 01:15:27+00:00,432.0,3.5999999046325684
1998-12-03 01:20:28+00:00,428.0,3.9200000762939453
1998-12-03 01:25:30+00:00,435.0,3.809999942779541
1998-12-03 01:30:32+00:00,426.0,4.090000152587891
1998-12-03 01:35:37+00:00,414.0,4.159999847412109
1998-12-03 01:40:37+00:00,446.0,3.7799999713897705
1998-12-03 01:45:39+00:00,445.0,3.680000066757202
1998-12-03 01:50:42+00:00,446.0,3.799999952316284
1998-12-03 01:55:44+00:00,440.0,4.039999961853027
1998-12-03 02:00:45+00:00,439.0,3.8299999237060547
1998-12-03 02:05:51+00:00,428.0,4.210000038146973
1998-12-03 02:10:51+00:00,441.0,4.03000020980835
1998-12-03 02:15:52+00:00,442.0,4.110000133514404
1998-12-03 02:20:54+00:00,415.0,4.090000152587891
1998-12-03 02:25:57+00:00,445.0,3.869999885559082
1998-12-03 02:30:59+00:00,447.0,3.9100000858306885
1998-12-03 02:36:01+00:00,436.0,3.9000000953674316
1998-12-03 02:41:04+00:00,450.0,3.509999990463257
1998-12-03 02:46:06+00:00,446.0,3.7200000286102295
1998-12-03 02:51:07+00:00,430.0,4.170000076293945
1998-12-03 02:56:11+00:00,432.0,3.9600000381469727
1998-12-03 03:01:12+00:00,421.0,3.700000047683716
1998-12-03 03:06:14+00:00,416.0,4.420000076293945
1998-12-03 03:11:18+00:00,419.0,4.369999885559082
1998-12-03 03:16:19+00:00,425.0,4.5
1998-12-03 03:21:21+00:00,426.0,4.510000228881836
1998-12-03 03:26:22+00:00,447.0,3.7799999713897705
1998-12-03 03:31:26+00:00,478.0,3.880000114440918
1998-12-03 03:36:28+00:00,465.0,3.759999990463257
1998-12-03 03:41:31+00:00,456.0,3.6500000953674316
1998-12-03 03:46:31+00:00,454.0,3.940000057220459
1998-12-03 03:51:34+00:00,461.0,3.9700000286102295
1998-12-03 03:56:36+00:00,473.0,3.990000009536743
1998-12-03 04:01:40+00:00,477.0,3.9100000858306885
1998-12-03 04:06:42+00:00,460.0,3.940000057220459
1998-12-03 04:11:46+00:00,465.0,3.990000009536743
1998-12-03 04:16:45+00:00,472.0,3.9000000953674316
1998-12-03 04:21:49+00:00,475.0,4.090000152587891
1998-12-03 04:26:50+00:00,467.0,3.9200000762939453
1998-12-03 04:31:52+00:00,453.0,3.619999885559082
1998-12-03 04:36:55+00:00,453.0,3.6700000762939453
1998-12-03 04:41:59+00:00,471.0,3.7699999809265137
1998-12-03 04:46:59+00:00,473.0,3.9200000762939453
1998-12-03 04:52:00+00:00,460.0,3.5
1998-12-03 04:57:04+00:00,464.0,3.569999933242798
1998-12-03 05:02:06+00:00,468.0,3.7200000286102295
1998-12-03 05:07:07+00:00,458.0,3.6700000762939453
1998-12-03 05:12:13+00:00,475.0,3.890000104904175
1998-12-03 05:17:13+00:00,466.0,3.9800000190734863
1998-12-03 05:22:14+00:00,459.0,3.7100000381469727
1998-12-03 05:27:17+00:00,483.0,3.6700000762939453
1998-12-03 05:32:19+00:00,469.0,4.0
1998-12-03 05:37:21+00:00,459.0,3.799999952316284
1998-12-03 05:42:22+00:00,458.0,3.890000104904175
1998-12-03 05:47:26+00:00,466.0,4.079999923706055
1998-12-03 05:52:28+00:00,456.0,3.640000104904175
1998-12-03 05:57:29+00:00,453.0,3.0199999809265137
1998-12-03 06:02:33+00:00,473.0,3.059999942779541
1998-12-03 06:07:34+00:00,479.0,3.880000114440918
1998-12-03 06:12:36+00:00,484.0,3.859999895095825
1998-12-03 06:17:40+00:00,476.0,3.619999885559082
1998-12-03 06:22:41+00:00,471.0,3.569999933242798
1998-12-03 06:27:43+00:00,456.0,3.3499999046325684
1998-12-03 06:32:44+00:00,440.0,3.2300000190734863
1998-12-03 06:37:48+00:00,439.0,3.490000009536743
1998-12-03 06:42:50+00:00,443.0,3.309999942779541
1998-12-03 06:47:53+00:00,441.0,3.3499999046325684
1998-12-03 06:52:53+00:00,444.0,3.309999942779541
1998-12-03 06:57:56+00:00,455.0,3.359999895095825
1998-12-03 07:02:58+00:00,447.0,3.309999942779541
1998-12-03 07:08:00+00:00,455.0,3.390000104904175
1998-12-03 07:13:03+00:00,471.0,3.559999942779541
1998-12-03 07:18:07+00:00,473.0,3.9800000190734863
1998-12-03 07:23:07+00:00,456.0,3.5999999046325684
1998-12-03 07:28:10+00:00,451.0,3.369999885559082
1998-12-03 07:33:12+00:00,455.0,3.390000104904175
1998-12-03 07:38:13+00:00,465.0,3.559999942779541
1998-12-03 07:43:17+00:00,454.0,3.4100000858306885
1998-12-03 07:48:20+00:00,455.0,3.190000057220459
1998-12-03 07:53:20+00:00,446.0,3.2899999618530273
1998-12-03 07:58:23+00:00,474.0,3.240000009536743
1998-12-03 08:03:25+00:00,460.0,2.880000114440918
1998-12-03 08:08:27+00:00,436.0,3.2899999618530273
1998-12-03 08:13:28+00:00,433.0,3.4800000190734863
1998-12-03 08:18:34+00:00,433.0,3.5
1998-12-03 08:23:34+00:00,433.0,3.450000047683716
1998-12-03 08:28:35+00:00,431.0,3.4100000858306885
1998-12-03 08:33:37+00:00,431.0,3.4100000858306885
1998-12-03 08:38:40+00:00,435.0,3.549999952316284
1998-12-03 08:43:42+00:00,440.0,3.2899999618530273
1998-12-03 08:48:44+00:00,440.0,3.4600000381469727
1998-12-03 08:53:47+00:00,434.0,3.549999952316284
1998-12-03 08:58:49+00:00,434.0,3.5399999618530273
1998-12-03 09:03:50+00:00,426.0,3.5199999809265137
1998-12-03 09:08:54+00:00,427.0,3.5899999141693115
1998-12-03 09:13:56+00:00,432.0,3.5399999618530273
1998-12-03 09:18:57+00:00,423.0,3.740000009536743
1998-12-03 09:24:01+00:00,429.0,3.5199999809265137
1998-12-03 09:29:02+00:00,434.0,3.2899999618530273
1998-12-03 09:34:04+00:00,424.0,3.7699999809265137
1998-12-03 09:39:07+00:00,421.0,3.9000000953674316
1998-12-03 09:44:09+00:00,426.0,3.5999999046325684
1998-12-03 09:49:11+00:00,429.0,3.5799999237060547
1998-12-03 09:54:15+00:00,422.0,3.9700000286102295
1998-12-03 09:59:16+00:00,421.0,4.079999923706055
1998-12-03 10:04:18+00:00,425.0,3.930000066757202
1998-12-03 10:09:19+00:00,431.0,4.03000020980835
1998-12-03 10:14:21+00:00,430.0,3.9600000381469727
1998-12-03 10:19:24+00:00,451.0,3.7300000190734863
1998-12-03 10:24:28+00:00,433.0,3.7799999713897705
1998-12-03 10:29:28+00:00,447.0,3.5799999237060547
1998-12-03 10:34:31+00:00,433.0,3.880000114440918
1998-12-03 10:39:33+00:00,436.0,3.8499999046325684
1998-12-03 10:44:34+00:00,446.0,3.640000104904175
1998-12-03 10:49:38+00:00,430.0,3.880000114440918
1998-12-03 10:54:42+00:00,425.0,3.9100000858306885
1998-12-03 10:59:41+00:00,420.0,4.019999980926514
1998-12-03 11:04:45+00:00,421.0,4.039999961853027
1998-12-03 11:09:46+00:00,423.0,4.059999942779541
1998-12-03 11:14:48+00:00,434.0,4.079999923706055
1998-12-03 11:19:51+00:00,436.0,3.9200000762939453
1998-12-03 11:24:55+00:00,448.0,3.690000057220459
1998-12-03 11:29:55+00:00,427.0,3.740000009536743
1998-12-03 11:34:56+00:00,453.0,3.809999942779541
1998-12-03 11:40:00+00:00,455.0,3.7200000286102295
1998-12-03 11:45:02+00:00,489.0,3.0999999046325684
1998-12-03 11:50:03+00:00,486.0,3.5299999713897705
1998-12-03 11:55:09+00:00,497.0,3.880000114440918
1998-12-03 12:00:09+00:00,493.0,4.03000020980835
1998-12-03 12:05:10+00:00,452.0,3.3499999046325684
1998-12-03 12:10:12+00:00,446.0,3.5299999713897705
1998-12-03 12:15:15+00:00,460.0,3.8299999237060547
1998-12-03 12:20:17+00:00,470.0,3.700000047683716
1998-12-03 12:25:18+00:00,441.0,3.509999990463257
1998-12-03 12:30:22+00:00,448.0,3.4100000858306885
1998-12-03 12:35:24+00:00,429.0,3.25
1998-12-03 12:40:25+00:00,428.0,3.4800000190734863
1998-12-03 12:45:29+00:00,435.0,3.319999933242798
1998-12-03 12:50:30+00:00,432.0,3.380000114440918
1998-12-03 12:55:32+00:00,424.0,3.6500000953674316
1998-12-03 13:00:36+00:00,422.0,3.6700000762939453
1998-12-03 13:06:37+00:00,431.0,3.5299999713897705
1998-12-03 13:12:39+00:00,430.0,3.8499999046325684
1998-12-03 13:17:42+00:00,426.0,3.619999885559082
1998-12-03 13:22:44+00:00,426.0,3.5799999237060547
1998-12-03 13:27:45+00:00,430.0,3.490000009536743
1998-12-03 13:32:49+00:00,425.0,3.869999885559082
1998-12-03 13:37:51+00:00,422.0,3.9100000858306885
1998-12-03 13:42:52+00:00,445.0,3.309999942779541
1998-12-03 13:47:56+00:00,442.0,3.8399999141693115
1998-12-03 13:52:57+00:00,446.0,3.930000066757202
1998-12-03 13:57:59+00:00,429.0,3.059999942779541
1998-12-03 14:03:03+00:00,428.0,3.1700000762939453
1998-12-03 14:08:04+00:00,464.0,3.1500000953674316
1998-12-03 14:13:06+00:00,482.0,3.359999895095825
1998-12-03 14:18:07+00:00,476.0,3.640000104904175
1998-12-03 14:23:11+00:00,471.0,3.6500000953674316
1998-12-03 14:28:13+00:00,470.0,3.380000114440918
1998-12-03 14:33:16+00:00,475.0,3.3499999046325684
1998-12-03 14:38:16+00:00,497.0,2.9600000381469727
1998-12-03 14:43:19+00:00,465.0,3.1500000953674316
1998-12-03 14:48:21+00:00,475.0,3.180000066757202
1998-12-03 14:53:23+00:00,457.0,3.690000057220459
1998-12-03 14:58:26+00:00,441.0,3.450000047683716
1998-12-03 15:03:30+00:00,436.0,3.6700000762939453
1998-12-03 15:09:30+00:00,476.0,2.990000009536743
1998-12-03 15:14:33+00:00,467.0,3.5399999618530273
1998-12-03 15:19:35+00:00,462.0,3.5
1998-12-03 15:24:36+00:00,468.0,3.569999933242798
1998-12-03 15:29:40+00:00,492.0,3.690000057220459
1998-12-03 15:34:43+00:00,490.0,3.549999952316284
1998-12-03 15:39:43+00:00,497.0,2.8399999141693115
1998-12-03 15:44:46+00:00,494.0,2.640000104904175
1998-12-03 15:49:48+00:00,492.0,2.940000057220459
1998-12-03 15:54:50+00:00,461.0,3.4200000762939453
1998-12-03 15:59:53+00:00,465.0,3.2899999618530273
1998-12-03 16:08:42+00:00,447.0,3.809999942779541
1998-12-03 16:13:58+00:00,447.0,3.690000057220459
1998-12-03 16:19:02+00:00,442.0,3.890000104904175
1998-12-03 16:24:03+00:00,445.0,3.6500000953674316
1998-12-03 16:29:05+00:00,459.0,3.5999999046325684
1998-12-03 16:34:07+00:00,445.0,3.4600000381469727
1998-12-03 16:39:10+00:00,444.0,3.5399999618530273
1998-12-03 16:44:12+00:00,463.0,2.9600000381469727
1998-12-03 16:49:13+00:00,471.0,2.740000009536743
1998-12-03 16:54:17+00:00,466.0,2.7200000286102295
1998-12-03 16:59:19+00:00,467.0,2.7200000286102295
1998-12-03 17:04:20+00:00,477.0,2.559999942779541
1998-12-03 17:09:24+00:00,502.0,2.700000047683716
1998-12-03 17:14:25+00:00,484.0,2.859999895095825
1998-12-03 17:19:27+00:00,474.0,2.759999990463257
1998-12-03 17:24:29+00:00,485.0,2.880000114440918
1998-12-03 17:29:32+00:00,480.0,2.9200000762939453
1998-12-03 17:34:34+00:00,473.0,2.9200000762939453
1998-12-03 17:39:38+00:00,464.0,2.859999895095825
1998-12-03 17:44:37+00:00,487.0,2.990000009536743
1998-12-03 17:49:41+00:00,468.0,2.7699999809265137
1998-12-03 17:54:42+00:00,474.0,3.059999942779541
1998-12-03 17:59:46+00:00,478.0,3.0899999141693115
1998-12-03 18:04:47+00:00,469.0,3.25
1998-12-03 18:09:51+00:00,470.0,3.3499999046325684
1998-12-03 18:14:51+00:00,472.0,3.569999933242798
1998-12-03 18:19:54+00:00,474.0,3.4700000286102295
1998-12-03 18:24:56+00:00,486.0,3.549999952316284
1998-12-03 18:29:57+00:00,495.0,3.759999990463257
1998-12-03 18:35:01+00:00,490.0,3.7100000381469727
1998-12-03 18:40:05+00:00,484.0,3.7699999809265137
1998-12-03 18:45:04+00:00,479.0,3.5199999809265137
1998-12-03 18:50:06+00:00,480.0,3.240000009536743
1998-12-03 18:55:09+00:00,479.0,3.240000009536743
1998-12-03 19:00:11+00:00,477.0,3.240000009536743
1998-12-03 19:05:13+00:00,476.0,3.240000009536743
1998-12-03 19:10:18+00:00,476.0,3.490000009536743
1998-12-03 19:15:18+00:00,475.0,3.4800000190734863
1998-12-03 19:20:19+00:00,474.0,3.4600000381469727
1998-12-03 19:25:23+00:00,471.0,3.4000000953674316
1998-12-03 19:30:25+00:00,475.0,3.3299999237060547
1998-12-03 19:35:26+00:00,478.0,3.3499999046325684
1998-12-03 19:40:32+00:00,479.0,3.3299999237060547
1998-12-03 19:45:32+00:00,480.0,3.509999990463257
1998-12-03 19:50:33+00:00,475.0,3.25
1998-12-03 19:55:35+00:00,468.0,2.9800000190734863
1998-12-03 20:00:38+00:00,508.0,3.049999952316284
1998-12-03 20:05:40+00:00,533.0,3.5899999141693115
1998-12-03 20:10:41+00:00,536.0,3.490000009536743
1998-12-03 20:15:45+00:00,536.0,3.7699999809265137
1998-12-03 20:20:47+00:00,496.0,2.9100000858306885
1998-12-03 20:25:48+00:00,488.0,3.2799999713897705
1998-12-03 20:30:50+00:00,512.0,3.3399999141693115
1998-12-03 20:35:53+00:00,524.0,3.1600000858306885
1998-12-03 20:40:55+00:00,519.0,3.309999942779541
1998-12-03 20:45:59+00:00,491.0,2.9200000762939453
1998-12-03 20:51:00+00:00,465.0,3.1500000953674316
1998-12-03 20:56:02+00:00,474.0,3.369999885559082
1998-12-03 21:01:03+00:00,492.0,3.4200000762939453
1998-12-03 21:06:07+00:00,492.0,3.5299999713897705
1998-12-03 21:11:09+00:00,490.0,3.5799999237060547
1998-12-03 21:16:12+00:00,485.0,3.7300000190734863
1998-12-03 21:21:12+00:00,484.0,3.490000009536743
1998-12-03 21:26:15+00:00,474.0,3.2300000190734863
1998-12-03 21:31:17+00:00,481.0,3.559999942779541
1998-12-03 21:36:19+00:00,476.0,3.380000114440918
1998-12-03 21:41:22+00:00,474.0,3.2300000190734863
1998-12-03 21:46:26+00:00,503.0,2.930000066757202
1998-12-03 21:51:26+00:00,510.0,3.049999952316284
1998-12-03 21:56:29+00:00,509.0,3.309999942779541
1998-12-03 22:01:31+00:00,504.0,3.180000066757202
1998-12-03 22:06:32+00:00,535.0,3.369999885559082
1998-12-03 22:11:34+00:00,506.0,3.3499999046325684
1998-12-03 22:16:39+00:00,469.0,3.4600000381469727
1998-12-03 22:21:39+00:00,480.0,2.5299999713897705
1998-12-03 22:26:41+00:00,486.0,2.1500000953674316
1998-12-03 22:32:14+00:00,486.0,2.180000066757202
1998-12-03 22:37:16+00:00,480.0,2.4600000381469727
1998-12-03 22:43:19+00:00,482.0,2.4100000858306885
1998-12-03 22:48:23+00:00,477.0,2.4200000762939453
1998-12-03 22:53:23+00:00,483.0,2.3399999141693115
1998-12-03 22:58:26+00:00,486.0,2.559999942779541
1998-12-03 23:03:28+00:00,480.0,2.6600000858306885
1998-12-03 23:08:29+00:00,499.0,2.9700000286102295
1998-12-03 23:13:31+00:00,488.0,2.7899999618530273
1998-12-03 23:18:37+00:00,502.0,2.75
1998-12-03 23:23:36+00:00,482.0,2.609999895095825
1998-12-03 23:28:38+00:00,483.0,2.619999885559082
1998-12-03 23:33:41+00:00,479.0,2.4800000190734863
1998-12-03 23:38:43+00:00,477.0,2.569999933242798
1998-12-03 23:43:44+00:00,476.0,2.609999895095825
1998-12-03 23:48:50+00:00,472.0,2.6500000953674316
1998-12-03 23:53:50+00:00,483.0,2.440000057220459
1998-12-03 23:58:51+00:00,480.0,2.4100000858306885
1998-12-04 00:00:08+00:00,479.0,2.4800000190734863
1998-12-04 00:04:55+00:00,475.0,2.509999990463257
1998-12-04 00:09:56+00:00,473.0,2.5399999618530273
1998-12-04 00:14:58+00:00,476.0,2.5
1998-12-04 00:20:04+00:00,477.0,2.4600000381469727
1998-12-04 00:25:03+00:00,472.0,2.5399999618530273
1998-12-04 00:30:05+00:00,475.0,2.490000009536743
1998-12-04 00:35:08+00:00,475.0,2.5
1998-12-04 00:40:10+00:00,472.0,2.5999999046325684
1998-12-04 00:45:12+00:00,468.0,2.5399999618530273
1998-12-04 00:50:17+00:00,467.0,2.609999895095825
1998-12-04 00:55:47+00:00,473.0,2.5799999237060547
1998-12-04 01:00:48+00:00,476.0,2.430000066757202
1998-12-04 01:05:52+00:00,475.0,2.509999990463257
1998-12-04 01:10:53+00:00,483.0,2.5199999809265137
1998-12-04 01:15:55+00:00,476.0,2.4200000762939453
1998-12-04 01:20:57+00:00,484.0,2.4000000953674316
1998-12-04 01:26:01+00:00,474.0,2.6500000953674316
1998-12-04 01:31:02+00:00,470.0,2.7300000190734863
1998-12-04 01:36:04+00:00,469.0,2.799999952316284
1998-12-04 01:41:07+00:00,473.0,2.7200000286102295
1998-12-04 01:46:09+00:00,478.0,2.490000009536743
1998-12-04 01:51:10+00:00,471.0,2.5
1998-12-04 01:56:14+00:00,459.0,2.5999999046325684
1998-12-04 02:01:15+00:00,452.0,2.700000047683716
1998-12-04 02:06:17+00:00,459.0,2.6700000762939453
1998-12-04 02:11:19+00:00,456.0,2.6500000953674316
1998-12-04 02:16:22+00:00,457.0,2.799999952316284
1998-12-04 02:21:24+00:00,447.0,2.9700000286102295
1998-12-04 02:26:28+00:00,449.0,2.9700000286102295
1998-12-04 02:31:29+00:00,467.0,2.9600000381469727
1998-12-04 02:36:31+00:00,485.0,2.890000104904175
1998-12-04 02:41:32+00:00,494.0,2.990000009536743
1998-12-04 02:46:36+00:00,502.0,3.2899999618530273
1998-12-04 02:51:37+00:00,488.0,2.890000104904175
1998-12-04 02:56:41+00:00,480.0,2.690000057220459
1998-12-04 03:01:41+00:00,488.0,2.9100000858306885
1998-12-04 03:06:44+00:00,489.0,2.990000009536743
1998-12-04 03:11:46+00:00,493.0,3.240000009536743
1998-12-04 03:16:48+00:00,502.0,3.4600000381469727
1998-12-04 03:21:51+00:00,485.0,3.059999942779541
1998-12-04 03:26:55+00:00,485.0,3.0199999809265137
1998-12-04 03:31:55+00:00,501.0,3.309999942779541
1998-12-04 03:36:58+00:00,488.0,3.0199999809265137
1998-12-04 03:41:59+00:00,483.0,2.9000000953674316
1998-12-04 03:47:01+00:00,488.0,2.819999933242798
1998-12-04 03:52:05+00:00,509.0,3.1600000858306885
1998-12-04 03:57:08+00:00,516.0,3.009999990463257
1998-12-04 04:02:09+00:00,497.0,3.009999990463257
1998-12-04 04:07:10+00:00,508.0,3.049999952316284
1998-12-04 04:12:13+00:00,515.0,3.2899999618530273
1998-12-04 04:17:15+00:00,502.0,3.200000047683716
1998-12-04 04:22:17+00:00,487.0,2.440000057220459
1998-12-04 04:27:22+00:00,480.0,2.4700000286102295
1998-12-04 04:32:22+00:00,480.0,2.5899999141693115
1998-12-04 04:37:24+00:00,491.0,2.7799999713897705
1998-12-04 04:42:27+00:00,477.0,2.640000104904175
1998-12-04 04:47:29+00:00,475.0,2.630000114440918
1998-12-04 04:52:30+00:00,478.0,2.4700000286102295
1998-12-04 04:57:32+00:00,471.0,2.5799999237060547
1998-12-04 05:02:36+00:00,474.0,2.5199999809265137
1998-12-04 05:07:37+00:00,486.0,2.609999895095825
1998-12-04 05:12:39+00:00,511.0,2.859999895095825
1998-12-04 05:17:42+00:00,492.0,2.700000047683716
1998-12-04 05:22:44+00:00,526.0,3.0899999141693115
1998-12-04 05:27:46+00:00,528.0,3.200000047683716
1998-12-04 05:32:49+00:00,530.0,3.259999990463257
1998-12-04 05:37:51+00:00,517.0,3.2699999809265137
1998-12-04 05:42:52+00:00,517.0,3.0899999141693115
1998-12-04 05:47:54+00:00,514.0,2.9100000858306885
1998-12-04 05:52:57+00:00,510.0,3.0
1998-12-04 05:57:59+00:00,513.0,3.4100000858306885
1998-12-04 06:03:03+00:00,505.0,3.3499999046325684
1998-12-04 06:08:04+00:00,493.0,3.2300000190734863
1998-12-04 06:13:06+00:00,490.0,3.130000114440918
1998-12-04 06:18:08+00:00,494.0,1.9800000190734863
1998-12-04 06:23:11+00:00,487.0,2.119999885559082
1998-12-04 06:28:13+00:00,496.0,1.840000033378601
1998-12-04 06:33:16+00:00,486.0,2.0799999237060547
1998-12-04 06:38:16+00:00,483.0,2.180000066757202
1998-12-04 06:43:19+00:00,489.0,2.1700000762939453
1998-12-04 06:48:21+00:00,487.0,2.1500000953674316
1998-12-04 06:53:23+00:00,483.0,2.200000047683716
1998-12-04 06:58:26+00:00,479.0,2.2200000286102295
1998-12-04 07:03:30+00:00,478.0,2.369999885559082
1998-12-04 07:08:30+00:00,474.0,2.4700000286102295
1998-12-04 07:13:33+00:00,470.0,2.4800000190734863
1998-12-04 07:18:35+00:00,471.0,2.4800000190734863
1998-12-04 07:23:36+00:00,481.0,2.4200000762939453
1998-12-04 07:28:38+00:00,483.0,2.4800000190734863
1998-12-04 07:33:44+00:00,492.0,2.5199999809265137
1998-12-04 07:38:43+00:00,500.0,2.6500000953674316
1998-12-04 07:43:45+00:00,490.0,2.5799999237060547
1998-12-04 07:48:48+00:00,495.0,2.5299999713897705
1998-12-04 07:53:50+00:00,493.0,2.309999942779541
1998-12-04 07:58:51+00:00,488.0,2.380000114440918
1998-12-04 08:03:57+00:00,483.0,2.4200000762939453
1998-12-04 08:08:57+00:00,481.0,2.430000066757202
1998-12-04 08:13:58+00:00,482.0,2.4800000190734863
1998-12-04 08:19:00+00:00,488.0,2.640000104904175
1998-12-04 08:24:03+00:00,529.0,3.0899999141693115
1998-12-04 08:29:05+00:00,540.0,3.119999885559082
1998-12-04 08:34:07+00:00,513.0,3.0199999809265137
1998-12-04 08:39:10+00:00,491.0,3.0399999618530273
1998-12-04 08:44:12+00:00,502.0,3.140000104904175
1998-12-04 08:49:13+00:00,480.0,2.6600000858306885
1998-12-04 08:54:15+00:00,479.0,2.5
1998-12-04 08:59:19+00:00,479.0,2.390000104904175
1998-12-04 09:04:20+00:00,486.0,2.619999885559082
1998-12-04 09:09:24+00:00,473.0,2.759999990463257
1998-12-04 09:14:25+00:00,478.0,2.9200000762939453
1998-12-04 09:19:27+00:00,480.0,2.869999885559082
1998-12-04 09:24:29+00:00,470.0,2.809999942779541
1998-12-04 09:29:32+00:00,474.0,2.75
1998-12-04 09:34:34+00:00,476.0,2.869999885559082
1998-12-04 09:39:38+00:00,480.0,3.0199999809265137
1998-12-04 09:44:37+00:00,486.0,3.4000000953674316
1998-12-04 09:49:41+00:00,479.0,3.140000104904175
1998-12-04 09:54:42+00:00,480.0,3.2200000286102295
1998-12-04 09:59:44+00:00,480.0,3.0999999046325684
1998-12-04 10:04:47+00:00,480.0,3.069999933242798
1998-12-04 10:09:51+00:00,482.0,3.130000114440918
1998-12-04 10:14:51+00:00,477.0,2.690000057220459
1998-12-04 10:19:54+00:00,476.0,2.799999952316284
1998-12-04 10:24:56+00:00,477.0,2.6600000858306885
1998-12-04 10:29:57+00:00,488.0,3.490000009536743
1998-12-04 10:35:01+00:00,501.0,2.359999895095825
1998-12-04 10:40:35+00:00,482.0,2.700000047683716
1998-12-04 10:45:34+00:00,491.0,3.0399999618530273
1998-12-04 10:50:38+00:00,471.0,2.809999942779541
1998-12-04 10:55:39+00:00,471.0,2.740000009536743
1998-12-04 11:00:41+00:00,472.0,2.7899999618530273
1998-12-04 11:05:43+00:00,473.0,2.7300000190734863
1998-12-04 11:10:48+00:00,470.0,2.6500000953674316
1998-12-04 11:15:48+00:00,486.0,2.4100000858306885
1998-12-04 11:20:49+00:00,492.0,2.569999933242798
1998-12-04 11:25:53+00:00,481.0,2.380000114440918
1998-12-04 11:30:55+00:00,475.0,2.2899999618530273
1998-12-04 11:35:56+00:00,474.0,2.680000066757202
1998-12-04 11:41:32+00:00,479.0,3.0
1998-12-04 11:46:32+00:00,474.0,2.940000057220459
1998-12-04 11:51:33+00:00,494.0,3.359999895095825
1998-12-04 11:56:35+00:00,477.0,3.0199999809265137
1998-12-04 12:01:38+00:00,472.0,2.9000000953674316
1998-12-04 12:06:40+00:00,466.0,2.880000114440918
1998-12-04 12:11:41+00:00,469.0,2.9600000381469727
1998-12-04 12:16:45+00:00,470.0,2.7899999618530273
1998-12-04 12:21:47+00:00,482.0,2.990000009536743
1998-12-04 12:26:48+00:00,489.0,3.140000104904175
1998-12-04 12:31:52+00:00,480.0,2.9000000953674316
1998-12-04 12:36:53+00:00,477.0,2.9600000381469727
1998-12-04 12:41:55+00:00,481.0,2.680000066757202
1998-12-04 12:46:59+00:00,476.0,2.809999942779541
1998-12-04 12:52:00+00:00,474.0,2.859999895095825
1998-12-04 12:57:02+00:00,474.0,2.9100000858306885
1998-12-04 13:02:03+00:00,477.0,2.8499999046325684
1998-12-04 13:07:07+00:00,475.0,2.75
1998-12-04 13:12:09+00:00,476.0,2.7100000381469727
1998-12-04 13:17:12+00:00,487.0,3.0899999141693115
1998-12-04 13:22:12+00:00,486.0,3.0899999141693115
1998-12-04 13:27:15+00:00,498.0,3.2899999618530273
1998-12-04 13:32:17+00:00,484.0,2.9200000762939453
1998-12-04 13:37:19+00:00,496.0,3.190000057220459
1998-12-04 13:42:22+00:00,491.0,3.2699999809265137
1998-12-04 13:47:26+00:00,493.0,3.190000057220459
1998-12-04 13:52:26+00:00,496.0,3.2799999713897705
1998-12-04 13:57:29+00:00,495.0,3.3499999046325684
1998-12-04 14:02:31+00:00,498.0,3.390000104904175
1998-12-04 14:07:32+00:00,502.0,3.319999933242798
1998-12-04 14:12:36+00:00,497.0,3.309999942779541
1998-12-04 14:17:39+00:00,488.0,3.299999952316284
1998-12-04 14:22:39+00:00,491.0,3.4000000953674316
1998-12-04 14:27:41+00:00,508.0,3.369999885559082
1998-12-04 14:32:44+00:00,495.0,2.7300000190734863
1998-12-04 14:37:46+00:00,511.0,2.7799999713897705
1998-12-04 14:42:47+00:00,495.0,2.740000009536743
1998-12-04 14:47:53+00:00,502.0,2.5399999618530273
1998-12-04 14:52:53+00:00,487.0,2.9700000286102295
1998-12-04 14:57:54+00:00,487.0,3.0999999046325684
1998-12-04 15:02:58+00:00,493.0,3.369999885559082
1998-12-04 15:07:59+00:00,486.0,3.2899999618530273
1998-12-04 15:13:01+00:00,495.0,3.4000000953674316
1998-12-04 15:18:03+00:00,502.0,3.5
1998-12-04 15:23:06+00:00,510.0,3.4100000858306885
1998-12-04 15:28:08+00:00,520.0,3.190000057220459
1998-12-04 15:33:09+00:00,524.0,3.109999895095825
1998-12-04 15:38:13+00:00,511.0,3.690000057220459
1998-12-04 15:43:15+00:00,538.0,3.8399999141693115
1998-12-04 15:48:16+00:00,535.0,3.690000057220459
1998-12-04 15:53:20+00:00,533.0,3.609999895095825
1998-12-04 15:58:21+00:00,536.0,3.5899999141693115
1998-12-04 16:03:23+00:00,545.0,3.740000009536743
1998-12-04 16:08:25+00:00,518.0,3.3499999046325684
1998-12-04 16:13:28+00:00,518.0,3.140000104904175
1998-12-04 16:18:30+00:00,492.0,3.7699999809265137
1998-12-04 16:23:34+00:00,496.0,3.6500000953674316
1998-12-04 16:28:35+00:00,490.0,3.700000047683716
1998-12-04 16:33:37+00:00,487.0,3.5299999713897705
1998-12-04 16:38:38+00:00,490.0,3.299999952316284
1998-12-04 16:43:42+00:00,487.0,3.2799999713897705
1998-12-04 16:48:43+00:00,485.0,3.430000066757202
1998-12-04 16:53:47+00:00,488.0,3.4600000381469727
1998-12-04 16:58:47+00:00,485.0,3.309999942779541
1998-12-04 17:03:50+00:00,486.0,3.3399999141693115
1998-12-04 17:08:52+00:00,490.0,3.430000066757202
1998-12-04 17:13:53+00:00,490.0,3.4000000953674316
1998-12-04 17:18:57+00:00,510.0,3.390000104904175
1998-12-04 17:24:01+00:00,499.0,3.1700000762939453
1998-12-04 17:29:00+00:00,516.0,3.25
1998-12-04 17:34:04+00:00,507.0,3.2799999713897705
1998-12-04 17:39:05+00:00,520.0,3.4000000953674316
1998-12-04 17:44:07+00:00,515.0,3.3499999046325684
1998-12-04 17:49:09+00:00,524.0,3.5299999713897705
1998-12-04 17:54:14+00:00,511.0,3.5199999809265137
1998-12-04 17:59:14+00:00,514.0,3.619999885559082
1998-12-04 18:04:15+00:00,524.0,3.640000104904175
1998-12-04 18:09:19+00:00,524.0,3.5799999237060547
1998-12-04 18:14:21+00:00,518.0,3.5299999713897705
1998-12-04 18:19:22+00:00,512.0,3.569999933242798
1998-12-04 18:24:28+00:00,508.0,3.4200000762939453
1998-12-04 18:29:28+00:00,503.0,3.25
1998-12-04 18:34:29+00:00,493.0,3.440000057220459
1998-12-04 18:39:31+00:00,493.0,3.4000000953674316
1998-12-04 18:44:34+00:00,500.0,3.369999885559082
1998-12-04 18:49:36+00:00,499.0,3.1500000953674316
1998-12-04 18:54:37+00:00,494.0,3.2300000190734863
1998-12-04 18:59:41+00:00,494.0,3.2300000190734863
1998-12-04 19:04:43+00:00,501.0,3.0999999046325684
1998-12-04 19:09:44+00:00,494.0,2.9600000381469727
1998-12-04 19:14:48+00:00,494.0,3.0899999141693115
1998-12-04 19:19:49+00:00,495.0,3.1500000953674316
1998-12-04 19:24:51+00:00,495.0,3.3399999141693115
1998-12-04 19:30:25+00:00,497.0,3.25
1998-12-04 19:35:26+00:00,497.0,3.2899999618530273
1998-12-04 19:40:28+00:00,492.0,3.1700000762939453
1998-12-04 19:45:31+00:00,503.0,3.259999990463257
1998-12-04 19:50:33+00:00,496.0,3.299999952316284
1998-12-04 19:55:34+00:00,493.0,3.0
1998-12-04 20:00:38+00:00,492.0,3.059999942779541
1998-12-04 20:05:40+00:00,494.0,2.859999895095825
1998-12-04 20:10:41+00:00,497.0,3.190000057220459
1998-12-04 20:15:43+00:00,497.0,3.390000104904175
1998-12-04 20:20:46+00:00,513.0,3.380000114440918
1998-12-04 20:25:48+00:00,522.0,3.319999933242798
1998-12-04 20:30:52+00:00,523.0,3.2899999618530273
1998-12-04 20:35:52+00:00,506.0,3.299999952316284
1998-12-04 20:40:55+00:00,500.0,3.390000104904175
1998-12-04 20:45:56+00:00,500.0,3.299999952316284
1998-12-04 20:50:58+00:00,502.0,3.049999952316284
1998-12-04 20:56:02+00:00,514.0,3.440000057220459
1998-12-04 21:01:05+00:00,526.0,3.380000114440918
1998-12-04 21:06:05+00:00,523.0,3.369999885559082
1998-12-04 21:11:08+00:00,520.0,3.359999895095825
1998-12-04 21:16:10+00:00,504.0,3.5199999809265137
1998-12-04 21:21:12+00:00,498.0,3.5399999618530273
1998-12-04 21:26:15+00:00,497.0,3.309999942779541
1998-12-04 21:31:19+00:00,502.0,3.2200000286102295
1998-12-04 21:36:19+00:00,503.0,3.259999990463257
1998-12-04 21:41:20+00:00,497.0,3.1700000762939453
1998-12-04 21:46:24+00:00,496.0,2.6700000762939453
1998-12-04 21:51:25+00:00,500.0,2.1600000858306885
1998-12-04 21:56:27+00:00,499.0,2.680000066757202
1998-12-04 22:01:33+00:00,538.0,2.75
1998-12-04 22:06:32+00:00,530.0,2.7100000381469727
1998-12-04 22:11:34+00:00,543.0,2.740000009536743
1998-12-04 22:16:37+00:00,504.0,2.7300000190734863
1998-12-04 22:21:39+00:00,521.0,2.609999895095825
1998-12-04 22:26:41+00:00,520.0,2.819999933242798
1998-12-04 22:31:42+00:00,504.0,2.7100000381469727
1998-12-04 22:36:46+00:00,506.0,2.940000057220459
1998-12-04 22:41:47+00:00,529.0,2.890000104904175
1998-12-04 22:46:49+00:00,528.0,2.9000000953674316
1998-12-04 22:51:52+00:00,516.0,2.9200000762939453
1998-12-04 22:56:54+00:00,504.0,2.880000114440918
1998-12-04 23:01:56+00:00,507.0,3.0199999809265137
1998-12-04 23:06:59+00:00,519.0,3.0299999713897705
1998-12-04 23:12:01+00:00,525.0,2.940000057220459
1998-12-04 23:17:02+00:00,526.0,3.180000066757202
1998-12-04 23:22:04+00:00,520.0,2.880000114440918
1998-12-04 23:27:08+00:00,544.0,3.1500000953674316
1998-12-04 23:32:09+00:00,527.0,3.109999895095825
1998-12-04 23:37:13+00:00,545.0,3.1600000858306885
1998-12-04 23:42:13+00:00,539.0,3.200000047683716
1998-12-04 23:47:16+00:00,524.0,3.0899999141693115
1998-12-04 23:52:18+00:00,502.0,2.809999942779541
1998-12-04 23:57:21+00:00,506.0,2.799999952316284
1998-12-05 00:00:06+00:00,514.0,3.0199999809265137
1998-12-05 00:04:53+00:00,508.0,2.799999952316284
1998-12-05 00:09:57+00:00,528.0,2.559999942779541
1998-12-05 00:14:58+00:00,506.0,3.130000114440918
1998-12-05 00:20:00+00:00,503.0,2.869999885559082
1998-12-05 00:25:03+00:00,499.0,2.5
1998-12-05 00:30:05+00:00,499.0,2.630000114440918
1998-12-05 00:35:06+00:00,499.0,3.059999942779541
1998-12-05 00:40:10+00:00,505.0,2.690000057220459
1998-12-05 00:45:11+00:00,513.0,2.4000000953674316
1998-12-05 00:50:13+00:00,497.0,2.809999942779541
1998-12-05 00:55:17+00:00,496.0,2.8299999237060547
1998-12-05 01:00:18+00:00,497.0,2.6600000858306885
1998-12-05 01:05:20+00:00,499.0,3.059999942779541
1998-12-05 01:10:24+00:00,499.0,3.0
1998-12-05 01:15:25+00:00,514.0,3.119999885559082
1998-12-05 01:20:27+00:00,506.0,3.240000009536743
1998-12-05 01:25:28+00:00,501.0,3.0999999046325684
1998-12-05 01:30:32+00:00,497.0,3.3299999237060547
1998-12-05 01:35:33+00:00,496.0,3.2300000190734863
1998-12-05 01:40:37+00:00,501.0,2.559999942779541
1998-12-05 01:45:37+00:00,502.0,2.0999999046325684
1998-12-05 01:50:40+00:00,521.0,1.399999976158142
1998-12-05 01:55:42+00:00,527.0,1.3799999952316284
1998-12-05 02:00:44+00:00,528.0,1.7100000381469727
1998-12-05 02:05:47+00:00,534.0,1.9199999570846558
1998-12-05 02:10:51+00:00,526.0,2.2699999809265137
1998-12-05 02:15:51+00:00,542.0,3.049999952316284
1998-12-05 02:20:54+00:00,509.0,3.240000009536743
1998-12-05 02:25:56+00:00,507.0,3.1700000762939453
1998-12-05 02:30:57+00:00,508.0,3.0199999809265137
1998-12-05 02:36:01+00:00,495.0,2.880000114440918
1998-12-05 02:41:04+00:00,490.0,2.6700000762939453
1998-12-05 02:46:04+00:00,497.0,2.740000009536743
1998-12-05 02:51:06+00:00,490.0,2.3499999046325684
1998-12-05 02:56:09+00:00,486.0,2.4800000190734863
1998-12-05 03:01:11+00:00,488.0,2.2799999713897705
1998-12-05 03:06:12+00:00,486.0,2.240000009536743
1998-12-05 03:11:18+00:00,490.0,2.630000114440918
1998-12-05 03:16:18+00:00,486.0,2.4200000762939453
1998-12-05 03:21:19+00:00,528.0,2.190000057220459
1998-12-05 03:26:23+00:00,496.0,2.1700000762939453
1998-12-05 03:31:24+00:00,505.0,2.0299999713897705
1998-12-05 03:36:26+00:00,504.0,2.5
1998-12-05 03:41:28+00:00,498.0,2.5899999141693115
1998-12-05 03:46:31+00:00,490.0,2.2300000190734863
1998-12-05 03:51:33+00:00,514.0,2.809999942779541
1998-12-05 03:56:34+00:00,518.0,3.390000104904175
1998-12-05 04:01:38+00:00,503.0,3.3299999237060547
1998-12-05 04:06:40+00:00,500.0,2.819999933242798
1998-12-05 04:11:42+00:00,497.0,2.630000114440918
1998-12-05 04:16:45+00:00,490.0,2.369999885559082
1998-12-05 04:21:47+00:00,497.0,3.2799999713897705
1998-12-05 04:26:48+00:00,515.0,2.809999942779541
1998-12-05 04:31:50+00:00,494.0,2.799999952316284
1998-12-05 04:36:54+00:00,493.0,2.380000114440918
1998-12-05 04:41:55+00:00,488.0,2.5
1998-12-05 04:46:59+00:00,492.0,2.509999990463257
1998-12-05 04:51:59+00:00,483.0,2.390000104904175
1998-12-05 04:57:02+00:00,491.0,2.309999942779541
1998-12-05 05:02:04+00:00,491.0,2.0199999809265137
1998-12-05 05:07:07+00:00,489.0,1.909999966621399
1998-12-05 05:12:09+00:00,493.0,1.9800000190734863
1998-12-05 05:17:13+00:00,493.0,2.009999990463257
1998-12-05 05:22:12+00:00,481.0,2.0399999618530273
1998-12-05 05:27:16+00:00,480.0,2.009999990463257
1998-12-05 05:32:17+00:00,484.0,1.9800000190734863
1998-12-05 05:37:19+00:00,487.0,2.200000047683716
1998-12-05 05:42:22+00:00,486.0,2.319999933242798
1998-12-05 05:47:26+00:00,487.0,2.4800000190734863
1998-12-05 05:52:26+00:00,499.0,2.359999895095825
1998-12-05 05:57:29+00:00,491.0,2.430000066757202
1998-12-05 06:02:31+00:00,488.0,2.509999990463257
1998-12-05 06:07:32+00:00,496.0,2.380000114440918
1998-12-05 06:12:34+00:00,495.0,2.25
1998-12-05 06:17:40+00:00,493.0,2.4700000286102295
1998-12-05 06:22:39+00:00,487.0,2.180000066757202
1998-12-05 06:27:41+00:00,494.0,2.559999942779541
1998-12-05 06:32:44+00:00,502.0,2.4600000381469727
1998-12-05 06:37:46+00:00,503.0,2.2300000190734863
1998-12-05 06:42:48+00:00,486.0,2.319999933242798
1998-12-05 06:47:53+00:00,485.0,2.5199999809265137
1998-12-05 06:52:53+00:00,486.0,2.490000009536743
1998-12-05 06:57:54+00:00,486.0,2.3499999046325684
1998-12-05 07:02:56+00:00,490.0,2.4800000190734863
1998-12-05 07:08:00+00:00,488.0,2.509999990463257
1998-12-05 07:13:01+00:00,482.0,2.3299999237060547
1998-12-05 07:18:03+00:00,483.0,2.2799999713897705
1998-12-05 07:23:07+00:00,483.0,2.259999990463257
1998-12-05 07:28:08+00:00,485.0,2.549999952316284
1998-12-05 07:33:10+00:00,483.0,2.4000000953674316
1998-12-05 07:38:13+00:00,485.0,2.640000104904175
1998-12-05 07:43:15+00:00,487.0,2.630000114440918
1998-12-05 07:48:16+00:00,481.0,2.390000104904175
1998-12-05 07:53:20+00:00,482.0,2.3299999237060547
1998-12-05 07:58:22+00:00,482.0,2.3399999141693115
1998-12-05 08:03:23+00:00,485.0,2.5899999141693115
1998-12-05 08:08:25+00:00,485.0,2.890000104904175
1998-12-05 08:13:28+00:00,487.0,2.9000000953674316
1998-12-05 08:18:30+00:00,488.0,2.9600000381469727
1998-12-05 08:23:34+00:00,486.0,3.1500000953674316
1998-12-05 08:28:33+00:00,487.0,3.240000009536743
1998-12-05 08:33:37+00:00,485.0,2.6700000762939453
1998-12-05 08:38:38+00:00,487.0,2.640000104904175
1998-12-05 08:43:40+00:00,489.0,2.9100000858306885
1998-12-05 08:48:44+00:00,486.0,2.7899999618530273
1998-12-05 08:53:47+00:00,481.0,2.2699999809265137
1998-12-05 08:58:47+00:00,479.0,1.7100000381469727
1998-12-05 09:03:50+00:00,486.0,1.4299999475479126
1998-12-05 09:08:52+00:00,487.0,2.630000114440918
1998-12-05 09:13:54+00:00,500.0,2.0999999046325684
1998-12-05 09:18:57+00:00,478.0,2.240000009536743
1998-12-05 09:24:01+00:00,477.0,2.319999933242798
1998-12-05 09:29:01+00:00,487.0,2.2899999618530273
1998-12-05 09:34:02+00:00,497.0,2.630000114440918
1998-12-05 09:39:06+00:00,491.0,2.7100000381469727
1998-12-05 09:44:07+00:00,480.0,2.200000047683716
1998-12-05 09:49:09+00:00,486.0,2.309999942779541
1998-12-05 09:54:14+00:00,498.0,2.369999885559082
1998-12-05 09:59:14+00:00,496.0,2.8399999141693115
1998-12-05 10:04:16+00:00,493.0,2.609999895095825
1998-12-05 10:09:19+00:00,497.0,2.0399999618530273
1998-12-05 10:14:21+00:00,493.0,2.299999952316284
1998-12-05 10:19:22+00:00,492.0,2.4200000762939453
1998-12-05 10:24:24+00:00,504.0,2.4000000953674316
1998-12-05 10:29:28+00:00,504.0,2.299999952316284
1998-12-05 10:34:29+00:00,525.0,2.119999885559082
1998-12-05 10:39:31+00:00,500.0,1.940000057220459
1998-12-05 10:44:34+00:00,496.0,2.109999895095825
1998-12-05 10:49:36+00:00,509.0,2.200000047683716
1998-12-05 10:54:38+00:00,498.0,2.3299999237060547
1998-12-05 10:59:41+00:00,514.0,1.9199999570846558
1998-12-05 11:04:43+00:00,521.0,1.7000000476837158
1998-12-05 11:09:44+00:00,498.0,2.450000047683716
1998-12-05 11:14:46+00:00,508.0,1.7799999713897705
1998-12-05 11:19:49+00:00,515.0,1.7200000286102295
1998-12-05 11:24:51+00:00,498.0,2.0299999713897705
1998-12-05 11:29:55+00:00,482.0,2.2200000286102295
1998-12-05 11:34:55+00:00,492.0,1.940000057220459
1998-12-05 11:39:58+00:00,479.0,2.5
1998-12-05 11:45:00+00:00,487.0,2.5899999141693115
1998-12-05 11:50:03+00:00,485.0,2.4800000190734863
1998-12-05 11:55:05+00:00,485.0,2.309999942779541
1998-12-05 12:00:08+00:00,480.0,2.3299999237060547
1998-12-05 12:05:08+00:00,479.0,2.240000009536743
1998-12-05 12:10:11+00:00,480.0,2.3499999046325684
1998-12-05 12:15:13+00:00,480.0,2.359999895095825
1998-12-05 12:20:15+00:00,511.0,2.5299999713897705
1998-12-05 12:25:18+00:00,504.0,2.6500000953674316
1998-12-05 12:30:22+00:00,497.0,2.559999942779541
1998-12-05 12:35:22+00:00,495.0,2.640000104904175
1998-12-05 12:40:25+00:00,500.0,2.75
1998-12-05 12:45:27+00:00,489.0,2.4200000762939453
1998-12-05 12:50:28+00:00,479.0,2.2799999713897705
1998-12-05 12:55:30+00:00,481.0,2.369999885559082
1998-12-05 13:00:36+00:00,487.0,2.700000047683716
1998-12-05 13:05:35+00:00,493.0,3.0199999809265137
1998-12-05 13:10:37+00:00,493.0,2.7300000190734863
1998-12-05 13:15:40+00:00,501.0,2.7100000381469727
1998-12-05 13:20:42+00:00,516.0,2.7300000190734863
1998-12-05 13:25:44+00:00,492.0,2.6600000858306885
1998-12-05 13:30:49+00:00,488.0,2.640000104904175
1998-12-05 13:35:49+00:00,488.0,2.7200000286102295
1998-12-05 13:40:50+00:00,496.0,2.809999942779541
1998-12-05 13:45:52+00:00,488.0,2.7300000190734863
1998-12-05 13:50:55+00:00,486.0,2.7699999809265137
1998-12-05 13:55:57+00:00,501.0,3.0799999237060547
1998-12-05 14:00:59+00:00,493.0,2.6700000762939453
1998-12-05 14:06:03+00:00,479.0,2.2699999809265137
1998-12-05 14:11:04+00:00,479.0,1.850000023841858
1998-12-05 14:16:06+00:00,484.0,2.0899999141693115
1998-12-05 14:21:09+00:00,506.0,1.6399999856948853
1998-12-05 14:26:11+00:00,513.0,1.3899999856948853
1998-12-05 14:31:12+00:00,494.0,1.5800000429153442
1998-12-05 14:36:16+00:00,481.0,1.840000033378601
1998-12-05 14:41:17+00:00,487.0,1.6699999570846558
1998-12-05 14:46:19+00:00,495.0,2.309999942779541
1998-12-05 14:51:21+00:00,489.0,1.8200000524520874
1998-12-05 14:56:24+00:00,496.0,1.5499999523162842
1998-12-05 15:01:26+00:00,482.0,1.7100000381469727
1998-12-05 15:06:30+00:00,465.0,2.0799999237060547
1998-12-05 15:11:29+00:00,465.0,1.9600000381469727
1998-12-05 15:16:33+00:00,478.0,1.9700000286102295
1998-12-05 15:21:34+00:00,493.0,2.450000047683716
1998-12-05 15:26:36+00:00,498.0,2.5799999237060547
1998-12-05 15:31:39+00:00,497.0,2.4700000286102295
1998-12-05 15:36:43+00:00,497.0,2.619999885559082
1998-12-05 15:41:43+00:00,504.0,2.700000047683716
1998-12-05 15:46:46+00:00,507.0,2.7100000381469727
1998-12-05 15:51:48+00:00,504.0,2.680000066757202
1998-12-05 15:56:50+00:00,496.0,2.5799999237060547
1998-12-05 16:01:53+00:00,499.0,2.5399999618530273
1998-12-05 16:06:57+00:00,492.0,2.700000047683716
1998-12-05 16:11:57+00:00,496.0,2.5999999046325684
1998-12-05 16:16:58+00:00,485.0,2.509999990463257
1998-12-05 16:22:01+00:00,478.0,1.7899999618530273
1998-12-05 16:27:03+00:00,478.0,2.140000104904175
1998-12-05 16:32:05+00:00,481.0,2.259999990463257
1998-12-05 16:37:10+00:00,477.0,2.069999933242798
1998-12-05 16:42:10+00:00,476.0,2.119999885559082
1998-12-05 16:47:12+00:00,480.0,2.380000114440918
1998-12-05 16:52:15+00:00,484.0,2.5199999809265137
1998-12-05 16:57:17+00:00,488.0,2.619999885559082
1998-12-05 17:02:18+00:00,488.0,2.569999933242798
1998-12-05 17:07:20+00:00,487.0,2.140000104904175
1998-12-05 17:12:24+00:00,499.0,1.399999976158142
1998-12-05 17:17:25+00:00,478.0,2.3499999046325684
1998-12-05 17:22:27+00:00,475.0,2.25
1998-12-05 17:27:30+00:00,478.0,2.359999895095825
1998-12-05 17:32:32+00:00,492.0,2.569999933242798
1998-12-05 17:37:34+00:00,488.0,2.7200000286102295
1998-12-05 17:42:37+00:00,479.0,2.119999885559082
1998-12-05 17:47:39+00:00,476.0,1.7200000286102295
1998-12-05 17:52:40+00:00,504.0,2.5
1998-12-05 17:57:42+00:00,494.0,2.6600000858306885
1998-12-05 18:02:45+00:00,492.0,2.7899999618530273
1998-12-05 18:07:47+00:00,489.0,2.7899999618530273
1998-12-05 18:12:51+00:00,487.0,2.6700000762939453
1998-12-05 18:17:52+00:00,496.0,2.799999952316284
1998-12-05 18:22:54+00:00,490.0,2.930000066757202
1998-12-05 18:27:56+00:00,488.0,2.809999942779541
1998-12-05 18:32:59+00:00,487.0,2.7300000190734863
1998-12-05 18:38:01+00:00,484.0,2.5999999046325684
1998-12-05 18:43:04+00:00,484.0,2.609999895095825
1998-12-05 18:48:04+00:00,484.0,2.75
1998-12-05 18:53:07+00:00,481.0,2.6700000762939453
1998-12-05 18:58:09+00:00,479.0,2.549999952316284
1998-12-05 19:03:11+00:00,483.0,2.630000114440918
1998-12-05 19:08:14+00:00,479.0,2.6700000762939453
1998-12-05 19:13:18+00:00,479.0,2.5199999809265137
1998-12-05 19:18:18+00:00,478.0,2.440000057220459
1998-12-05 19:23:21+00:00,477.0,2.200000047683716
1998-12-05 19:28:23+00:00,480.0,2.25
1998-12-05 19:33:24+00:00,488.0,2.7100000381469727
1998-12-05 19:38:26+00:00,484.0,2.6500000953674316
1998-12-05 19:43:32+00:00,484.0,2.430000066757202
1998-12-05 19:48:31+00:00,481.0,2.4200000762939453
1998-12-05 19:53:33+00:00,484.0,2.319999933242798
1998-12-05 19:58:36+00:00,483.0,2.450000047683716
1998-12-05 20:03:38+00:00,489.0,2.740000009536743
1998-12-05 20:08:40+00:00,486.0,2.680000066757202
1998-12-05 20:13:45+00:00,486.0,2.569999933242798
1998-12-05 20:18:45+00:00,487.0,2.609999895095825
1998-12-05 20:23:46+00:00,484.0,2.5
1998-12-05 20:28:48+00:00,481.0,2.3299999237060547
1998-12-05 20:33:51+00:00,482.0,2.119999885559082
1998-12-05 20:38:53+00:00,483.0,1.5499999523162842
1998-12-05 20:43:55+00:00,480.0,1.8600000143051147
1998-12-05 20:48:58+00:00,466.0,1.6299999952316284
1998-12-05 20:54:00+00:00,468.0,1.4199999570846558
1998-12-05 20:59:02+00:00,467.0,1.6299999952316284
1998-12-05 21:04:05+00:00,464.0,1.4900000095367432
1998-12-05 21:09:07+00:00,460.0,1.5
1998-12-05 21:14:08+00:00,469.0,1.4500000476837158
1998-12-05 21:19:12+00:00,462.0,1.4199999570846558
1998-12-05 21:24:13+00:00,459.0,1.399999976158142
1998-12-05 21:29:15+00:00,458.0,1.3799999952316284
1998-12-05 21:34:17+00:00,456.0,1.5
1998-12-05 21:39:20+00:00,453.0,1.4700000286102295
1998-12-05 21:44:22+00:00,453.0,1.440000057220459
1998-12-05 21:49:26+00:00,453.0,1.399999976158142
1998-12-05 21:54:25+00:00,449.0,1.4700000286102295
1998-12-05 21:59:29+00:00,446.0,1.5199999809265137
1998-12-05 22:04:30+00:00,452.0,1.399999976158142
1998-12-05 22:09:32+00:00,451.0,1.4600000381469727
1998-12-05 22:14:35+00:00,451.0,1.3899999856948853
1998-12-05 22:19:39+00:00,442.0,1.6200000047683716
1998-12-05 22:24:39+00:00,447.0,1.5499999523162842
1998-12-05 22:29:42+00:00,448.0,1.7100000381469727
1998-12-05 22:34:44+00:00,446.0,1.8200000524520874
1998-12-05 22:39:45+00:00,446.0,1.9199999570846558
1998-12-05 22:44:49+00:00,447.0,1.909999966621399
1998-12-05 22:49:53+00:00,444.0,1.9800000190734863
1998-12-05 22:54:53+00:00,438.0,1.8799999952316284
1998-12-05 22:59:54+00:00,441.0,1.940000057220459
1998-12-05 23:04:57+00:00,439.0,1.850000023841858
1998-12-05 23:09:59+00:00,432.0,1.899999976158142
1998-12-05 23:15:01+00:00,428.0,1.9900000095367432
1998-12-05 23:20:06+00:00,430.0,1.8200000524520874
1998-12-05 23:25:06+00:00,430.0,1.8300000429153442
1998-12-05 23:30:07+00:00,432.0,1.850000023841858
1998-12-05 23:35:11+00:00,429.0,1.9299999475479126
1998-12-05 23:40:13+00:00,436.0,1.940000057220459
1998-12-05 23:45:14+00:00,433.0,2.0399999618530273
1998-12-05 23:50:16+00:00,425.0,2.119999885559082
1998-12-05 23:55:20+00:00,428.0,2.119999885559082
1998-12-06 00:00:06+00:00,426.0,2.1600000858306885
1998-12-06 00:04:53+00:00,421.0,2.309999942779541
1998-12-06 00:09:54+00:00,418.0,2.299999952316284
1998-12-06 00:14:58+00:00,420.0,2.200000047683716
1998-12-06 00:20:00+00:00,424.0,2.2799999713897705
1998-12-06 00:25:03+00:00,416.0,2.259999990463257
1998-12-06 00:30:05+00:00,417.0,2.2300000190734863
1998-12-06 00:35:06+00:00,414.0,2.25
1998-12-06 00:40:08+00:00,415.0,2.4000000953674316
1998-12-06 00:45:11+00:00,421.0,2.4800000190734863
1998-12-06 00:50:13+00:00,418.0,2.4600000381469727
1998-12-06 00:55:17+00:00,416.0,2.4100000858306885
1998-12-06 01:00:17+00:00,413.0,2.4200000762939453
1998-12-06 01:05:20+00:00,413.0,2.440000057220459
1998-12-06 01:10:22+00:00,412.0,2.369999885559082
1998-12-06 01:15:25+00:00,414.0,2.309999942779541
1998-12-06 01:20:27+00:00,442.0,2.5199999809265137
1998-12-06 01:25:30+00:00,461.0,2.619999885559082
1998-12-06 01:30:30+00:00,440.0,2.819999933242798
1998-12-06 01:35:33+00:00,430.0,2.690000057220459
1998-12-06 01:40:35+00:00,423.0,2.5899999141693115
1998-12-06 01:45:37+00:00,426.0,2.6500000953674316
1998-12-06 01:50:38+00:00,426.0,2.549999952316284
1998-12-06 01:55:44+00:00,430.0,2.240000009536743
1998-12-06 02:00:44+00:00,423.0,2.4000000953674316
1998-12-06 02:05:45+00:00,423.0,2.309999942779541
1998-12-06 02:10:49+00:00,430.0,2.1500000953674316
1998-12-06 02:15:50+00:00,434.0,2.1700000762939453
1998-12-06 02:20:52+00:00,434.0,2.1700000762939453
1998-12-06 02:25:58+00:00,439.0,2.2799999713897705
1998-12-06 02:30:57+00:00,437.0,2.359999895095825
1998-12-06 02:35:59+00:00,433.0,2.319999933242798
1998-12-06 02:41:02+00:00,417.0,2.369999885559082
1998-12-06 02:46:04+00:00,409.0,2.4700000286102295
1998-12-06 02:51:06+00:00,408.0,2.4000000953674316
1998-12-06 02:56:11+00:00,414.0,2.3399999141693115
1998-12-06 03:01:11+00:00,412.0,2.4100000858306885
1998-12-06 03:06:12+00:00,406.0,2.390000104904175
1998-12-06 03:11:14+00:00,408.0,2.319999933242798
1998-12-06 03:16:17+00:00,406.0,2.319999933242798
1998-12-06 03:21:19+00:00,405.0,2.3499999046325684
1998-12-06 03:26:21+00:00,403.0,2.390000104904175
1998-12-06 03:31:25+00:00,404.0,2.380000114440918
1998-12-06 03:36:26+00:00,406.0,2.2699999809265137
1998-12-06 03:41:28+00:00,407.0,2.380000114440918
1998-12-06 03:46:29+00:00,409.0,2.369999885559082
1998-12-06 03:51:33+00:00,419.0,1.9600000381469727
1998-12-06 03:56:34+00:00,412.0,2.0199999809265137
1998-12-06 04:01:39+00:00,402.0,2.2799999713897705
1998-12-06 04:06:38+00:00,424.0,2.4200000762939453
1998-12-06 04:11:42+00:00,448.0,2.1500000953674316
1998-12-06 04:16:43+00:00,456.0,2.2100000381469727
1998-12-06 04:21:47+00:00,432.0,2.200000047683716
1998-12-06 04:26:48+00:00,429.0,2.259999990463257
1998-12-06 04:31:52+00:00,419.0,2.369999885559082
1998-12-06 04:36:52+00:00,408.0,2.4700000286102295
1998-12-06 04:41:55+00:00,400.0,2.559999942779541
1998-12-06 04:46:57+00:00,398.0,2.5999999046325684
1998-12-06 04:51:58+00:00,398.0,2.309999942779541
1998-12-06 04:57:02+00:00,402.0,2.2200000286102295
1998-12-06 05:02:06+00:00,401.0,2.440000057220459
1998-12-06 05:07:05+00:00,425.0,2.0399999618530273
1998-12-06 05:12:07+00:00,425.0,2.259999990463257
1998-12-06 05:17:10+00:00,422.0,2.319999933242798
1998-12-06 05:22:12+00:00,411.0,2.559999942779541
1998-12-06 05:27:14+00:00,407.0,2.7300000190734863
1998-12-06 05:32:19+00:00,407.0,2.7100000381469727
1998-12-06 05:37:19+00:00,410.0,2.7899999618530273
1998-12-06 05:42:20+00:00,411.0,2.680000066757202
1998-12-06 05:47:24+00:00,422.0,2.5999999046325684
1998-12-06 05:52:26+00:00,414.0,2.7100000381469727
1998-12-06 05:57:27+00:00,413.0,2.8299999237060547
1998-12-06 06:02:33+00:00,410.0,2.809999942779541
1998-12-06 06:07:33+00:00,409.0,2.7799999713897705
1998-12-06 06:12:34+00:00,410.0,2.819999933242798
1998-12-06 06:17:37+00:00,404.0,2.7799999713897705
1998-12-06 06:22:39+00:00,409.0,2.690000057220459
1998-12-06 06:27:41+00:00,412.0,2.6700000762939453
1998-12-06 06:32:42+00:00,413.0,2.5399999618530273
1998-12-06 06:37:46+00:00,419.0,2.9200000762939453
1998-12-06 06:42:48+00:00,405.0,2.7100000381469727
1998-12-06 06:47:49+00:00,402.0,2.7300000190734863
1998-12-06 06:52:51+00:00,407.0,2.4600000381469727
1998-12-06 06:57:54+00:00,398.0,2.569999933242798
1998-12-06 07:02:56+00:00,400.0,2.819999933242798
1998-12-06 07:08:00+00:00,405.0,3.0299999713897705
1998-12-06 07:13:01+00:00,414.0,2.9000000953674316
1998-12-06 07:18:03+00:00,403.0,2.990000009536743
1998-12-06 07:23:04+00:00,414.0,2.950000047683716
1998-12-06 07:28:08+00:00,402.0,3.0299999713897705
1998-12-06 07:33:10+00:00,404.0,2.9000000953674316
1998-12-06 07:38:13+00:00,419.0,2.8299999237060547
1998-12-06 07:43:13+00:00,409.0,2.5299999713897705
1998-12-06 07:48:16+00:00,426.0,2.440000057220459
1998-12-06 07:53:18+00:00,439.0,2.8499999046325684
1998-12-06 07:58:21+00:00,430.0,3.009999990463257
1998-12-06 08:03:23+00:00,430.0,3.059999942779541
1998-12-06 08:08:27+00:00,426.0,3.069999933242798
1998-12-06 08:13:27+00:00,440.0,2.940000057220459
1998-12-06 08:18:30+00:00,427.0,3.0399999618530273
1998-12-06 08:23:32+00:00,424.0,3.0
1998-12-06 08:28:33+00:00,411.0,2.940000057220459
1998-12-06 08:33:37+00:00,414.0,2.799999952316284
1998-12-06 08:38:40+00:00,423.0,2.559999942779541
1998-12-06 08:43:40+00:00,431.0,3.0
1998-12-06 08:48:42+00:00,417.0,3.140000104904175
1998-12-06 08:53:45+00:00,435.0,2.8499999046325684
1998-12-06 08:58:47+00:00,432.0,3.1500000953674316
1998-12-06 09:03:48+00:00,434.0,2.6600000858306885
1998-12-06 09:08:54+00:00,416.0,2.75
1998-12-06 09:13:54+00:00,425.0,3.069999933242798
1998-12-06 09:18:55+00:00,438.0,3.0799999237060547
1998-12-06 09:23:59+00:00,436.0,2.9600000381469727
1998-12-06 09:29:00+00:00,417.0,2.9000000953674316
1998-12-06 09:34:02+00:00,440.0,2.809999942779541
1998-12-06 09:39:04+00:00,439.0,2.890000104904175
1998-12-06 09:44:07+00:00,432.0,2.9200000762939453
1998-12-06 09:49:09+00:00,417.0,2.950000047683716
1998-12-06 09:54:10+00:00,432.0,2.869999885559082
1998-12-06 09:59:14+00:00,450.0,2.5999999046325684
1998-12-06 10:04:16+00:00,467.0,2.809999942779541
1998-12-06 10:09:17+00:00,456.0,2.7799999713897705
1998-12-06 10:14:21+00:00,466.0,2.890000104904175
1998-12-06 10:19:22+00:00,446.0,2.5399999618530273
1998-12-06 10:24:24+00:00,419.0,2.819999933242798
1998-12-06 10:29:26+00:00,402.0,3.049999952316284
1998-12-06 10:34:29+00:00,417.0,2.880000114440918
1998-12-06 10:39:31+00:00,499.0,2.759999990463257
1998-12-06 10:44:35+00:00,435.0,2.630000114440918
1998-12-06 10:49:34+00:00,438.0,2.5299999713897705
1998-12-06 10:54:38+00:00,441.0,2.609999895095825
1998-12-06 10:59:39+00:00,440.0,2.5399999618530273
1998-12-06 11:04:43+00:00,448.0,2.369999885559082
1998-12-06 11:09:44+00:00,460.0,2.490000009536743
1998-12-06 11:14:48+00:00,451.0,2.619999885559082
1998-12-06 11:19:48+00:00,472.0,3.049999952316284
1998-12-06 11:24:51+00:00,436.0,2.609999895095825
1998-12-06 11:29:53+00:00,439.0,2.6700000762939453
1998-12-06 11:34:54+00:00,447.0,2.759999990463257
1998-12-06 11:39:58+00:00,462.0,2.559999942779541
1998-12-06 11:45:02+00:00,478.0,2.9600000381469727
1998-12-06 11:50:01+00:00,478.0,3.190000057220459
1998-12-06 11:55:05+00:00,483.0,3.3499999046325684
1998-12-06 12:00:06+00:00,476.0,3.009999990463257
1998-12-06 12:05:08+00:00,418.0,2.6500000953674316
1998-12-06 12:10:10+00:00,419.0,2.3499999046325684
1998-12-06 12:15:15+00:00,426.0,2.3499999046325684
1998-12-06 12:20:15+00:00,448.0,2.2699999809265137
1998-12-06 12:25:16+00:00,436.0,2.3299999237060547
1998-12-06 12:30:20+00:00,433.0,2.4800000190734863
1998-12-06 12:35:21+00:00,413.0,2.5899999141693115
1998-12-06 12:40:23+00:00,407.0,2.6600000858306885
1998-12-06 12:45:29+00:00,414.0,2.549999952316284
1998-12-06 12:50:29+00:00,434.0,2.4200000762939453
1998-12-06 12:55:30+00:00,430.0,2.549999952316284
1998-12-06 13:00:32+00:00,456.0,2.609999895095825
1998-12-06 13:05:35+00:00,456.0,2.630000114440918
1998-12-06 13:10:37+00:00,459.0,2.4800000190734863
1998-12-06 13:15:38+00:00,444.0,2.7200000286102295
1998-12-06 13:21:12+00:00,458.0,2.700000047683716
1998-12-06 13:26:13+00:00,404.0,2.8299999237060547
1998-12-06 13:31:15+00:00,405.0,2.880000114440918
1998-12-06 13:36:19+00:00,415.0,2.5899999141693115
1998-12-06 13:41:20+00:00,419.0,2.4700000286102295
1998-12-06 13:46:22+00:00,410.0,2.7100000381469727
1998-12-06 13:51:26+00:00,402.0,2.859999895095825
1998-12-06 13:56:27+00:00,410.0,2.809999942779541
1998-12-06 14:01:29+00:00,417.0,2.640000104904175
1998-12-06 14:06:32+00:00,431.0,2.569999933242798
1998-12-06 14:11:34+00:00,415.0,2.5399999618530273
1998-12-06 14:16:35+00:00,430.0,2.490000009536743
1998-12-06 14:21:39+00:00,440.0,2.4700000286102295
1998-12-06 14:26:41+00:00,438.0,2.549999952316284
1998-12-06 14:31:42+00:00,434.0,2.5199999809265137
1998-12-06 14:36:44+00:00,415.0,2.5299999713897705
1998-12-06 14:41:47+00:00,443.0,2.869999885559082
1998-12-06 14:46:49+00:00,470.0,2.799999952316284
1998-12-06 14:51:53+00:00,466.0,2.6500000953674316
1998-12-06 14:56:53+00:00,465.0,2.680000066757202
1998-12-06 15:01:56+00:00,459.0,2.549999952316284
1998-12-06 15:06:57+00:00,456.0,2.5899999141693115
1998-12-06 15:11:59+00:00,452.0,2.4800000190734863
1998-12-06 15:17:03+00:00,449.0,2.559999942779541
1998-12-06 15:22:06+00:00,438.0,2.490000009536743
1998-12-06 15:27:06+00:00,433.0,2.5
1998-12-06 15:32:09+00:00,450.0,2.859999895095825
1998-12-06 15:37:11+00:00,440.0,2.5399999618530273
1998-12-06 15:42:13+00:00,427.0,2.4700000286102295
1998-12-06 15:47:16+00:00,439.0,2.4100000858306885
1998-12-06 15:52:20+00:00,443.0,2.4700000286102295
1998-12-06 15:57:20+00:00,443.0,2.5
1998-12-06 16:02:21+00:00,445.0,2.5799999237060547
1998-12-06 16:07:25+00:00,437.0,2.5199999809265137
1998-12-06 16:12:26+00:00,428.0,2.4800000190734863
1998-12-06 16:17:28+00:00,439.0,2.4600000381469727
1998-12-06 16:22:34+00:00,436.0,2.490000009536743
1998-12-06 16:27:33+00:00,427.0,2.430000066757202
1998-12-06 16:32:35+00:00,427.0,2.4700000286102295
1998-12-06 16:37:36+00:00,423.0,2.5199999809265137
1998-12-06 16:42:40+00:00,420.0,2.5
1998-12-06 16:47:41+00:00,424.0,2.450000047683716
1998-12-06 16:52:43+00:00,415.0,2.440000057220459
1998-12-06 16:57:47+00:00,438.0,2.7300000190734863
1998-12-06 17:02:48+00:00,448.0,2.740000009536743
1998-12-06 17:07:50+00:00,444.0,2.569999933242798
1998-12-06 17:12:53+00:00,426.0,2.619999885559082
1998-12-06 17:17:55+00:00,429.0,2.5199999809265137
1998-12-06 17:22:57+00:00,443.0,2.4600000381469727
1998-12-06 17:28:00+00:00,451.0,2.5899999141693115
1998-12-06 17:33:02+00:00,460.0,2.5999999046325684
1998-12-06 17:38:03+00:00,416.0,2.6700000762939453
1998-12-06 17:43:05+00:00,416.0,2.5899999141693115
1998-12-06 17:48:09+00:00,419.0,2.690000057220459
1998-12-06 17:53:10+00:00,444.0,2.069999933242798
1998-12-06 17:58:14+00:00,470.0,2.9700000286102295
1998-12-06 18:03:14+00:00,462.0,2.880000114440918
1998-12-06 18:08:17+00:00,474.0,3.059999942779541
1998-12-06 18:13:19+00:00,464.0,2.9800000190734863
1998-12-06 18:18:20+00:00,438.0,2.809999942779541
1998-12-06 18:23:24+00:00,435.0,2.9800000190734863
1998-12-06 18:28:28+00:00,452.0,2.880000114440918
1998-12-06 18:33:27+00:00,454.0,2.819999933242798
1998-12-06 18:38:31+00:00,426.0,2.9200000762939453
1998-12-06 18:43:32+00:00,433.0,2.759999990463257
1998-12-06 18:48:34+00:00,410.0,2.869999885559082
1998-12-06 18:53:37+00:00,428.0,2.740000009536743
1998-12-06 18:58:41+00:00,436.0,2.569999933242798
1998-12-06 19:03:41+00:00,437.0,2.5999999046325684
1998-12-06 19:08:42+00:00,425.0,2.5999999046325684
1998-12-06 19:13:46+00:00,438.0,2.5399999618530273
1998-12-06 19:18:47+00:00,438.0,2.700000047683716
1998-12-06 19:23:49+00:00,452.0,2.8399999141693115
1998-12-06 19:28:55+00:00,452.0,2.7100000381469727
1998-12-06 19:33:55+00:00,439.0,2.690000057220459
1998-12-06 19:38:56+00:00,445.0,2.640000104904175
1998-12-06 19:43:59+00:00,466.0,2.7100000381469727
1998-12-06 19:49:01+00:00,473.0,2.8499999046325684
1998-12-06 19:54:03+00:00,473.0,2.799999952316284
1998-12-06 19:59:04+00:00,438.0,2.5799999237060547
1998-12-06 20:04:08+00:00,457.0,2.7100000381469727
1998-12-06 20:09:09+00:00,423.0,2.75
1998-12-06 20:14:11+00:00,433.0,2.5199999809265137
1998-12-06 20:19:15+00:00,416.0,2.509999990463257
1998-12-06 20:24:16+00:00,444.0,2.440000057220459
1998-12-06 20:29:18+00:00,454.0,2.3399999141693115
1998-12-06 20:34:22+00:00,451.0,1.9199999570846558
1998-12-06 20:39:23+00:00,446.0,2.7100000381469727
1998-12-06 20:44:25+00:00,452.0,2.630000114440918
1998-12-06 20:49:26+00:00,447.0,2.9600000381469727
1998-12-06 20:54:30+00:00,452.0,2.9700000286102295
1998-12-06 20:59:31+00:00,432.0,3.509999990463257
1998-12-06 21:04:35+00:00,432.0,3.1600000858306885
1998-12-06 21:09:37+00:00,429.0,3.0
1998-12-06 21:14:38+00:00,422.0,3.0199999809265137
1998-12-06 21:19:40+00:00,414.0,3.180000066757202
1998-12-06 21:24:43+00:00,411.0,3.2899999618530273
1998-12-06 21:29:45+00:00,421.0,3.190000057220459
1998-12-06 21:34:49+00:00,435.0,3.4100000858306885
1998-12-06 21:39:49+00:00,434.0,3.319999933242798
1998-12-06 21:44:52+00:00,398.0,2.5999999046325684
1998-12-06 21:49:53+00:00,417.0,2.990000009536743
1998-12-06 21:54:55+00:00,414.0,3.3499999046325684
1998-12-06 21:59:59+00:00,412.0,3.2899999618530273
1998-12-06 22:05:02+00:00,407.0,3.3299999237060547
1998-12-06 22:10:02+00:00,429.0,3.0899999141693115
1998-12-06 22:15:05+00:00,410.0,3.25
1998-12-06 22:20:07+00:00,412.0,3.3299999237060547
1998-12-06 22:25:09+00:00,406.0,3.5299999713897705
1998-12-06 22:30:42+00:00,395.0,2.9600000381469727
1998-12-06 22:36:16+00:00,396.0,2.619999885559082
1998-12-06 22:41:46+00:00,403.0,2.740000009536743
1998-12-06 22:46:49+00:00,421.0,2.5
1998-12-06 22:51:51+00:00,447.0,2.3499999046325684
1998-12-06 22:56:52+00:00,464.0,2.5299999713897705
1998-12-06 23:01:56+00:00,472.0,2.809999942779541
1998-12-06 23:06:59+00:00,424.0,2.75
1998-12-06 23:11:59+00:00,426.0,2.8499999046325684
1998-12-06 23:17:02+00:00,419.0,2.559999942779541
1998-12-06 23:22:04+00:00,418.0,2.4100000858306885
1998-12-06 23:27:06+00:00,444.0,2.9100000858306885
1998-12-06 23:32:09+00:00,442.0,3.119999885559082
1998-12-06 23:37:13+00:00,442.0,3.3299999237060547
1998-12-06 23:42:13+00:00,443.0,3.0799999237060547
1998-12-06 23:47:14+00:00,441.0,3.069999933242798
1998-12-06 23:52:18+00:00,440.0,3.130000114440918
1998-12-06 23:57:19+00:00,438.0,3.109999895095825
1998-12-07 00:00:06+00:00,438.0,2.880000114440918
1998-12-07 00:04:53+00:00,451.0,2.8499999046325684
1998-12-07 00:09:56+00:00,458.0,3.0299999713897705
1998-12-07 00:14:56+00:00,460.0,3.059999942779541
1998-12-07 00:19:59+00:00,460.0,3.009999990463257
1998-12-07 00:25:01+00:00,464.0,3.2200000286102295
1998-12-07 00:30:03+00:00,464.0,3.25
1998-12-07 00:35:06+00:00,461.0,3.4600000381469727
1998-12-07 00:40:10+00:00,463.0,3.259999990463257
1998-12-07 00:45:10+00:00,464.0,3.2100000381469727
1998-12-07 00:50:13+00:00,466.0,3.4100000858306885
1998-12-07 00:55:15+00:00,467.0,3.3399999141693115
1998-12-07 01:00:16+00:00,471.0,3.3499999046325684
1998-12-07 01:05:20+00:00,469.0,3.3299999237060547
1998-12-07 01:10:24+00:00,470.0,3.5899999141693115
1998-12-07 01:15:23+00:00,474.0,3.950000047683716
1998-12-07 01:20:25+00:00,475.0,3.869999885559082
1998-12-07 01:25:28+00:00,472.0,3.869999885559082
1998-12-07 01:30:30+00:00,472.0,4.079999923706055
1998-12-07 01:35:32+00:00,474.0,3.9000000953674316
1998-12-07 01:40:37+00:00,474.0,3.8499999046325684
1998-12-07 01:45:37+00:00,474.0,4.170000076293945
1998-12-07 01:50:38+00:00,474.0,4.070000171661377
1998-12-07 01:55:42+00:00,475.0,3.950000047683716
1998-12-07 02:00:43+00:00,475.0,4.039999961853027
1998-12-07 02:05:45+00:00,477.0,3.7899999618530273
1998-12-07 02:10:47+00:00,475.0,3.5199999809265137
1998-12-07 02:15:51+00:00,474.0,3.809999942779541
1998-12-07 02:20:52+00:00,475.0,4.110000133514404
1998-12-07 02:25:54+00:00,475.0,3.380000114440918
1998-12-07 02:30:57+00:00,475.0,3.7200000286102295
1998-12-07 02:35:59+00:00,477.0,3.8399999141693115
1998-12-07 02:41:00+00:00,480.0,3.4100000858306885
1998-12-07 02:46:04+00:00,479.0,3.75
1998-12-07 02:51:05+00:00,467.0,3.75
1998-12-07 02:56:07+00:00,468.0,3.6700000762939453
1998-12-07 03:01:09+00:00,466.0,3.2899999618530273
1998-12-07 03:06:12+00:00,464.0,3.1500000953674316
1998-12-07 03:11:14+00:00,463.0,3.0999999046325684
1998-12-07 03:16:18+00:00,456.0,3.069999933242798
1998-12-07 03:21:17+00:00,452.0,3.0999999046325684
1998-12-07 03:26:21+00:00,464.0,3.0799999237060547
1998-12-07 03:31:22+00:00,463.0,3.240000009536743
1998-12-07 03:36:26+00:00,457.0,2.940000057220459
1998-12-07 03:41:27+00:00,452.0,2.930000066757202
1998-12-07 03:46:31+00:00,457.0,3.3499999046325684
1998-12-07 03:51:31+00:00,451.0,3.299999952316284
1998-12-07 03:56:34+00:00,442.0,3.450000047683716
1998-12-07 04:01:36+00:00,448.0,3.2799999713897705
1998-12-07 04:06:38+00:00,451.0,2.75
1998-12-07 04:11:41+00:00,445.0,2.5999999046325684
1998-12-07 04:16:45+00:00,441.0,2.549999952316284
1998-12-07 04:21:45+00:00,441.0,2.5199999809265137
1998-12-07 04:26:48+00:00,440.0,2.5299999713897705
1998-12-07 04:31:50+00:00,444.0,2.619999885559082
1998-12-07 04:36:52+00:00,442.0,2.7300000190734863
1998-12-07 04:41:53+00:00,441.0,3.180000066757202
1998-12-07 04:46:59+00:00,437.0,2.990000009536743
1998-12-07 04:51:59+00:00,437.0,2.880000114440918
1998-12-07 04:57:00+00:00,434.0,3.140000104904175
1998-12-07 05:02:03+00:00,431.0,2.9800000190734863
1998-12-07 05:07:05+00:00,427.0,2.819999933242798
1998-12-07 05:12:07+00:00,428.0,2.7100000381469727
1998-12-07 05:17:12+00:00,435.0,2.6700000762939453
1998-12-07 05:22:12+00:00,437.0,2.6600000858306885
1998-12-07 05:27:13+00:00,433.0,2.5799999237060547
1998-12-07 05:32:15+00:00,427.0,2.7100000381469727
1998-12-07 05:37:19+00:00,430.0,2.799999952316284
1998-12-07 05:42:20+00:00,431.0,2.930000066757202
1998-12-07 05:47:22+00:00,429.0,3.109999895095825
1998-12-07 05:52:26+00:00,431.0,3.2100000381469727
1998-12-07 05:57:27+00:00,428.0,3.369999885559082
1998-12-07 06:02:29+00:00,428.0,3.4000000953674316
1998-12-07 06:07:32+00:00,421.0,3.2799999713897705
1998-12-07 06:12:34+00:00,424.0,3.430000066757202
1998-12-07 06:17:35+00:00,419.0,3.2899999618530273
1998-12-07 06:22:39+00:00,421.0,3.2100000381469727
1998-12-07 06:27:41+00:00,420.0,2.990000009536743
1998-12-07 06:32:42+00:00,416.0,3.190000057220459
1998-12-07 06:37:44+00:00,415.0,3.299999952316284
1998-12-07 06:42:47+00:00,416.0,3.2699999809265137
1998-12-07 06:47:49+00:00,417.0,3.430000066757202
1998-12-07 06:52:53+00:00,417.0,3.4800000190734863
1998-12-07 06:57:53+00:00,417.0,3.75
1998-12-07 07:02:56+00:00,418.0,3.700000047683716
1998-12-07 07:07:57+00:00,421.0,3.7100000381469727
1998-12-07 07:13:01+00:00,423.0,3.5399999618530273
1998-12-07 07:18:03+00:00,420.0,3.4600000381469727
1998-12-07 07:23:06+00:00,420.0,3.2899999618530273
1998-12-07 07:28:06+00:00,419.0,3.390000104904175
1998-12-07 07:33:09+00:00,418.0,3.630000114440918
1998-12-07 07:38:11+00:00,416.0,3.819999933242798
1998-12-07 07:43:13+00:00,415.0,3.759999990463257
1998-12-07 07:48:16+00:00,416.0,3.5799999237060547
1998-12-07 07:53:20+00:00,416.0,3.4000000953674316
1998-12-07 07:58:20+00:00,413.0,3.490000009536743
1998-12-07 08:03:21+00:00,415.0,3.5199999809265137
1998-12-07 08:08:25+00:00,416.0,3.5399999618530273
1998-12-07 08:13:26+00:00,415.0,4.139999866485596
1998-12-07 08:18:28+00:00,412.0,4.320000171661377
1998-12-07 08:23:34+00:00,412.0,4.230000019073486
1998-12-07 08:28:33+00:00,412.0,4.599999904632568
1998-12-07 08:33:35+00:00,413.0,4.659999847412109
1998-12-07 08:38:38+00:00,411.0,4.409999847412109
1998-12-07 08:43:40+00:00,414.0,4.110000133514404
1998-12-07 08:48:41+00:00,422.0,4.059999942779541
1998-12-07 08:53:43+00:00,414.0,3.869999885559082
1998-12-07 08:58:47+00:00,408.0,3.8499999046325684
1998-12-07 09:03:48+00:00,398.0,3.740000009536743
1998-12-07 09:08:50+00:00,400.0,3.630000114440918
1998-12-07 09:13:53+00:00,398.0,3.7300000190734863
1998-12-07 09:18:55+00:00,396.0,3.7899999618530273
1998-12-07 09:23:57+00:00,400.0,3.819999933242798
1998-12-07 09:29:00+00:00,398.0,4.300000190734863
1998-12-07 09:34:02+00:00,398.0,4.269999980926514
1998-12-07 09:39:03+00:00,396.0,4.420000076293945
1998-12-07 09:44:05+00:00,396.0,4.349999904632568
1998-12-07 09:49:09+00:00,404.0,4.050000190734863
1998-12-07 09:54:10+00:00,407.0,3.869999885559082
1998-12-07 09:59:14+00:00,394.0,4.21999979019165
1998-12-07 10:04:15+00:00,390.0,4.309999942779541
1998-12-07 10:09:17+00:00,392.0,4.239999771118164
1998-12-07 10:14:19+00:00,391.0,4.190000057220459
1998-12-07 10:19:22+00:00,408.0,4.739999771118164
1998-12-07 10:24:24+00:00,404.0,4.760000228881836
1998-12-07 10:29:28+00:00,407.0,4.730000019073486
1998-12-07 10:34:27+00:00,400.0,4.440000057220459
1998-12-07 10:39:31+00:00,399.0,4.369999885559082
1998-12-07 10:44:32+00:00,397.0,4.440000057220459
1998-12-07 10:49:34+00:00,398.0,4.340000152587891
1998-12-07 10:54:37+00:00,397.0,4.489999771118164
1998-12-07 10:59:41+00:00,398.0,4.340000152587891
1998-12-07 11:04:41+00:00,396.0,4.699999809265137
1998-12-07 11:09:44+00:00,400.0,4.900000095367432
1998-12-07 11:14:46+00:00,400.0,5.300000190734863
1998-12-07 11:19:47+00:00,398.0,6.099999904632568
1998-12-07 11:24:49+00:00,395.0,6.360000133514404
1998-12-07 11:29:55+00:00,397.0,6.210000038146973
1998-12-07 11:34:55+00:00,394.0,6.130000114440918
1998-12-07 11:39:56+00:00,395.0,6.190000057220459
1998-12-07 11:44:59+00:00,398.0,5.909999847412109
1998-12-07 11:50:01+00:00,395.0,6.039999961853027
1998-12-07 11:55:03+00:00,396.0,6.090000152587891
1998-12-07 12:00:08+00:00,396.0,5.849999904632568
1998-12-07 12:05:08+00:00,396.0,5.849999904632568
1998-12-07 12:10:09+00:00,393.0,6.03000020980835
1998-12-07 12:15:13+00:00,394.0,6.239999771118164
1998-12-07 12:20:15+00:00,393.0,6.340000152587891
1998-12-07 12:25:16+00:00,393.0,6.800000190734863
1998-12-07 12:30:18+00:00,392.0,7.099999904632568
1998-12-07 12:35:22+00:00,389.0,6.920000076293945
1998-12-07 12:40:23+00:00,385.0,6.949999809265137
1998-12-07 12:45:25+00:00,382.0,7.25
1998-12-07 12:50:28+00:00,390.0,6.630000114440918
1998-12-07 12:55:30+00:00,391.0,7.960000038146973
1998-12-07 13:00:31+00:00,394.0,7.599999904632568
1998-12-07 13:05:35+00:00,387.0,6.670000076293945
1998-12-07 13:10:37+00:00,384.0,6.650000095367432
1998-12-07 13:15:38+00:00,382.0,7.25
1998-12-07 13:20:40+00:00,383.0,8.140000343322754
1998-12-07 13:25:43+00:00,393.0,9.40999984741211
1998-12-07 13:30:45+00:00,394.0,9.710000038146973
1998-12-07 13:35:49+00:00,394.0,8.760000228881836
1998-12-07 13:40:49+00:00,394.0,9.25
1998-12-07 13:45:52+00:00,393.0,9.859999656677246
1998-12-07 13:50:53+00:00,393.0,9.079999923706055
1998-12-07 13:55:57+00:00,395.0,8.180000305175781
1998-12-07 14:00:59+00:00,394.0,8.359999656677246
1998-12-07 14:06:02+00:00,390.0,8.380000114440918
1998-12-07 14:11:02+00:00,390.0,8.180000305175781
1998-12-07 14:16:05+00:00,395.0,8.149999618530273
1998-12-07 14:21:07+00:00,393.0,9.079999923706055
1998-12-07 14:26:09+00:00,395.0,9.100000381469727
1998-12-07 14:31:12+00:00,394.0,8.989999771118164
1998-12-07 14:36:16+00:00,393.0,9.380000114440918
1998-12-07 14:41:16+00:00,391.0,9.359999656677246
1998-12-07 14:46:19+00:00,388.0,8.84000015258789
1998-12-07 14:51:21+00:00,389.0,9.520000457763672
1998-12-07 14:56:22+00:00,390.0,10.1899995803833
1998-12-07 15:01:24+00:00,389.0,10.140000343322754
1998-12-07 15:06:29+00:00,387.0,9.529999732971191
1998-12-07 15:11:29+00:00,386.0,10.050000190734863
1998-12-07 15:16:31+00:00,389.0,9.819999694824219
1998-12-07 15:21:34+00:00,388.0,9.59000015258789
1998-12-07 15:26:36+00:00,392.0,9.399999618530273
1998-12-07 15:31:37+00:00,394.0,9.600000381469727
1998-12-07 15:36:43+00:00,394.0,10.859999656677246
1998-12-07 15:41:43+00:00,399.0,11.050000190734863
1998-12-07 15:46:44+00:00,399.0,9.649999618530273
1998-12-07 15:51:46+00:00,397.0,9.0600004196167
1998-12-07 15:56:49+00:00,401.0,8.850000381469727
1998-12-07 16:01:51+00:00,401.0,9.380000114440918
1998-12-07 16:06:53+00:00,402.0,9.640000343322754
1998-12-07 16:11:56+00:00,400.0,9.880000114440918
1998-12-07 16:16:58+00:00,403.0,10.880000114440918
1998-12-07 16:21:59+00:00,402.0,10.720000267028809
1998-12-07 16:27:03+00:00,402.0,10.449999809265137
1998-12-07 16:32:05+00:00,406.0,10.6899995803833
1998-12-07 16:37:06+00:00,406.0,11.760000228881836
1998-12-07 16:42:10+00:00,405.0,12.170000076293945
1998-12-07 16:47:11+00:00,406.0,11.279999732971191
1998-12-07 16:52:13+00:00,412.0,10.960000038146973
1998-12-07 16:57:15+00:00,413.0,10.369999885559082
1998-12-07 17:02:18+00:00,411.0,10.050000190734863
1998-12-07 17:07:20+00:00,406.0,10.010000228881836
1998-12-07 17:12:24+00:00,403.0,9.850000381469727
1998-12-07 17:17:23+00:00,404.0,9.819999694824219
1998-12-07 17:22:27+00:00,405.0,10.039999961853027
1998-12-07 17:27:28+00:00,405.0,10.039999961853027
1998-12-07 17:32:30+00:00,405.0,9.65999984741211
1998-12-07 17:37:33+00:00,405.0,9.890000343322754
1998-12-07 17:42:37+00:00,404.0,10.630000114440918
1998-12-07 17:47:37+00:00,410.0,9.3100004196167
1998-12-07 17:52:40+00:00,407.0,10.3100004196167
1998-12-07 17:57:42+00:00,403.0,11.369999885559082
1998-12-07 18:02:43+00:00,403.0,13.170000076293945
1998-12-07 18:07:47+00:00,404.0,12.579999923706055
1998-12-07 18:12:51+00:00,400.0,12.380000114440918
1998-12-07 18:17:50+00:00,399.0,12.819999694824219
1998-12-07 18:22:52+00:00,398.0,13.460000038146973
1998-12-07 18:27:55+00:00,397.0,13.609999656677246
1998-12-07 18:32:57+00:00,398.0,12.270000457763672
1998-12-07 18:37:59+00:00,397.0,12.739999771118164
1998-12-07 18:43:04+00:00,399.0,12.640000343322754
1998-12-07 18:48:04+00:00,397.0,12.539999961853027
1998-12-07 18:53:05+00:00,395.0,12.130000114440918
1998-12-07 18:58:09+00:00,388.0,11.359999656677246
1998-12-07 19:03:10+00:00,388.0,10.859999656677246
1998-12-07 19:08:12+00:00,392.0,10.6899995803833
1998-12-07 19:13:14+00:00,393.0,10.529999732971191
1998-12-07 19:18:18+00:00,397.0,9.710000038146973
1998-12-07 19:23:19+00:00,406.0,9.380000114440918
1998-12-07 19:28:21+00:00,413.0,10.260000228881836
1998-12-07 19:33:24+00:00,401.0,8.289999961853027
1998-12-07 19:38:26+00:00,411.0,8.149999618530273
1998-12-07 19:43:27+00:00,412.0,9.84000015258789
1998-12-07 19:48:31+00:00,415.0,10.949999809265137
1998-12-07 19:53:32+00:00,410.0,11.640000343322754
1998-12-07 19:58:34+00:00,393.0,10.550000190734863
1998-12-07 20:03:36+00:00,390.0,10.829999923706055
1998-12-07 20:08:39+00:00,390.0,11.210000038146973
1998-12-07 20:13:41+00:00,389.0,10.430000305175781
1998-12-07 20:18:45+00:00,389.0,10.84000015258789
1998-12-07 20:23:44+00:00,390.0,11.399999618530273
1998-12-07 20:28:48+00:00,390.0,10.029999732971191
1998-12-07 20:33:49+00:00,400.0,9.289999961853027
1998-12-07 20:38:53+00:00,393.0,6.659999847412109
1998-12-07 20:43:54+00:00,388.0,7.199999809265137
1998-12-07 20:48:58+00:00,388.0,4.809999942779541
1998-12-07 20:53:58+00:00,392.0,4.880000114440918
1998-12-07 20:59:01+00:00,398.0,4.800000190734863
1998-12-07 21:04:03+00:00,402.0,4.929999828338623
1998-12-07 21:09:05+00:00,401.0,4.380000114440918
1998-12-07 21:14:08+00:00,399.0,4.71999979019165
1998-12-07 21:19:12+00:00,400.0,4.829999923706055
1998-12-07 21:24:12+00:00,402.0,4.989999771118164
1998-12-07 21:29:15+00:00,404.0,4.809999942779541
1998-12-07 21:34:16+00:00,412.0,4.489999771118164
1998-12-07 21:39:18+00:00,407.0,5.0
1998-12-07 21:44:20+00:00,407.0,4.659999847412109
1998-12-07 21:49:25+00:00,404.0,4.730000019073486
1998-12-07 21:54:25+00:00,404.0,4.960000038146973
1998-12-07 21:59:27+00:00,399.0,5.150000095367432
1998-12-07 22:04:30+00:00,398.0,5.960000038146973
1998-12-07 22:09:32+00:00,398.0,6.079999923706055
1998-12-07 22:14:33+00:00,399.0,6.079999923706055
1998-12-07 22:19:39+00:00,399.0,6.53000020980835
1998-12-07 22:24:39+00:00,392.0,6.289999961853027
1998-12-07 22:29:40+00:00,390.0,6.139999866485596
1998-12-07 22:34:44+00:00,399.0,6.199999809265137
1998-12-07 22:39:45+00:00,401.0,6.039999961853027
1998-12-07 22:44:47+00:00,406.0,5.519999980926514
1998-12-07 22:49:49+00:00,400.0,5.619999885559082
1998-12-07 22:54:52+00:00,398.0,6.380000114440918
1998-12-07 22:59:54+00:00,399.0,6.28000020980835
1998-12-07 23:04:55+00:00,399.0,5.820000171661377
1998-12-07 23:09:59+00:00,400.0,5.079999923706055
1998-12-07 23:15:00+00:00,404.0,5.239999771118164
1998-12-07 23:20:02+00:00,392.0,5.170000076293945
1998-12-07 23:25:06+00:00,399.0,5.46999979019165
1998-12-07 23:30:07+00:00,398.0,5.389999866485596
1998-12-07 23:35:09+00:00,404.0,5.519999980926514
1998-12-07 23:40:11+00:00,405.0,5.570000171661377
1998-12-07 23:45:14+00:00,401.0,5.840000152587891
1998-12-07 23:50:16+00:00,401.0,5.949999809265137
1998-12-07 23:55:19+00:00,405.0,5.599999904632568
1998-12-08 00:00:04+00:00,405.0,5.679999828338623
1998-12-08 00:04:52+00:00,403.0,5.769999980926514
1998-12-08 00:09:54+00:00,399.0,5.809999942779541
1998-12-08 00:14:56+00:00,396.0,5.449999809265137
1998-12-08 00:19:59+00:00,396.0,5.46999979019165
1998-12-08 00:25:03+00:00,397.0,5.46999979019165
1998-12-08 00:30:03+00:00,400.0,5.400000095367432
1998-12-08 00:35:06+00:00,400.0,5.320000171661377
1998-12-08 00:40:08+00:00,397.0,5.079999923706055
1998-12-08 00:45:09+00:00,399.0,4.929999828338623
1998-12-08 00:50:11+00:00,396.0,4.71999979019165
1998-12-08 00:55:17+00:00,394.0,4.539999961853027
1998-12-08 01:00:16+00:00,394.0,4.690000057220459
1998-12-08 01:05:18+00:00,398.0,4.78000020980835
1998-12-08 01:10:21+00:00,396.0,4.769999980926514
1998-12-08 01:15:23+00:00,401.0,4.739999771118164
1998-12-08 01:20:25+00:00,397.0,4.739999771118164
1998-12-08 01:25:26+00:00,401.0,4.690000057220459
1998-12-08 01:30:30+00:00,406.0,4.489999771118164
1998-12-08 01:35:31+00:00,412.0,4.320000171661377
1998-12-08 01:40:33+00:00,412.0,4.440000057220459
1998-12-08 01:45:36+00:00,408.0,4.519999980926514
1998-12-08 01:50:38+00:00,406.0,4.699999809265137
1998-12-08 01:55:40+00:00,408.0,4.409999847412109
1998-12-08 02:00:44+00:00,406.0,4.590000152587891
1998-12-08 02:05:45+00:00,402.0,4.690000057220459
1998-12-08 02:10:47+00:00,404.0,4.579999923706055
1998-12-08 02:15:50+00:00,404.0,4.380000114440918
1998-12-08 02:20:52+00:00,408.0,4.289999961853027
1998-12-08 02:25:53+00:00,410.0,4.210000038146973
1998-12-08 02:30:57+00:00,410.0,4.090000152587891
1998-12-08 02:35:58+00:00,418.0,3.819999933242798
1998-12-08 02:41:00+00:00,420.0,3.509999990463257
1998-12-08 02:46:02+00:00,418.0,3.6700000762939453
1998-12-08 02:51:05+00:00,416.0,3.7799999713897705
1998-12-08 02:56:07+00:00,415.0,3.700000047683716
1998-12-08 03:01:11+00:00,413.0,3.809999942779541
1998-12-08 03:06:10+00:00,416.0,3.6700000762939453
1998-12-08 03:11:14+00:00,418.0,3.5199999809265137
1998-12-08 03:16:15+00:00,412.0,3.5999999046325684
1998-12-08 03:21:17+00:00,419.0,3.430000066757202
1998-12-08 03:26:20+00:00,416.0,3.240000009536743
1998-12-08 03:31:24+00:00,420.0,3.1600000858306885
1998-12-08 03:36:24+00:00,423.0,2.9800000190734863
1998-12-08 03:41:27+00:00,419.0,3.119999885559082
1998-12-08 03:46:29+00:00,418.0,3.1700000762939453
1998-12-08 03:51:30+00:00,426.0,3.0
1998-12-08 03:56:34+00:00,420.0,2.9700000286102295
1998-12-08 04:01:38+00:00,425.0,2.9200000762939453
1998-12-08 04:06:38+00:00,423.0,2.6600000858306885
1998-12-08 04:11:40+00:00,427.0,2.940000057220459
1998-12-08 04:16:43+00:00,428.0,2.930000066757202
1998-12-08 04:21:45+00:00,439.0,2.880000114440918
1998-12-08 04:26:46+00:00,445.0,2.630000114440918
1998-12-08 04:31:52+00:00,447.0,2.549999952316284
1998-12-08 04:36:52+00:00,452.0,2.5799999237060547
1998-12-08 04:41:53+00:00,456.0,2.609999895095825
1998-12-08 04:46:55+00:00,457.0,2.6500000953674316
1998-12-08 04:51:58+00:00,460.0,2.5999999046325684
1998-12-08 04:57:00+00:00,460.0,2.5999999046325684
1998-12-08 05:02:02+00:00,433.0,2.930000066757202
1998-12-08 05:07:05+00:00,420.0,3.240000009536743
1998-12-08 05:12:07+00:00,420.0,3.0799999237060547
1998-12-08 05:17:08+00:00,421.0,2.9800000190734863
1998-12-08 05:22:12+00:00,420.0,3.009999990463257
1998-12-08 05:27:13+00:00,420.0,3.25
1998-12-08 05:32:15+00:00,416.0,3.490000009536743
1998-12-08 05:37:19+00:00,416.0,3.75
1998-12-08 05:42:20+00:00,421.0,3.450000047683716
1998-12-08 05:47:22+00:00,424.0,3.119999885559082
1998-12-08 05:52:24+00:00,420.0,3.2300000190734863
1998-12-08 05:57:27+00:00,414.0,3.9000000953674316
1998-12-08 06:02:29+00:00,421.0,3.0899999141693115
1998-12-08 06:07:32+00:00,420.0,2.950000047683716
1998-12-08 06:12:32+00:00,419.0,3.200000047683716
1998-12-08 06:17:35+00:00,419.0,3.119999885559082
1998-12-08 06:22:37+00:00,419.0,3.2100000381469727
1998-12-08 06:27:41+00:00,420.0,3.200000047683716
1998-12-08 06:32:42+00:00,424.0,3.119999885559082
1998-12-08 06:37:46+00:00,424.0,3.319999933242798
1998-12-08 06:42:46+00:00,420.0,3.5399999618530273
1998-12-08 06:47:49+00:00,422.0,3.319999933242798
1998-12-08 06:52:51+00:00,418.0,3.299999952316284
1998-12-08 06:57:52+00:00,416.0,3.799999952316284
1998-12-08 07:02:56+00:00,418.0,3.4800000190734863
1998-12-08 07:08:00+00:00,419.0,3.3399999141693115
1998-12-08 07:12:59+00:00,416.0,3.5299999713897705
1998-12-08 07:18:03+00:00,416.0,3.4600000381469727
1998-12-08 07:23:04+00:00,414.0,3.799999952316284
1998-12-08 07:28:06+00:00,411.0,3.9800000190734863
1998-12-08 07:33:08+00:00,409.0,3.869999885559082
1998-12-08 07:38:13+00:00,410.0,3.990000009536743
1998-12-08 07:43:13+00:00,410.0,3.990000009536743
1998-12-08 07:48:14+00:00,408.0,3.819999933242798
1998-12-08 07:53:18+00:00,408.0,3.859999895095825
1998-12-08 07:58:19+00:00,409.0,4.0
1998-12-08 08:03:21+00:00,407.0,3.9200000762939453
1998-12-08 08:08:27+00:00,406.0,4.079999923706055
1998-12-08 08:13:27+00:00,408.0,3.859999895095825
1998-12-08 08:18:28+00:00,405.0,4.050000190734863
1998-12-08 08:23:30+00:00,404.0,4.0
1998-12-08 08:28:33+00:00,401.0,3.7300000190734863
1998-12-08 08:33:35+00:00,401.0,3.690000057220459
1998-12-08 08:38:36+00:00,399.0,3.9100000858306885
1998-12-08 08:43:40+00:00,398.0,3.880000114440918
1998-12-08 08:48:41+00:00,398.0,3.9100000858306885
1998-12-08 08:53:43+00:00,401.0,3.5199999809265137
1998-12-08 08:58:47+00:00,404.0,3.4800000190734863
1998-12-08 09:03:48+00:00,404.0,3.5
1998-12-08 09:08:50+00:00,400.0,3.609999895095825
1998-12-08 09:13:54+00:00,402.0,3.4800000190734863
1998-12-08 09:18:55+00:00,405.0,3.380000114440918
1998-12-08 09:23:57+00:00,405.0,3.309999942779541
1998-12-08 09:28:58+00:00,406.0,3.2899999618530273
1998-12-08 09:34:02+00:00,401.0,4.019999980926514
1998-12-08 09:39:03+00:00,408.0,3.2699999809265137
1998-12-08 09:44:07+00:00,428.0,2.4100000858306885
1998-12-08 09:49:07+00:00,428.0,2.3299999237060547
1998-12-08 09:54:10+00:00,430.0,2.2200000286102295
1998-12-08 09:59:12+00:00,416.0,2.7699999809265137
1998-12-08 10:04:14+00:00,394.0,3.6500000953674316
1998-12-08 10:09:17+00:00,394.0,3.700000047683716
1998-12-08 10:14:21+00:00,394.0,3.619999885559082
1998-12-08 10:19:21+00:00,394.0,3.700000047683716
1998-12-08 10:24:24+00:00,395.0,3.700000047683716
1998-12-08 10:29:25+00:00,394.0,3.740000009536743
1998-12-08 10:34:27+00:00,396.0,3.7200000286102295
1998-12-08 10:39:31+00:00,397.0,3.6700000762939453
1998-12-08 10:44:34+00:00,395.0,3.8399999141693115
1998-12-08 10:49:34+00:00,394.0,3.9200000762939453
1998-12-08 10:54:36+00:00,394.0,3.869999885559082
1998-12-08 10:59:39+00:00,395.0,3.809999942779541
1998-12-08 11:04:41+00:00,394.0,3.930000066757202
1998-12-08 11:09:42+00:00,394.0,3.869999885559082
1998-12-08 11:14:48+00:00,394.0,3.8399999141693115
1998-12-08 11:19:48+00:00,395.0,3.940000057220459
1998-12-08 11:24:49+00:00,404.0,3.3399999141693115
1998-12-08 11:29:53+00:00,404.0,3.109999895095825
1998-12-08 11:34:54+00:00,405.0,3.390000104904175
1998-12-08 11:39:56+00:00,398.0,3.619999885559082
1998-12-08 11:44:58+00:00,395.0,3.950000047683716
1998-12-08 11:50:01+00:00,395.0,3.890000104904175
1998-12-08 11:55:03+00:00,395.0,3.9100000858306885
1998-12-08 12:00:04+00:00,394.0,3.809999942779541
1998-12-08 12:05:08+00:00,394.0,3.8399999141693115
1998-12-08 12:10:09+00:00,394.0,3.9700000286102295
1998-12-08 12:15:11+00:00,395.0,3.990000009536743
1998-12-08 12:20:15+00:00,401.0,3.8499999046325684
1998-12-08 12:25:16+00:00,398.0,3.9700000286102295
1998-12-08 12:30:18+00:00,396.0,4.010000228881836
1998-12-08 12:35:20+00:00,396.0,4.039999961853027
1998-12-08 12:40:23+00:00,398.0,3.930000066757202
1998-12-08 12:45:25+00:00,397.0,3.859999895095825
1998-12-08 12:50:28+00:00,398.0,3.5799999237060547
1998-12-08 12:55:28+00:00,398.0,3.5999999046325684
1998-12-08 13:00:31+00:00,397.0,3.75
1998-12-08 13:05:33+00:00,397.0,3.9000000953674316
1998-12-08 13:10:37+00:00,398.0,3.8299999237060547
1998-12-08 13:15:38+00:00,396.0,4.010000228881836
1998-12-08 13:20:42+00:00,395.0,4.139999866485596
1998-12-08 13:25:42+00:00,395.0,4.260000228881836
1998-12-08 13:30:45+00:00,395.0,4.119999885559082
1998-12-08 13:35:47+00:00,395.0,4.190000057220459
1998-12-08 13:40:48+00:00,396.0,4.179999828338623
1998-12-08 13:45:52+00:00,394.0,4.590000152587891
1998-12-08 13:50:56+00:00,394.0,4.670000076293945
1998-12-08 13:55:55+00:00,394.0,4.659999847412109
1998-12-08 14:00:59+00:00,395.0,4.420000076293945
1998-12-08 14:06:00+00:00,394.0,4.789999961853027
1998-12-08 14:11:02+00:00,394.0,4.639999866485596
1998-12-08 14:16:04+00:00,395.0,4.909999847412109
1998-12-08 14:21:09+00:00,393.0,5.150000095367432
1998-12-08 14:26:09+00:00,392.0,5.170000076293945
1998-12-08 14:31:10+00:00,392.0,5.119999885559082
1998-12-08 14:36:14+00:00,392.0,4.980000019073486
1998-12-08 14:41:15+00:00,392.0,4.670000076293945
1998-12-08 14:46:17+00:00,393.0,4.53000020980835
1998-12-08 14:51:23+00:00,392.0,4.650000095367432
1998-12-08 14:56:23+00:00,392.0,4.559999942779541
1998-12-08 15:01:24+00:00,392.0,4.550000190734863
1998-12-08 15:06:26+00:00,393.0,4.730000019073486
1998-12-08 15:11:29+00:00,393.0,4.96999979019165
1998-12-08 15:16:31+00:00,393.0,4.71999979019165
1998-12-08 15:21:32+00:00,395.0,4.900000095367432
1998-12-08 15:26:36+00:00,395.0,5.090000152587891
1998-12-08 15:31:37+00:00,394.0,5.130000114440918
1998-12-08 15:36:39+00:00,394.0,5.110000133514404
1998-12-08 15:41:43+00:00,398.0,4.670000076293945
1998-12-08 15:46:44+00:00,405.0,4.179999828338623
1998-12-08 15:51:46+00:00,398.0,4.900000095367432
1998-12-08 15:56:50+00:00,393.0,5.110000133514404
1998-12-08 16:01:51+00:00,397.0,4.949999809265137
1998-12-08 16:06:53+00:00,400.0,4.820000171661377
1998-12-08 16:11:54+00:00,396.0,4.889999866485596
1998-12-08 16:16:58+00:00,406.0,4.420000076293945
1998-12-08 16:21:59+00:00,419.0,3.930000066757202
1998-12-08 16:27:03+00:00,414.0,4.239999771118164
1998-12-08 16:32:03+00:00,404.0,5.519999980926514
1998-12-08 16:37:06+00:00,399.0,6.539999961853027
1998-12-08 16:42:08+00:00,400.0,5.820000171661377
1998-12-08 16:47:09+00:00,400.0,5.789999961853027
1998-12-08 16:52:13+00:00,397.0,6.349999904632568
1998-12-08 16:57:17+00:00,396.0,5.789999961853027
1998-12-08 17:02:17+00:00,397.0,5.639999866485596
1998-12-08 17:07:20+00:00,400.0,5.869999885559082
1998-12-08 17:12:21+00:00,412.0,5.070000171661377
1998-12-08 17:17:23+00:00,408.0,5.699999809265137
1998-12-08 17:22:27+00:00,409.0,5.519999980926514
1998-12-08 17:27:30+00:00,403.0,5.829999923706055
1998-12-08 17:32:30+00:00,404.0,5.730000019073486
1998-12-08 17:37:31+00:00,406.0,5.460000038146973
1998-12-08 17:42:35+00:00,403.0,5.760000228881836
1998-12-08 17:47:37+00:00,401.0,5.710000038146973
1998-12-08 17:52:38+00:00,413.0,4.820000171661377
1998-12-08 17:57:44+00:00,401.0,5.679999828338623
1998-12-08 18:02:44+00:00,398.0,5.849999904632568
1998-12-08 18:07:45+00:00,399.0,5.860000133514404
1998-12-08 18:12:49+00:00,398.0,6.010000228881836
1998-12-08 18:17:50+00:00,395.0,6.230000019073486
1998-12-08 18:22:52+00:00,397.0,5.940000057220459
1998-12-08 18:27:53+00:00,399.0,4.829999923706055
1998-12-08 18:32:57+00:00,399.0,5.070000171661377
1998-12-08 18:37:59+00:00,412.0,4.269999980926514
1998-12-08 18:43:00+00:00,405.0,4.869999885559082
1998-12-08 18:48:04+00:00,402.0,5.019999980926514
1998-12-08 18:53:05+00:00,405.0,4.769999980926514
1998-12-08 18:58:07+00:00,409.0,4.489999771118164
1998-12-08 19:03:11+00:00,410.0,4.449999809265137
1998-12-08 19:08:12+00:00,412.0,4.329999923706055
1998-12-08 19:13:14+00:00,410.0,4.630000114440918
1998-12-08 19:18:15+00:00,400.0,5.070000171661377
1998-12-08 19:23:19+00:00,402.0,4.940000057220459
1998-12-08 19:28:21+00:00,402.0,5.090000152587891
1998-12-08 19:33:24+00:00,402.0,5.289999961853027
1998-12-08 19:38:24+00:00,409.0,5.269999980926514
1998-12-08 19:43:27+00:00,416.0,5.179999828338623
1998-12-08 19:48:29+00:00,419.0,5.320000171661377
1998-12-08 19:53:33+00:00,411.0,5.199999809265137
1998-12-08 19:58:34+00:00,413.0,5.070000171661377
1998-12-08 20:03:38+00:00,418.0,4.909999847412109
1998-12-08 20:08:38+00:00,416.0,5.0
1998-12-08 20:13:41+00:00,414.0,5.0
1998-12-08 20:18:43+00:00,417.0,4.809999942779541
1998-12-08 20:23:44+00:00,422.0,4.369999885559082
1998-12-08 20:28:48+00:00,420.0,4.320000171661377
1998-12-08 20:33:51+00:00,420.0,4.380000114440918
1998-12-08 20:38:51+00:00,421.0,4.429999828338623
1998-12-08 20:43:54+00:00,422.0,4.360000133514404
1998-12-08 20:48:56+00:00,416.0,4.510000228881836
1998-12-08 20:53:58+00:00,415.0,4.550000190734863
1998-12-08 20:58:59+00:00,416.0,4.550000190734863
1998-12-08 21:04:05+00:00,420.0,4.510000228881836
1998-12-08 21:09:05+00:00,419.0,4.480000019073486
1998-12-08 21:14:06+00:00,416.0,4.590000152587891
1998-12-08 21:19:10+00:00,417.0,4.590000152587891
1998-12-08 21:24:11+00:00,418.0,4.659999847412109
1998-12-08 21:29:13+00:00,415.0,4.710000038146973
1998-12-08 21:34:19+00:00,412.0,4.739999771118164
1998-12-08 21:39:18+00:00,417.0,4.71999979019165
1998-12-08 21:44:20+00:00,418.0,4.559999942779541
1998-12-08 21:49:21+00:00,419.0,4.429999828338623
1998-12-08 21:54:25+00:00,418.0,4.670000076293945
1998-12-08 21:59:27+00:00,422.0,4.889999866485596
1998-12-08 22:04:28+00:00,424.0,4.699999809265137
1998-12-08 22:09:32+00:00,419.0,4.75
1998-12-08 22:14:33+00:00,418.0,4.840000152587891
1998-12-08 22:19:35+00:00,413.0,4.880000114440918
1998-12-08 22:24:38+00:00,412.0,4.889999866485596
1998-12-08 22:29:40+00:00,412.0,5.0
1998-12-08 22:34:42+00:00,412.0,5.010000228881836
1998-12-08 22:39:46+00:00,413.0,4.889999866485596
1998-12-08 22:44:47+00:00,413.0,4.869999885559082
1998-12-08 22:49:49+00:00,411.0,4.96999979019165
1998-12-08 22:54:50+00:00,410.0,4.96999979019165
1998-12-08 22:59:54+00:00,406.0,4.829999923706055
1998-12-08 23:04:55+00:00,408.0,4.809999942779541
1998-12-08 23:09:59+00:00,407.0,4.710000038146973
1998-12-08 23:14:59+00:00,407.0,4.639999866485596
1998-12-08 23:20:02+00:00,411.0,4.659999847412109
1998-12-08 23:25:04+00:00,402.0,4.590000152587891
1998-12-08 23:30:05+00:00,400.0,4.659999847412109
1998-12-08 23:35:09+00:00,399.0,4.659999847412109
1998-12-08 23:40:13+00:00,401.0,4.769999980926514
1998-12-08 23:45:12+00:00,406.0,4.329999923706055
1998-12-08 23:50:16+00:00,404.0,4.550000190734863
1998-12-08 23:55:17+00:00,402.0,4.480000019073486
1998-12-09 00:00:04+00:00,401.0,4.650000095367432
1998-12-09 00:04:51+00:00,403.0,4.570000171661377
1998-12-09 00:09:56+00:00,403.0,4.510000228881836
1998-12-09 00:14:56+00:00,401.0,4.460000038146973
1998-12-09 00:19:57+00:00,399.0,4.369999885559082
1998-12-09 00:25:01+00:00,400.0,4.389999866485596
1998-12-09 00:30:03+00:00,400.0,4.400000095367432
1998-12-09 00:35:04+00:00,399.0,4.440000057220459
1998-12-09 00:40:06+00:00,399.0,4.449999809265137
1998-12-09 00:45:10+00:00,400.0,4.460000038146973
1998-12-09 00:50:11+00:00,400.0,4.46999979019165
1998-12-09 00:55:13+00:00,398.0,4.420000076293945
1998-12-09 01:00:16+00:00,399.0,4.519999980926514
1998-12-09 01:05:18+00:00,403.0,4.440000057220459
1998-12-09 01:10:19+00:00,405.0,4.210000038146973
1998-12-09 01:15:23+00:00,405.0,4.449999809265137
1998-12-09 01:20:24+00:00,403.0,4.670000076293945
1998-12-09 01:25:26+00:00,402.0,4.289999961853027
1998-12-09 01:30:30+00:00,401.0,4.380000114440918
1998-12-09 01:35:31+00:00,397.0,4.730000019073486
1998-12-09 01:40:33+00:00,400.0,4.269999980926514
1998-12-09 01:45:37+00:00,401.0,4.389999866485596
1998-12-09 01:50:38+00:00,400.0,4.409999847412109
1998-12-09 01:55:40+00:00,400.0,4.230000019073486
1998-12-09 02:00:41+00:00,398.0,4.380000114440918
1998-12-09 02:05:45+00:00,402.0,4.420000076293945
1998-12-09 02:10:46+00:00,404.0,4.650000095367432
1998-12-09 02:15:50+00:00,403.0,4.699999809265137
1998-12-09 02:20:50+00:00,409.0,4.929999828338623
1998-12-09 02:25:53+00:00,412.0,4.760000228881836
1998-12-09 02:30:55+00:00,412.0,4.75
1998-12-09 02:36:28+00:00,411.0,4.960000038146973
1998-12-09 02:41:30+00:00,411.0,4.96999979019165
1998-12-09 02:46:34+00:00,408.0,4.860000133514404
1998-12-09 02:51:34+00:00,405.0,4.869999885559082
1998-12-09 02:56:37+00:00,404.0,4.659999847412109
1998-12-09 03:01:38+00:00,408.0,4.840000152587891
1998-12-09 03:06:40+00:00,404.0,4.920000076293945
1998-12-09 03:11:44+00:00,405.0,4.96999979019165
1998-12-09 03:16:47+00:00,406.0,4.980000019073486
1998-12-09 03:21:47+00:00,407.0,4.960000038146973
1998-12-09 03:26:50+00:00,410.0,5.010000228881836
1998-12-09 03:31:52+00:00,403.0,4.929999828338623
1998-12-09 03:36:54+00:00,400.0,4.920000076293945
1998-12-09 03:41:55+00:00,408.0,4.96999979019165
1998-12-09 03:47:01+00:00,411.0,5.019999980926514
1998-12-09 03:52:01+00:00,409.0,4.989999771118164
1998-12-09 03:57:02+00:00,410.0,5.0
1998-12-09 04:02:06+00:00,418.0,5.119999885559082
1998-12-09 04:07:07+00:00,422.0,5.110000133514404
1998-12-09 04:12:09+00:00,411.0,5.260000228881836
1998-12-09 04:17:15+00:00,409.0,5.21999979019165
1998-12-09 04:22:15+00:00,406.0,5.199999809265137
1998-12-09 04:27:16+00:00,407.0,5.010000228881836
1998-12-09 04:32:18+00:00,409.0,4.920000076293945
1998-12-09 04:37:21+00:00,406.0,5.090000152587891
1998-12-09 04:42:23+00:00,408.0,5.03000020980835
1998-12-09 04:47:25+00:00,414.0,5.010000228881836
1998-12-09 04:52:28+00:00,414.0,5.039999961853027
1998-12-09 04:57:30+00:00,412.0,4.980000019073486
1998-12-09 05:02:31+00:00,412.0,5.050000190734863
1998-12-09 05:07:35+00:00,414.0,4.96999979019165
1998-12-09 05:12:37+00:00,418.0,4.75
1998-12-09 05:17:38+00:00,430.0,4.079999923706055
1998-12-09 05:22:42+00:00,411.0,4.889999866485596
1998-12-09 05:27:43+00:00,419.0,4.670000076293945
1998-12-09 05:32:45+00:00,430.0,4.269999980926514
1998-12-09 05:37:47+00:00,426.0,4.489999771118164
1998-12-09 05:42:50+00:00,429.0,4.400000095367432
1998-12-09 05:47:52+00:00,433.0,4.559999942779541
1998-12-09 05:52:56+00:00,429.0,4.269999980926514
1998-12-09 05:57:55+00:00,425.0,4.21999979019165
1998-12-09 06:02:59+00:00,423.0,4.25
1998-12-09 06:08:00+00:00,418.0,4.659999847412109
1998-12-09 06:13:02+00:00,420.0,4.400000095367432
1998-12-09 06:18:05+00:00,410.0,4.570000171661377
1998-12-09 06:23:09+00:00,408.0,4.5
1998-12-09 06:28:09+00:00,415.0,3.9800000190734863
1998-12-09 06:33:12+00:00,426.0,3.75
1998-12-09 06:38:14+00:00,426.0,3.549999952316284
1998-12-09 06:43:15+00:00,433.0,3.3499999046325684
1998-12-09 06:48:19+00:00,433.0,3.4700000286102295
1998-12-09 06:53:23+00:00,432.0,3.680000066757202
1998-12-09 06:58:23+00:00,416.0,3.940000057220459
1998-12-09 07:03:24+00:00,428.0,3.630000114440918
1998-12-09 07:08:27+00:00,428.0,3.609999895095825
1998-12-09 07:13:29+00:00,424.0,3.799999952316284
1998-12-09 07:18:31+00:00,409.0,4.349999904632568
1998-12-09 07:23:36+00:00,410.0,4.300000190734863
1998-12-09 07:28:36+00:00,419.0,4.199999809265137
1998-12-09 07:33:37+00:00,425.0,3.8399999141693115
1998-12-09 07:38:41+00:00,421.0,4.170000076293945
1998-12-09 07:43:43+00:00,420.0,4.199999809265137
1998-12-09 07:48:44+00:00,422.0,4.159999847412109
1998-12-09 07:53:46+00:00,424.0,4.090000152587891
1998-12-09 07:58:50+00:00,424.0,4.059999942779541
1998-12-09 08:03:51+00:00,424.0,4.170000076293945
1998-12-09 08:08:53+00:00,426.0,4.480000019073486
1998-12-09 08:13:56+00:00,423.0,5.239999771118164
1998-12-09 08:18:58+00:00,426.0,4.380000114440918
1998-12-09 08:23:59+00:00,427.0,4.449999809265137
1998-12-09 08:29:03+00:00,434.0,5.170000076293945
1998-12-09 08:34:05+00:00,442.0,5.659999847412109
1998-12-09 08:39:06+00:00,443.0,5.789999961853027
1998-12-09 08:44:08+00:00,439.0,5.820000171661377
1998-12-09 08:49:11+00:00,440.0,5.179999828338623
1998-12-09 08:54:13+00:00,438.0,4.53000020980835
1998-12-09 08:59:17+00:00,437.0,4.619999885559082
1998-12-09 09:04:17+00:00,438.0,4.590000152587891
1998-12-09 09:09:20+00:00,438.0,4.25
1998-12-09 09:14:21+00:00,435.0,4.210000038146973
1998-12-09 09:19:25+00:00,437.0,4.010000228881836
1998-12-09 09:24:27+00:00,438.0,4.710000038146973
1998-12-09 09:29:30+00:00,432.0,4.699999809265137
1998-12-09 09:34:30+00:00,429.0,4.349999904632568
1998-12-09 09:39:33+00:00,436.0,4.53000020980835
1998-12-09 09:44:35+00:00,435.0,4.25
1998-12-09 09:49:37+00:00,432.0,4.21999979019165
1998-12-09 09:54:40+00:00,433.0,4.349999904632568
1998-12-09 09:59:44+00:00,428.0,4.429999828338623
1998-12-09 10:04:44+00:00,427.0,4.730000019073486
1998-12-09 10:09:47+00:00,426.0,4.860000133514404
1998-12-09 10:14:49+00:00,422.0,4.710000038146973
1998-12-09 10:19:50+00:00,418.0,4.699999809265137
1998-12-09 10:24:52+00:00,414.0,4.539999961853027
1998-12-09 10:29:58+00:00,420.0,4.889999866485596
1998-12-09 10:34:57+00:00,419.0,4.449999809265137
1998-12-09 10:39:59+00:00,424.0,4.46999979019165
1998-12-09 10:45:02+00:00,423.0,4.880000114440918
1998-12-09 10:50:04+00:00,428.0,4.579999923706055
1998-12-09 10:55:05+00:00,434.0,4.340000152587891
1998-12-09 11:00:11+00:00,436.0,3.9600000381469727
1998-12-09 11:05:11+00:00,424.0,4.139999866485596
1998-12-09 11:10:12+00:00,422.0,4.019999980926514
1998-12-09 11:15:14+00:00,414.0,4.03000020980835
1998-12-09 11:20:17+00:00,418.0,4.119999885559082
1998-12-09 11:25:19+00:00,411.0,4.21999979019165
1998-12-09 11:30:21+00:00,407.0,4.289999961853027
1998-12-09 11:35:24+00:00,404.0,4.320000171661377
1998-12-09 11:40:26+00:00,404.0,4.079999923706055
1998-12-09 11:45:27+00:00,402.0,4.170000076293945
1998-12-09 11:50:31+00:00,402.0,4.320000171661377
1998-12-09 11:55:33+00:00,405.0,4.239999771118164
1998-12-09 12:00:34+00:00,396.0,4.550000190734863
1998-12-09 12:05:38+00:00,398.0,4.559999942779541
1998-12-09 12:10:39+00:00,399.0,4.369999885559082
1998-12-09 12:15:41+00:00,397.0,4.829999923706055
1998-12-09 12:20:43+00:00,395.0,4.960000038146973
1998-12-09 12:25:46+00:00,401.0,4.21999979019165
1998-12-09 12:30:48+00:00,399.0,4.389999866485596
1998-12-09 12:35:52+00:00,400.0,4.429999828338623
1998-12-09 12:40:51+00:00,401.0,4.489999771118164
1998-12-09 12:45:55+00:00,396.0,4.559999942779541
1998-12-09 12:50:56+00:00,395.0,4.510000228881836
1998-12-09 12:55:58+00:00,397.0,4.789999961853027
1998-12-09 13:01:01+00:00,426.0,4.489999771118164
1998-12-09 13:06:05+00:00,409.0,4.349999904632568
1998-12-09 13:11:05+00:00,411.0,4.570000171661377
1998-12-09 13:16:08+00:00,409.0,4.75
1998-12-09 13:21:10+00:00,426.0,4.53000020980835
1998-12-09 13:26:12+00:00,410.0,4.539999961853027
1998-12-09 13:31:15+00:00,397.0,4.789999961853027
1998-12-09 13:36:19+00:00,398.0,4.510000228881836
1998-12-09 13:41:19+00:00,399.0,4.710000038146973
1998-12-09 13:46:20+00:00,400.0,4.679999828338623
1998-12-09 13:51:23+00:00,398.0,4.920000076293945
1998-12-09 13:56:25+00:00,403.0,4.53000020980835
1998-12-09 14:01:27+00:00,403.0,4.559999942779541
1998-12-09 14:06:32+00:00,398.0,4.840000152587891
1998-12-09 14:11:32+00:00,401.0,4.449999809265137
1998-12-09 14:16:34+00:00,402.0,4.289999961853027
1998-12-09 14:21:37+00:00,396.0,4.429999828338623
1998-12-09 14:26:39+00:00,396.0,4.570000171661377
1998-12-09 14:31:40+00:00,398.0,4.659999847412109
1998-12-09 14:36:42+00:00,396.0,4.789999961853027
1998-12-09 14:41:46+00:00,396.0,4.480000019073486
1998-12-09 14:46:47+00:00,398.0,4.650000095367432
1998-12-09 14:51:49+00:00,397.0,4.570000171661377
1998-12-09 14:56:52+00:00,394.0,4.690000057220459
1998-12-09 15:01:54+00:00,396.0,4.550000190734863
1998-12-09 15:06:56+00:00,397.0,4.659999847412109
1998-12-09 15:11:59+00:00,405.0,4.110000133514404
1998-12-09 15:17:01+00:00,398.0,4.21999979019165
1998-12-09 15:22:02+00:00,398.0,4.230000019073486
1998-12-09 15:27:04+00:00,397.0,4.340000152587891
1998-12-09 15:32:07+00:00,395.0,4.360000133514404
1998-12-09 15:37:09+00:00,402.0,4.039999961853027
1998-12-09 15:42:13+00:00,408.0,4.199999809265137
1998-12-09 15:47:13+00:00,399.0,4.400000095367432
1998-12-09 15:52:16+00:00,397.0,4.639999866485596
1998-12-09 15:57:18+00:00,397.0,4.820000171661377
1998-12-09 16:02:21+00:00,394.0,5.039999961853027
1998-12-09 16:07:23+00:00,397.0,4.429999828338623
1998-12-09 16:12:26+00:00,395.0,4.809999942779541
1998-12-09 16:17:26+00:00,397.0,4.880000114440918
1998-12-09 16:22:29+00:00,395.0,4.75
1998-12-09 16:27:31+00:00,393.0,4.960000038146973
1998-12-09 16:32:33+00:00,392.0,4.989999771118164
1998-12-09 16:37:36+00:00,392.0,4.940000057220459
1998-12-09 16:42:40+00:00,392.0,4.679999828338623
1998-12-09 16:47:40+00:00,396.0,4.78000020980835
1998-12-09 16:52:43+00:00,394.0,4.559999942779541
1998-12-09 16:57:45+00:00,394.0,4.440000057220459
1998-12-09 17:02:46+00:00,398.0,3.5899999141693115
1998-12-09 17:07:48+00:00,402.0,3.3299999237060547
1998-12-09 17:12:54+00:00,400.0,3.299999952316284
1998-12-09 17:17:53+00:00,396.0,4.070000171661377
1998-12-09 17:22:55+00:00,397.0,4.21999979019165
1998-12-09 17:27:58+00:00,405.0,4.010000228881836
1998-12-09 17:33:00+00:00,396.0,3.990000009536743
1998-12-09 17:38:01+00:00,393.0,4.28000020980835
1998-12-09 17:43:07+00:00,391.0,4.5
1998-12-09 17:48:07+00:00,391.0,4.46999979019165
1998-12-09 17:53:08+00:00,391.0,4.369999885559082
1998-12-09 17:58:10+00:00,391.0,4.019999980926514
1998-12-09 18:03:13+00:00,390.0,4.400000095367432
1998-12-09 18:08:15+00:00,392.0,4.46999979019165
1998-12-09 18:13:17+00:00,392.0,4.309999942779541
1998-12-09 18:18:20+00:00,395.0,3.630000114440918
1998-12-09 18:23:22+00:00,398.0,3.130000114440918
1998-12-09 18:28:23+00:00,395.0,3.2699999809265137
1998-12-09 18:33:27+00:00,401.0,2.680000066757202
1998-12-09 18:38:29+00:00,392.0,3.9800000190734863
1998-12-09 18:43:30+00:00,394.0,3.309999942779541
1998-12-09 18:48:34+00:00,396.0,3.369999885559082
1998-12-09 18:53:35+00:00,394.0,3.9800000190734863
1998-12-09 18:58:37+00:00,393.0,4.070000171661377
1998-12-09 19:03:39+00:00,394.0,3.7699999809265137
1998-12-09 19:09:42+00:00,396.0,3.700000047683716
1998-12-09 19:14:44+00:00,393.0,4.53000020980835
1998-12-09 19:20:18+00:00,391.0,4.570000171661377
1998-12-09 19:25:19+00:00,391.0,4.449999809265137
1998-12-09 19:30:21+00:00,390.0,4.409999847412109
1998-12-09 19:35:24+00:00,390.0,4.699999809265137
1998-12-09 19:40:26+00:00,393.0,3.8399999141693115
1998-12-09 19:45:27+00:00,394.0,4.039999961853027
1998-12-09 19:50:31+00:00,392.0,4.449999809265137
1998-12-09 19:55:32+00:00,389.0,4.369999885559082
1998-12-09 20:00:34+00:00,387.0,4.239999771118164
1998-12-09 20:05:36+00:00,386.0,4.03000020980835
1998-12-09 20:10:39+00:00,387.0,4.210000038146973
1998-12-09 20:15:41+00:00,387.0,4.210000038146973
1998-12-09 20:20:45+00:00,388.0,4.199999809265137
1998-12-09 20:25:44+00:00,388.0,4.159999847412109
1998-12-09 20:30:48+00:00,389.0,4.090000152587891
1998-12-09 20:35:49+00:00,388.0,4.130000114440918
1998-12-09 20:40:53+00:00,388.0,4.110000133514404
1998-12-09 20:45:54+00:00,388.0,4.650000095367432
1998-12-09 20:50:58+00:00,386.0,4.880000114440918
1998-12-09 20:55:58+00:00,387.0,4.949999809265137
1998-12-09 21:01:01+00:00,388.0,5.079999923706055
1998-12-09 21:06:03+00:00,387.0,4.989999771118164
1998-12-09 21:11:05+00:00,388.0,5.019999980926514
1998-12-09 21:16:08+00:00,388.0,5.010000228881836
1998-12-09 21:21:12+00:00,386.0,4.869999885559082
1998-12-09 21:26:12+00:00,386.0,4.949999809265137
1998-12-09 21:31:13+00:00,386.0,4.820000171661377
1998-12-09 21:36:16+00:00,386.0,4.809999942779541
1998-12-09 21:41:18+00:00,386.0,4.869999885559082
1998-12-09 21:46:20+00:00,386.0,4.900000095367432
1998-12-09 21:51:25+00:00,386.0,5.130000114440918
1998-12-09 21:56:25+00:00,388.0,5.210000038146973
1998-12-09 22:01:26+00:00,386.0,5.400000095367432
1998-12-09 22:06:30+00:00,386.0,5.170000076293945
1998-12-09 22:11:32+00:00,386.0,4.889999866485596
1998-12-09 22:16:33+00:00,388.0,5.119999885559082
1998-12-09 22:21:39+00:00,386.0,4.960000038146973
1998-12-09 22:26:39+00:00,386.0,4.960000038146973
1998-12-09 22:31:40+00:00,386.0,5.039999961853027
1998-12-09 22:36:42+00:00,386.0,4.860000133514404
1998-12-09 22:41:45+00:00,387.0,4.71999979019165
1998-12-09 22:46:47+00:00,386.0,4.820000171661377
1998-12-09 22:51:48+00:00,386.0,4.409999847412109
1998-12-09 22:56:52+00:00,387.0,4.5
1998-12-09 23:01:54+00:00,386.0,4.699999809265137
1998-12-09 23:06:55+00:00,384.0,4.25
1998-12-09 23:11:57+00:00,383.0,4.679999828338623
1998-12-09 23:17:00+00:00,384.0,5.329999923706055
1998-12-09 23:22:02+00:00,383.0,5.139999866485596
1998-12-09 23:27:06+00:00,383.0,4.71999979019165
1998-12-09 23:32:06+00:00,384.0,4.539999961853027
1998-12-09 23:37:09+00:00,384.0,4.760000228881836
1998-12-09 23:42:10+00:00,384.0,4.96999979019165
1998-12-09 23:47:14+00:00,382.0,5.260000228881836
1998-12-09 23:52:16+00:00,383.0,4.929999828338623
1998-12-09 23:57:19+00:00,385.0,5.059999942779541
1998-12-10 00:00:04+00:00,383.0,5.199999809265137
1998-12-10 00:04:51+00:00,382.0,5.039999961853027
1998-12-10 00:09:52+00:00,381.0,5.409999847412109
1998-12-10 00:14:56+00:00,382.0,5.849999904632568
1998-12-10 00:19:57+00:00,383.0,5.590000152587891
1998-12-10 00:24:59+00:00,383.0,5.610000133514404
1998-12-10 00:30:03+00:00,385.0,5.590000152587891
1998-12-10 00:35:04+00:00,384.0,5.860000133514404
1998-12-10 00:40:06+00:00,383.0,6.059999942779541
1998-12-10 00:45:07+00:00,382.0,6.159999847412109
1998-12-10 00:50:11+00:00,379.0,4.96999979019165
1998-12-10 00:55:13+00:00,380.0,5.21999979019165
1998-12-10 01:00:16+00:00,381.0,5.389999866485596
1998-12-10 01:05:18+00:00,381.0,5.590000152587891
1998-12-10 01:10:19+00:00,382.0,5.880000114440918
1998-12-10 01:15:21+00:00,382.0,6.119999885559082
1998-12-10 01:20:25+00:00,382.0,6.130000114440918
1998-12-10 01:25:26+00:00,381.0,5.75
1998-12-10 01:30:30+00:00,381.0,5.730000019073486
1998-12-10 01:35:30+00:00,381.0,5.610000133514404
1998-12-10 01:40:33+00:00,380.0,5.860000133514404
1998-12-10 01:45:35+00:00,382.0,6.0
1998-12-10 01:50:36+00:00,383.0,6.429999828338623
1998-12-10 01:55:40+00:00,382.0,6.480000019073486
1998-12-10 02:00:44+00:00,382.0,6.630000114440918
1998-12-10 02:05:43+00:00,386.0,6.900000095367432
1998-12-10 02:10:47+00:00,384.0,6.869999885559082
1998-12-10 02:15:48+00:00,385.0,6.909999847412109
1998-12-10 02:20:50+00:00,384.0,6.880000114440918
1998-12-10 02:25:53+00:00,386.0,7.170000076293945
1998-12-10 02:30:57+00:00,388.0,7.010000228881836
1998-12-10 02:35:57+00:00,388.0,7.050000190734863
1998-12-10 02:40:58+00:00,388.0,6.829999923706055
1998-12-10 02:46:02+00:00,386.0,6.96999979019165
1998-12-10 02:51:03+00:00,385.0,7.090000152587891
1998-12-10 02:56:05+00:00,389.0,7.550000190734863
1998-12-10 03:01:11+00:00,391.0,7.190000057220459
1998-12-10 03:06:10+00:00,390.0,7.21999979019165
1998-12-10 03:11:12+00:00,403.0,7.070000171661377
1998-12-10 03:16:13+00:00,391.0,5.820000171661377
1998-12-10 03:21:17+00:00,389.0,7.559999942779541
1998-12-10 03:26:19+00:00,388.0,8.6899995803833
1998-12-10 03:31:20+00:00,389.0,8.880000114440918
1998-12-10 03:36:24+00:00,389.0,7.840000152587891
1998-12-10 03:41:25+00:00,389.0,7.889999866485596
1998-12-10 03:46:27+00:00,385.0,8.399999618530273
1998-12-10 03:51:30+00:00,377.0,7.150000095367432
1998-12-10 03:56:32+00:00,380.0,6.690000057220459
1998-12-10 04:01:34+00:00,383.0,6.429999828338623
1998-12-10 04:06:38+00:00,373.0,5.380000114440918
1998-12-10 04:11:39+00:00,376.0,5.090000152587891
1998-12-10 04:16:41+00:00,377.0,5.489999771118164
1998-12-10 04:21:43+00:00,384.0,6.829999923706055
1998-12-10 04:26:46+00:00,382.0,6.739999771118164
1998-12-10 04:31:48+00:00,383.0,6.980000019073486
1998-12-10 04:36:52+00:00,382.0,7.0
1998-12-10 04:41:51+00:00,382.0,7.460000038146973
1998-12-10 04:46:55+00:00,379.0,7.130000114440918
1998-12-10 04:51:56+00:00,380.0,6.949999809265137
1998-12-10 04:56:58+00:00,378.0,6.889999866485596
1998-12-10 05:02:01+00:00,377.0,7.340000152587891
1998-12-10 05:07:05+00:00,374.0,7.730000019073486
1998-12-10 05:12:05+00:00,374.0,7.809999942779541
1998-12-10 05:17:08+00:00,374.0,8.420000076293945
1998-12-10 05:22:10+00:00,381.0,8.789999961853027
1998-12-10 05:27:12+00:00,381.0,9.9399995803833
1998-12-10 05:32:15+00:00,379.0,9.319999694824219
1998-12-10 05:37:19+00:00,378.0,9.619999885559082
1998-12-10 05:42:19+00:00,379.0,9.470000267028809
1998-12-10 05:47:22+00:00,381.0,9.5600004196167
1998-12-10 05:52:23+00:00,380.0,9.600000381469727
1998-12-10 05:57:55+00:00,384.0,9.350000381469727
1998-12-10 06:02:59+00:00,382.0,7.980000019073486
1998-12-10 06:08:02+00:00,382.0,7.389999866485596
1998-12-10 06:13:02+00:00,373.0,6.039999961853027
1998-12-10 06:18:03+00:00,363.0,6.670000076293945
1998-12-10 06:23:07+00:00,371.0,7.449999809265137
1998-12-10 06:28:09+00:00,373.0,8.720000267028809
1998-12-10 06:33:10+00:00,376.0,8.010000228881836
1998-12-10 06:38:16+00:00,378.0,8.640000343322754
1998-12-10 06:43:16+00:00,376.0,9.529999732971191
1998-12-10 06:48:17+00:00,377.0,9.779999732971191
1998-12-10 06:53:19+00:00,378.0,9.770000457763672
1998-12-10 06:58:22+00:00,378.0,9.920000076293945
1998-12-10 07:03:24+00:00,382.0,9.3100004196167
1998-12-10 07:08:25+00:00,380.0,8.5
1998-12-10 07:13:29+00:00,382.0,9.15999984741211
1998-12-10 07:18:31+00:00,380.0,8.970000267028809
1998-12-10 07:23:32+00:00,379.0,8.5
1998-12-10 07:28:36+00:00,379.0,8.720000267028809
1998-12-10 07:33:37+00:00,379.0,9.25
1998-12-10 07:38:39+00:00,377.0,8.710000038146973
1998-12-10 07:43:43+00:00,381.0,8.460000038146973
1998-12-10 07:48:44+00:00,378.0,8.670000076293945
1998-12-10 07:53:46+00:00,373.0,7.739999771118164
1998-12-10 07:58:47+00:00,374.0,7.900000095367432
1998-12-10 08:03:51+00:00,372.0,7.860000133514404
1998-12-10 08:08:53+00:00,369.0,7.96999979019165
1998-12-10 08:13:56+00:00,370.0,7.159999847412109
1998-12-10 08:18:56+00:00,376.0,7.710000038146973
1998-12-10 08:23:59+00:00,379.0,8.1899995803833
1998-12-10 08:29:01+00:00,374.0,7.949999809265137
1998-12-10 08:34:03+00:00,375.0,8.0
1998-12-10 08:39:06+00:00,372.0,7.989999771118164
1998-12-10 08:44:10+00:00,373.0,7.590000152587891
1998-12-10 08:49:10+00:00,371.0,8.510000228881836
1998-12-10 08:54:13+00:00,372.0,8.670000076293945
1998-12-10 08:59:15+00:00,373.0,8.65999984741211
1998-12-10 09:04:16+00:00,373.0,8.430000305175781
1998-12-10 09:09:20+00:00,371.0,8.6899995803833
1998-12-10 09:14:24+00:00,371.0,8.550000190734863
1998-12-10 09:19:23+00:00,373.0,8.489999771118164
1998-12-10 09:24:25+00:00,369.0,8.789999961853027
1998-12-10 09:29:28+00:00,366.0,8.6899995803833
1998-12-10 09:34:30+00:00,366.0,8.40999984741211
1998-12-10 09:39:31+00:00,356.0,7.269999980926514
1998-12-10 09:44:37+00:00,354.0,7.309999942779541
1998-12-10 09:49:37+00:00,353.0,7.130000114440918
1998-12-10 09:54:38+00:00,354.0,6.929999828338623
1998-12-10 09:59:42+00:00,364.0,8.079999923706055
1998-12-10 10:04:43+00:00,354.0,7.010000228881836
1998-12-10 10:09:45+00:00,360.0,6.940000057220459
1998-12-10 10:14:47+00:00,358.0,6.760000228881836
1998-12-10 10:19:50+00:00,357.0,6.699999809265137
1998-12-10 10:24:52+00:00,362.0,7.489999771118164
1998-12-10 10:29:53+00:00,354.0,6.75
1998-12-10 10:34:57+00:00,352.0,6.699999809265137
1998-12-10 10:39:59+00:00,350.0,6.210000038146973
1998-12-10 10:45:00+00:00,351.0,6.269999980926514
1998-12-10 10:50:04+00:00,347.0,6.199999809265137
1998-12-10 10:55:05+00:00,350.0,6.809999942779541
1998-12-10 11:00:07+00:00,360.0,9.039999961853027
1998-12-10 11:05:09+00:00,359.0,9.0600004196167
1998-12-10 11:10:12+00:00,354.0,8.920000076293945
1998-12-10 11:15:14+00:00,354.0,8.90999984741211
1998-12-10 11:20:18+00:00,357.0,9.079999923706055
1998-12-10 11:25:19+00:00,353.0,8.729999542236328
1998-12-10 11:30:21+00:00,349.0,8.600000381469727
1998-12-10 11:35:22+00:00,346.0,8.369999885559082
1998-12-10 11:40:26+00:00,347.0,7.760000228881836
1998-12-10 11:45:27+00:00,339.0,4.78000020980835
1998-12-10 11:50:31+00:00,335.0,4.230000019073486
1998-12-10 11:55:31+00:00,332.0,4.510000228881836
1998-12-10 12:00:34+00:00,332.0,4.639999866485596
1998-12-10 12:05:36+00:00,331.0,5.139999866485596
1998-12-10 12:10:37+00:00,332.0,7.75
1998-12-10 12:15:41+00:00,333.0,8.460000038146973
1998-12-10 12:20:45+00:00,328.0,7.610000133514404
1998-12-10 12:25:45+00:00,326.0,8.489999771118164
1998-12-10 12:30:48+00:00,329.0,7.309999942779541
1998-12-10 12:35:49+00:00,330.0,7.090000152587891
1998-12-10 12:40:51+00:00,335.0,6.199999809265137
1998-12-10 12:45:53+00:00,333.0,6.079999923706055
1998-12-10 12:50:58+00:00,330.0,6.010000228881836
1998-12-10 12:55:58+00:00,329.0,6.050000190734863
1998-12-10 13:01:00+00:00,332.0,5.929999828338623
1998-12-10 13:06:03+00:00,335.0,4.96999979019165
1998-12-10 13:11:05+00:00,334.0,5.28000020980835
1998-12-10 13:16:06+00:00,336.0,5.269999980926514
1998-12-10 13:21:12+00:00,333.0,5.550000190734863
1998-12-10 13:26:12+00:00,336.0,4.769999980926514
1998-12-10 13:31:13+00:00,335.0,4.53000020980835
1998-12-10 13:36:15+00:00,333.0,4.679999828338623
1998-12-10 13:41:18+00:00,332.0,5.050000190734863
1998-12-10 13:46:20+00:00,334.0,5.039999961853027
1998-12-10 13:51:21+00:00,335.0,4.820000171661377
1998-12-10 13:56:25+00:00,335.0,5.389999866485596
1998-12-10 14:01:27+00:00,335.0,5.570000171661377
1998-12-10 14:06:28+00:00,336.0,5.389999866485596
1998-12-10 14:11:32+00:00,335.0,4.239999771118164
1998-12-10 14:16:33+00:00,334.0,4.989999771118164
1998-12-10 14:21:35+00:00,337.0,4.53000020980835
1998-12-10 14:26:39+00:00,333.0,5.03000020980835
1998-12-10 14:31:40+00:00,336.0,5.369999885559082
1998-12-10 14:36:42+00:00,336.0,6.179999828338623
1998-12-10 14:41:43+00:00,336.0,6.760000228881836
1998-12-10 14:46:47+00:00,337.0,6.789999961853027
1998-12-10 14:51:49+00:00,336.0,7.059999942779541
1998-12-10 14:56:52+00:00,336.0,7.989999771118164
1998-12-10 15:01:52+00:00,338.0,8.989999771118164
1998-12-10 15:06:55+00:00,338.0,6.579999923706055
1998-12-10 15:11:57+00:00,336.0,6.400000095367432
1998-12-10 15:16:59+00:00,336.0,7.059999942779541
1998-12-10 15:22:02+00:00,331.0,9.670000076293945
1998-12-10 15:27:06+00:00,328.0,8.970000267028809
1998-12-10 15:32:06+00:00,329.0,10.319999694824219
1998-12-10 15:37:09+00:00,328.0,9.479999542236328
1998-12-10 15:42:11+00:00,328.0,8.859999656677246
1998-12-10 15:47:12+00:00,330.0,7.130000114440918
1998-12-10 15:52:16+00:00,328.0,7.769999980926514
1998-12-10 15:57:19+00:00,330.0,9.40999984741211
1998-12-10 16:02:19+00:00,331.0,10.4399995803833
1998-12-10 16:07:21+00:00,330.0,8.739999771118164
1998-12-10 16:12:24+00:00,336.0,6.75
1998-12-10 16:17:26+00:00,331.0,7.170000076293945
1998-12-10 16:22:27+00:00,341.0,5.760000228881836
1998-12-10 16:27:33+00:00,336.0,5.559999942779541
1998-12-10 16:32:33+00:00,337.0,4.869999885559082
1998-12-10 16:37:34+00:00,343.0,5.610000133514404
1998-12-10 16:42:38+00:00,350.0,4.869999885559082
1998-12-10 16:47:39+00:00,351.0,5.179999828338623
1998-12-10 16:52:41+00:00,344.0,4.579999923706055
1998-12-10 16:57:43+00:00,356.0,4.949999809265137
1998-12-10 17:02:46+00:00,371.0,5.980000019073486
1998-12-10 17:07:48+00:00,371.0,6.409999847412109
1998-12-10 17:12:49+00:00,373.0,7.010000228881836
1998-12-10 17:17:53+00:00,378.0,7.550000190734863
1998-12-10 17:22:55+00:00,377.0,7.46999979019165
1998-12-10 17:27:56+00:00,378.0,7.869999885559082
1998-12-10 17:33:00+00:00,376.0,7.320000171661377
1998-12-10 17:38:01+00:00,375.0,7.25
1998-12-10 17:43:03+00:00,375.0,7.210000038146973
1998-12-10 17:48:06+00:00,375.0,7.25
1998-12-10 17:53:08+00:00,377.0,7.349999904632568
1998-12-10 17:58:10+00:00,375.0,7.920000076293945
1998-12-10 18:03:13+00:00,375.0,7.659999847412109
1998-12-10 18:08:15+00:00,373.0,7.539999961853027
1998-12-10 18:13:17+00:00,370.0,7.360000133514404
1998-12-10 18:18:18+00:00,367.0,7.329999923706055
1998-12-10 18:23:22+00:00,370.0,6.900000095367432
1998-12-10 18:28:23+00:00,371.0,7.110000133514404
1998-12-10 18:33:27+00:00,373.0,7.570000171661377
1998-12-10 18:38:27+00:00,370.0,6.860000133514404
1998-12-10 18:43:30+00:00,365.0,7.039999961853027
1998-12-10 18:48:32+00:00,366.0,7.039999961853027
1998-12-10 18:53:33+00:00,364.0,7.429999828338623
1998-12-10 18:58:37+00:00,371.0,7.190000057220459
1998-12-10 19:03:41+00:00,374.0,7.099999904632568
1998-12-10 19:08:40+00:00,374.0,7.03000020980835
1998-12-10 19:13:44+00:00,372.0,7.019999980926514
1998-12-10 19:18:45+00:00,370.0,7.0
1998-12-10 19:23:47+00:00,374.0,7.71999979019165
1998-12-10 19:28:50+00:00,367.0,7.619999885559082
1998-12-10 19:33:54+00:00,366.0,8.039999961853027
1998-12-10 19:38:54+00:00,370.0,8.279999732971191
1998-12-10 19:43:55+00:00,373.0,8.390000343322754
1998-12-10 19:48:59+00:00,373.0,8.970000267028809
1998-12-10 19:54:01+00:00,371.0,9.229999542236328
1998-12-10 19:59:02+00:00,372.0,9.399999618530273
1998-12-10 20:04:08+00:00,373.0,9.40999984741211
1998-12-10 20:09:08+00:00,374.0,9.600000381469727
1998-12-10 20:14:09+00:00,379.0,10.130000114440918
1998-12-10 20:19:11+00:00,370.0,10.010000228881836
1998-12-10 20:24:14+00:00,373.0,9.670000076293945
1998-12-10 20:29:16+00:00,374.0,9.569999694824219
1998-12-10 20:34:17+00:00,370.0,9.489999771118164
1998-12-10 20:39:21+00:00,366.0,10.039999961853027
1998-12-10 20:44:22+00:00,370.0,10.289999961853027
1998-12-10 20:49:24+00:00,370.0,10.710000038146973
1998-12-10 20:54:28+00:00,365.0,10.5
1998-12-10 20:59:29+00:00,366.0,10.069999694824219
1998-12-10 21:04:31+00:00,367.0,9.65999984741211
1998-12-10 21:09:35+00:00,369.0,9.619999885559082
1998-12-10 21:14:36+00:00,365.0,9.470000267028809
1998-12-10 21:19:38+00:00,362.0,10.109999656677246
1998-12-10 21:24:39+00:00,355.0,8.970000267028809
1998-12-10 21:29:43+00:00,360.0,9.130000114440918
1998-12-10 21:34:44+00:00,360.0,9.489999771118164
1998-12-10 21:39:48+00:00,361.0,9.569999694824219
1998-12-10 21:44:48+00:00,363.0,9.550000190734863
1998-12-10 21:49:51+00:00,361.0,9.430000305175781
1998-12-10 21:54:53+00:00,358.0,9.470000267028809
1998-12-10 21:59:55+00:00,356.0,9.289999961853027
1998-12-10 22:05:28+00:00,361.0,9.279999732971191
1998-12-10 22:10:32+00:00,356.0,8.5600004196167
1998-12-10 22:15:32+00:00,353.0,8.699999809265137
1998-12-10 22:20:35+00:00,353.0,8.649999618530273
1998-12-10 22:25:36+00:00,356.0,8.9399995803833
1998-12-10 22:30:38+00:00,354.0,9.5
1998-12-10 22:35:42+00:00,349.0,8.770000457763672
1998-12-10 22:40:45+00:00,351.0,7.940000057220459
1998-12-10 22:45:45+00:00,347.0,8.229999542236328
1998-12-10 22:50:48+00:00,344.0,9.3100004196167
1998-12-10 22:55:50+00:00,346.0,9.3100004196167
1998-12-10 23:00:52+00:00,346.0,9.229999542236328
1998-12-10 23:05:53+00:00,349.0,9.279999732971191
1998-12-10 23:10:59+00:00,356.0,9.300000190734863
1998-12-10 23:15:59+00:00,364.0,9.489999771118164
1998-12-10 23:21:00+00:00,359.0,9.9399995803833
1998-12-10 23:26:04+00:00,362.0,10.359999656677246
1998-12-10 23:31:05+00:00,363.0,10.569999694824219
1998-12-10 23:36:07+00:00,364.0,10.529999732971191
1998-12-10 23:41:13+00:00,370.0,9.979999542236328
1998-12-10 23:46:12+00:00,370.0,10.3100004196167
1998-12-10 23:51:14+00:00,367.0,9.640000343322754
1998-12-10 23:56:15+00:00,368.0,9.130000114440918
1998-12-11 00:00:02+00:00,370.0,9.119999885559082
1998-12-11 00:04:51+00:00,370.0,8.289999961853027
1998-12-11 00:09:52+00:00,368.0,8.529999732971191
1998-12-11 00:14:56+00:00,366.0,8.8100004196167
1998-12-11 00:19:56+00:00,374.0,9.930000305175781
1998-12-11 00:24:59+00:00,377.0,11.9399995803833
1998-12-11 00:30:01+00:00,377.0,13.1899995803833
1998-12-11 00:35:04+00:00,375.0,12.970000267028809
1998-12-11 00:40:06+00:00,372.0,12.470000267028809
1998-12-11 00:45:10+00:00,367.0,12.039999961853027
1998-12-11 00:50:09+00:00,368.0,11.920000076293945
1998-12-11 00:55:13+00:00,366.0,11.479999542236328
1998-12-11 01:00:14+00:00,365.0,11.539999961853027
1998-12-11 01:05:16+00:00,363.0,11.510000228881836
1998-12-11 01:10:19+00:00,360.0,11.329999923706055
1998-12-11 01:15:23+00:00,356.0,11.100000381469727
1998-12-11 01:20:23+00:00,353.0,10.100000381469727
1998-12-11 01:25:24+00:00,355.0,9.84000015258789
1998-12-11 01:30:28+00:00,356.0,9.869999885559082
1998-12-11 01:35:29+00:00,352.0,9.520000457763672
1998-12-11 01:40:31+00:00,355.0,9.59000015258789
1998-12-11 01:45:37+00:00,357.0,6.380000114440918
1998-12-11 01:50:36+00:00,365.0,5.760000228881836
1998-12-11 01:55:38+00:00,355.0,6.880000114440918
1998-12-11 02:00:41+00:00,372.0,7.78000020980835
1998-12-11 02:05:43+00:00,382.0,11.800000190734863
1998-12-11 02:10:45+00:00,380.0,10.890000343322754
1998-12-11 02:15:50+00:00,381.0,13.9399995803833
1998-12-11 02:20:50+00:00,382.0,15.779999732971191
1998-12-11 02:25:51+00:00,382.0,16.15999984741211
1998-12-11 02:30:53+00:00,383.0,16.75
1998-12-11 02:35:57+00:00,384.0,18.280000686645508
1998-12-11 02:40:58+00:00,384.0,19.170000076293945
1998-12-11 02:46:00+00:00,384.0,19.5
1998-12-11 02:51:04+00:00,380.0,15.510000228881836
1998-12-11 02:56:05+00:00,375.0,10.949999809265137
1998-12-11 03:01:07+00:00,377.0,10.260000228881836
1998-12-11 03:06:08+00:00,377.0,10.84000015258789
1998-12-11 03:11:12+00:00,378.0,10.779999732971191
1998-12-11 03:16:13+00:00,378.0,11.130000114440918
1998-12-11 03:21:17+00:00,364.0,11.729999542236328
1998-12-11 03:26:17+00:00,369.0,11.9399995803833
1998-12-11 03:31:20+00:00,367.0,13.199999809265137
1998-12-11 03:36:22+00:00,367.0,13.15999984741211
1998-12-11 03:41:23+00:00,368.0,13.020000457763672
1998-12-11 03:46:27+00:00,370.0,13.380000114440918
1998-12-11 03:51:31+00:00,372.0,13.859999656677246
1998-12-11 03:56:30+00:00,370.0,14.390000343322754
1998-12-11 04:01:34+00:00,373.0,14.9399995803833
1998-12-11 04:06:35+00:00,375.0,15.260000228881836
1998-12-11 04:11:37+00:00,374.0,15.970000267028809
1998-12-11 04:16:41+00:00,375.0,15.800000190734863
1998-12-11 04:21:45+00:00,372.0,16.8799991607666
1998-12-11 04:26:45+00:00,374.0,16.149999618530273
1998-12-11 04:31:46+00:00,373.0,17.34000015258789
1998-12-11 04:36:49+00:00,373.0,17.68000030517578
1998-12-11 04:41:51+00:00,371.0,17.489999771118164
1998-12-11 04:46:53+00:00,373.0,17.09000015258789
1998-12-11 04:51:58+00:00,374.0,17.809999465942383
1998-12-11 04:56:58+00:00,374.0,18.09000015258789
1998-12-11 05:02:00+00:00,375.0,18.850000381469727
1998-12-11 05:07:03+00:00,380.0,19.690000534057617
1998-12-11 05:12:05+00:00,380.0,22.15999984741211
1998-12-11 05:17:06+00:00,379.0,22.200000762939453
1998-12-11 05:22:08+00:00,381.0,22.68000030517578
1998-12-11 05:27:12+00:00,382.0,14.979999542236328
1998-12-11 05:32:13+00:00,380.0,13.109999656677246
1998-12-11 05:37:15+00:00,374.0,13.149999618530273
1998-12-11 05:42:18+00:00,372.0,12.859999656677246
1998-12-11 05:47:20+00:00,377.0,12.210000038146973
1998-12-11 05:52:22+00:00,381.0,13.0
1998-12-11 05:57:25+00:00,374.0,12.149999618530273
1998-12-11 06:02:27+00:00,367.0,10.779999732971191
1998-12-11 06:07:28+00:00,374.0,10.729999542236328
1998-12-11 06:12:30+00:00,374.0,9.800000190734863
1998-12-11 06:17:33+00:00,373.0,9.0600004196167
1998-12-11 06:22:35+00:00,384.0,10.289999961853027
1998-12-11 06:27:39+00:00,384.0,10.640000343322754
1998-12-11 06:32:40+00:00,384.0,10.390000343322754
1998-12-11 06:37:42+00:00,382.0,10.699999809265137
1998-12-11 06:42:44+00:00,378.0,10.3100004196167
1998-12-11 06:47:47+00:00,376.0,10.270000457763672
1998-12-11 06:52:49+00:00,373.0,9.140000343322754
1998-12-11 06:57:52+00:00,378.0,9.520000457763672
1998-12-11 07:02:52+00:00,375.0,9.420000076293945
1998-12-11 07:07:55+00:00,378.0,9.489999771118164
1998-12-11 07:13:27+00:00,376.0,8.760000228881836
1998-12-11 07:18:31+00:00,372.0,7.900000095367432
1998-12-11 07:23:32+00:00,371.0,8.100000381469727
1998-12-11 07:28:36+00:00,373.0,7.369999885559082
1998-12-11 07:33:36+00:00,372.0,7.139999866485596
1998-12-11 07:38:39+00:00,365.0,6.949999809265137
1998-12-11 07:43:41+00:00,365.0,7.050000190734863
1998-12-11 07:48:42+00:00,366.0,7.289999961853027
1998-12-11 07:53:46+00:00,371.0,9.270000457763672
1998-12-11 07:58:50+00:00,376.0,10.59000015258789
1998-12-11 08:03:49+00:00,388.0,8.050000190734863
1998-12-11 08:08:51+00:00,379.0,8.979999542236328
1998-12-11 08:13:54+00:00,380.0,8.649999618530273
1998-12-11 08:18:56+00:00,384.0,9.140000343322754
1998-12-11 08:23:57+00:00,383.0,8.510000228881836
1998-12-11 08:29:03+00:00,380.0,9.020000457763672
1998-12-11 08:34:03+00:00,381.0,8.90999984741211
1998-12-11 08:39:04+00:00,390.0,11.680000305175781
1998-12-11 08:44:08+00:00,390.0,11.640000343322754
1998-12-11 08:49:09+00:00,388.0,11.680000305175781
1998-12-11 08:54:11+00:00,381.0,10.350000381469727
1998-12-11 08:59:17+00:00,366.0,8.930000305175781
1998-12-11 09:04:16+00:00,371.0,8.890000343322754
1998-12-11 09:09:18+00:00,378.0,9.850000381469727
1998-12-11 09:14:19+00:00,381.0,11.180000305175781
1998-12-11 09:19:23+00:00,375.0,8.479999542236328
1998-12-11 09:24:25+00:00,373.0,8.539999961853027
1998-12-11 09:29:26+00:00,370.0,8.220000267028809
1998-12-11 09:34:30+00:00,372.0,8.789999961853027
1998-12-11 09:39:31+00:00,376.0,9.729999542236328
1998-12-11 09:44:33+00:00,376.0,9.039999961853027
1998-12-11 09:49:35+00:00,379.0,8.319999694824219
1998-12-11 09:54:38+00:00,375.0,8.479999542236328
1998-12-11 09:59:40+00:00,372.0,9.199999809265137
1998-12-11 10:04:44+00:00,373.0,9.079999923706055
1998-12-11 10:09:45+00:00,377.0,8.670000076293945
1998-12-11 10:14:47+00:00,377.0,9.220000267028809
1998-12-11 10:19:48+00:00,380.0,7.869999885559082
1998-12-11 10:24:52+00:00,386.0,7.909999847412109
1998-12-11 10:29:53+00:00,380.0,8.390000343322754
1998-12-11 10:34:57+00:00,368.0,8.029999732971191
1998-12-11 10:39:57+00:00,358.0,8.130000114440918
1998-12-11 10:45:00+00:00,350.0,8.0600004196167
1998-12-11 10:50:02+00:00,354.0,8.319999694824219
1998-12-11 10:55:03+00:00,352.0,7.949999809265137
1998-12-11 11:00:07+00:00,349.0,7.400000095367432
1998-12-11 11:05:11+00:00,351.0,7.5
1998-12-11 11:10:11+00:00,347.0,7.760000228881836
1998-12-11 11:15:14+00:00,347.0,7.650000095367432
1998-12-11 11:20:15+00:00,343.0,7.840000152587891
1998-12-11 11:25:17+00:00,343.0,8.1899995803833
1998-12-11 11:30:19+00:00,346.0,8.420000076293945
1998-12-11 11:35:24+00:00,345.0,8.5600004196167
1998-12-11 11:40:24+00:00,359.0,8.579999923706055
1998-12-11 11:45:25+00:00,353.0,8.569999694824219
1998-12-11 11:50:29+00:00,335.0,8.050000190734863
1998-12-11 11:55:31+00:00,337.0,9.020000457763672
1998-12-11 12:00:32+00:00,334.0,10.609999656677246
1998-12-11 12:05:38+00:00,337.0,10.65999984741211
1998-12-11 12:10:38+00:00,345.0,9.4399995803833
1998-12-11 12:15:39+00:00,334.0,9.470000267028809
1998-12-11 12:20:41+00:00,328.0,10.229999542236328
1998-12-11 12:25:44+00:00,323.0,10.529999732971191
1998-12-11 12:30:46+00:00,323.0,10.789999961853027
1998-12-11 12:35:47+00:00,322.0,11.140000343322754
1998-12-11 12:40:51+00:00,319.0,11.0600004196167
1998-12-11 12:45:53+00:00,320.0,11.100000381469727
1998-12-11 12:50:54+00:00,326.0,10.760000228881836
1998-12-11 12:55:58+00:00,327.0,10.260000228881836
1998-12-11 13:00:59+00:00,318.0,11.390000343322754
1998-12-11 13:06:01+00:00,321.0,11.380000114440918
1998-12-11 13:11:05+00:00,324.0,11.319999694824219
1998-12-11 13:16:06+00:00,321.0,10.760000228881836
1998-12-11 13:21:08+00:00,325.0,11.039999961853027
1998-12-11 13:26:09+00:00,323.0,11.729999542236328
1998-12-11 13:31:13+00:00,327.0,12.220000267028809
1998-12-11 13:36:15+00:00,333.0,12.489999771118164
1998-12-11 13:41:18+00:00,335.0,13.399999618530273
1998-12-11 13:46:18+00:00,331.0,13.460000038146973
1998-12-11 13:51:21+00:00,332.0,13.079999923706055
1998-12-11 13:56:23+00:00,336.0,11.770000457763672
1998-12-11 14:01:25+00:00,331.0,11.380000114440918
1998-12-11 14:06:28+00:00,336.0,11.579999923706055
1998-12-11 14:11:32+00:00,340.0,14.220000267028809
1998-12-11 14:16:32+00:00,337.0,14.34000015258789
1998-12-11 14:21:35+00:00,338.0,15.869999885559082
1998-12-11 14:26:37+00:00,338.0,15.890000343322754
1998-12-11 14:31:38+00:00,340.0,17.1200008392334
1998-12-11 14:36:42+00:00,338.0,17.09000015258789
1998-12-11 14:41:46+00:00,337.0,14.359999656677246
1998-12-11 14:46:45+00:00,336.0,16.459999084472656
1998-12-11 14:51:47+00:00,336.0,16.31999969482422
1998-12-11 14:56:50+00:00,336.0,15.430000305175781
1998-12-11 15:01:52+00:00,334.0,14.369999885559082
1998-12-11 15:06:53+00:00,333.0,13.520000457763672
1998-12-11 15:11:59+00:00,335.0,11.829999923706055
1998-12-11 15:16:59+00:00,333.0,12.930000305175781
1998-12-11 15:22:00+00:00,330.0,14.3100004196167
1998-12-11 15:27:04+00:00,331.0,13.539999961853027
1998-12-11 15:32:05+00:00,336.0,11.640000343322754
1998-12-11 15:37:07+00:00,344.0,11.010000228881836
1998-12-11 15:42:09+00:00,342.0,11.380000114440918
1998-12-11 15:47:12+00:00,338.0,10.359999656677246
1998-12-11 15:52:14+00:00,341.0,8.65999984741211
1998-12-11 15:57:15+00:00,340.0,6.170000076293945
1998-12-11 16:02:19+00:00,334.0,6.260000228881836
1998-12-11 16:07:21+00:00,332.0,6.269999980926514
1998-12-11 16:12:22+00:00,337.0,6.03000020980835
1998-12-11 16:17:26+00:00,336.0,6.110000133514404
1998-12-11 16:22:27+00:00,332.0,5.960000038146973
1998-12-11 16:27:29+00:00,338.0,5.920000076293945
1998-12-11 16:32:31+00:00,358.0,5.269999980926514
1998-12-11 16:37:34+00:00,360.0,5.210000038146973
1998-12-11 16:42:36+00:00,366.0,5.110000133514404
1998-12-11 16:47:40+00:00,377.0,6.429999828338623
1998-12-11 16:52:39+00:00,369.0,7.269999980926514
1998-12-11 16:57:43+00:00,364.0,7.170000076293945
1998-12-11 17:02:44+00:00,364.0,7.739999771118164
1998-12-11 17:07:46+00:00,367.0,8.020000457763672
1998-12-11 17:12:49+00:00,366.0,7.989999771118164
1998-12-11 17:17:53+00:00,363.0,7.989999771118164
1998-12-11 17:22:53+00:00,360.0,8.170000076293945
1998-12-11 17:27:56+00:00,363.0,8.25
1998-12-11 17:32:58+00:00,358.0,9.300000190734863
1998-12-11 17:37:59+00:00,361.0,9.210000038146973
1998-12-11 17:43:03+00:00,368.0,8.859999656677246
1998-12-11 17:48:07+00:00,365.0,7.960000038146973
1998-12-11 17:53:07+00:00,371.0,8.420000076293945
1998-12-11 18:01:10+00:00,368.0,8.630000114440918
1998-12-11 18:06:13+00:00,364.0,9.329999923706055
1998-12-11 18:13:15+00:00,365.0,9.25
1998-12-11 18:18:20+00:00,358.0,9.279999732971191
1998-12-11 18:23:20+00:00,348.0,9.989999771118164
1998-12-11 18:28:21+00:00,349.0,10.029999732971191
1998-12-11 18:33:25+00:00,352.0,10.600000381469727
1998-12-11 18:38:27+00:00,347.0,10.779999732971191
1998-12-11 18:43:28+00:00,348.0,9.819999694824219
1998-12-11 18:48:30+00:00,353.0,8.630000114440918
1998-12-11 18:53:34+00:00,359.0,7.28000020980835
1998-12-11 18:58:35+00:00,354.0,8.520000457763672
1998-12-11 19:03:39+00:00,358.0,8.15999984741211
1998-12-11 19:08:40+00:00,364.0,6.980000019073486
1998-12-11 19:13:42+00:00,364.0,6.360000133514404
1998-12-11 19:18:43+00:00,362.0,6.940000057220459
1998-12-11 19:23:47+00:00,361.0,6.409999847412109
1998-12-11 19:28:49+00:00,397.0,9.5
1998-12-11 19:33:50+00:00,400.0,11.760000228881836
1998-12-11 19:38:54+00:00,402.0,13.210000038146973
1998-12-11 19:43:55+00:00,401.0,12.760000228881836
1998-12-11 19:48:57+00:00,407.0,12.539999961853027
1998-12-11 19:54:01+00:00,408.0,10.489999771118164
1998-12-11 19:59:02+00:00,405.0,10.859999656677246
1998-12-11 20:04:04+00:00,407.0,10.600000381469727
1998-12-11 20:09:05+00:00,400.0,10.890000343322754
1998-12-11 20:14:09+00:00,401.0,11.619999885559082
1998-12-11 20:19:11+00:00,398.0,11.550000190734863
1998-12-11 20:24:14+00:00,396.0,11.069999694824219
1998-12-11 20:29:14+00:00,396.0,11.369999885559082
1998-12-11 20:34:17+00:00,402.0,12.680000305175781
1998-12-11 20:39:19+00:00,392.0,11.390000343322754
1998-12-11 20:44:21+00:00,383.0,11.579999923706055
1998-12-11 20:49:24+00:00,390.0,12.390000343322754
1998-12-11 20:54:28+00:00,390.0,12.800000190734863
1998-12-11 20:59:28+00:00,392.0,13.210000038146973
1998-12-11 21:04:31+00:00,396.0,12.180000305175781
1998-12-11 21:09:33+00:00,399.0,12.479999542236328
1998-12-11 21:14:34+00:00,397.0,12.010000228881836
1998-12-11 21:19:38+00:00,394.0,11.59000015258789
1998-12-11 21:24:42+00:00,388.0,10.369999885559082
1998-12-11 21:29:41+00:00,398.0,10.6899995803833
1998-12-11 21:34:43+00:00,413.0,13.649999618530273
1998-12-11 21:39:46+00:00,413.0,13.829999923706055
1998-12-11 21:44:48+00:00,412.0,10.729999542236328
1998-12-11 21:49:49+00:00,416.0,11.619999885559082
1998-12-11 21:54:55+00:00,420.0,13.470000267028809
1998-12-11 21:59:55+00:00,424.0,14.0
1998-12-11 22:04:56+00:00,414.0,12.079999923706055
1998-12-11 22:09:58+00:00,412.0,13.279999732971191
1998-12-11 22:15:01+00:00,410.0,13.15999984741211
1998-12-11 22:20:03+00:00,415.0,12.020000457763672
1998-12-11 22:25:05+00:00,415.0,11.470000267028809
1998-12-11 22:30:08+00:00,423.0,13.8100004196167
1998-12-11 22:35:10+00:00,428.0,14.229999542236328
1998-12-11 22:40:11+00:00,431.0,12.40999984741211
1998-12-11 22:45:15+00:00,425.0,13.119999885559082
1998-12-11 22:50:17+00:00,414.0,13.279999732971191
1998-12-11 22:55:18+00:00,406.0,12.15999984741211
1998-12-11 23:00:22+00:00,408.0,11.539999961853027
1998-12-11 23:05:23+00:00,405.0,10.380000114440918
1998-12-11 23:10:25+00:00,408.0,11.149999618530273
1998-12-11 23:15:27+00:00,409.0,10.920000076293945
1998-12-11 23:20:30+00:00,410.0,10.930000305175781
1998-12-11 23:25:32+00:00,409.0,11.640000343322754
1998-12-11 23:30:36+00:00,403.0,11.739999771118164
1998-12-11 23:35:35+00:00,402.0,11.329999923706055
1998-12-11 23:40:39+00:00,403.0,11.529999732971191
1998-12-11 23:45:40+00:00,397.0,11.470000267028809
1998-12-11 23:50:42+00:00,398.0,11.100000381469727
1998-12-11 23:55:45+00:00,406.0,11.609999656677246
1998-12-12 00:00:04+00:00,405.0,12.720000267028809
1998-12-12 00:04:49+00:00,391.0,11.09000015258789
1998-12-12 00:09:50+00:00,386.0,10.109999656677246
1998-12-12 00:14:54+00:00,395.0,11.300000190734863
1998-12-12 00:19:55+00:00,400.0,11.460000038146973
1998-12-12 00:24:57+00:00,406.0,12.470000267028809
1998-12-12 00:30:03+00:00,408.0,12.449999809265137
1998-12-12 00:35:02+00:00,407.0,12.149999618530273
1998-12-12 00:40:04+00:00,408.0,12.539999961853027
1998-12-12 00:45:05+00:00,414.0,12.390000343322754
1998-12-12 00:50:09+00:00,422.0,11.9399995803833
1998-12-12 00:55:11+00:00,417.0,11.84000015258789
1998-12-12 01:00:12+00:00,406.0,12.029999732971191
1998-12-12 01:05:16+00:00,410.0,12.079999923706055
1998-12-12 01:10:17+00:00,402.0,12.010000228881836
1998-12-12 01:15:19+00:00,397.0,12.539999961853027
1998-12-12 01:20:23+00:00,386.0,11.579999923706055
1998-12-12 01:25:24+00:00,384.0,11.779999732971191
1998-12-12 01:30:26+00:00,388.0,11.369999885559082
1998-12-12 01:35:30+00:00,388.0,11.069999694824219
1998-12-12 01:40:31+00:00,392.0,10.850000381469727
1998-12-12 01:45:33+00:00,398.0,10.729999542236328
1998-12-12 01:50:34+00:00,392.0,10.699999809265137
1998-12-12 01:55:38+00:00,395.0,10.84000015258789
1998-12-12 02:00:39+00:00,397.0,10.5
1998-12-12 02:05:43+00:00,396.0,10.270000457763672
1998-12-12 02:10:43+00:00,396.0,10.170000076293945
1998-12-12 02:15:46+00:00,393.0,10.239999771118164
1998-12-12 02:20:48+00:00,394.0,10.0
1998-12-12 02:25:50+00:00,394.0,9.569999694824219
1998-12-12 02:30:53+00:00,392.0,9.380000114440918
1998-12-12 02:35:57+00:00,394.0,9.819999694824219
1998-12-12 02:40:57+00:00,391.0,10.489999771118164
1998-12-12 02:46:00+00:00,391.0,10.039999961853027
1998-12-12 02:51:01+00:00,392.0,10.029999732971191
1998-12-12 02:56:03+00:00,400.0,9.4399995803833
1998-12-12 03:01:07+00:00,394.0,9.449999809265137
1998-12-12 03:06:10+00:00,385.0,10.3100004196167
1998-12-12 03:11:10+00:00,386.0,9.979999542236328
1998-12-12 03:16:11+00:00,381.0,9.8100004196167
1998-12-12 03:21:15+00:00,381.0,10.020000457763672
1998-12-12 03:26:17+00:00,380.0,9.800000190734863
1998-12-12 03:31:18+00:00,377.0,9.59000015258789
1998-12-12 03:36:24+00:00,381.0,9.729999542236328
1998-12-12 03:41:24+00:00,397.0,9.0
1998-12-12 03:46:25+00:00,395.0,9.449999809265137
1998-12-12 03:51:27+00:00,390.0,9.40999984741211
1998-12-12 03:56:30+00:00,382.0,9.270000457763672
1998-12-12 04:01:32+00:00,380.0,9.579999923706055
1998-12-12 04:06:33+00:00,385.0,9.5600004196167
1998-12-12 04:11:37+00:00,381.0,9.5
1998-12-12 04:16:39+00:00,380.0,9.789999961853027
1998-12-12 04:21:40+00:00,384.0,9.520000457763672
1998-12-12 04:26:44+00:00,378.0,9.539999961853027
1998-12-12 04:31:45+00:00,376.0,9.40999984741211
1998-12-12 04:36:47+00:00,380.0,9.880000114440918
1998-12-12 04:41:51+00:00,380.0,9.8100004196167
1998-12-12 04:46:53+00:00,383.0,10.050000190734863
1998-12-12 04:51:54+00:00,385.0,11.15999984741211
1998-12-12 04:56:56+00:00,385.0,12.40999984741211
1998-12-12 05:01:59+00:00,384.0,12.130000114440918
1998-12-12 05:07:01+00:00,382.0,11.75
1998-12-12 05:12:05+00:00,383.0,12.149999618530273
1998-12-12 05:17:05+00:00,381.0,11.119999885559082
1998-12-12 05:22:08+00:00,388.0,11.770000457763672
1998-12-12 05:27:10+00:00,388.0,11.609999656677246
1998-12-12 05:32:11+00:00,391.0,11.460000038146973
1998-12-12 05:37:15+00:00,388.0,11.279999732971191
1998-12-12 05:42:18+00:00,388.0,11.180000305175781
1998-12-12 05:47:18+00:00,386.0,10.539999961853027
1998-12-12 05:52:21+00:00,388.0,10.789999961853027
1998-12-12 05:57:23+00:00,387.0,10.329999923706055
1998-12-12 06:02:25+00:00,389.0,9.779999732971191
1998-12-12 06:07:28+00:00,388.0,9.819999694824219
1998-12-12 06:12:32+00:00,379.0,8.949999809265137
1998-12-12 06:17:32+00:00,380.0,9.140000343322754
1998-12-12 06:22:33+00:00,381.0,9.539999961853027
1998-12-12 06:27:37+00:00,384.0,9.09000015258789
1998-12-12 06:32:38+00:00,386.0,9.020000457763672
1998-12-12 06:37:40+00:00,387.0,9.319999694824219
1998-12-12 06:42:46+00:00,387.0,10.699999809265137
1998-12-12 06:47:45+00:00,387.0,10.90999984741211
1998-12-12 06:52:47+00:00,385.0,8.819999694824219
1998-12-12 06:57:50+00:00,386.0,8.8100004196167
1998-12-12 07:02:52+00:00,387.0,8.539999961853027
1998-12-12 07:07:54+00:00,385.0,8.640000343322754
1998-12-12 07:12:55+00:00,385.0,8.470000267028809
1998-12-12 07:17:59+00:00,387.0,8.739999771118164
1998-12-12 07:23:00+00:00,387.0,8.260000228881836
1998-12-12 07:28:02+00:00,384.0,8.289999961853027
1998-12-12 07:33:05+00:00,381.0,8.319999694824219
1998-12-12 07:38:07+00:00,384.0,7.550000190734863
1998-12-12 07:43:09+00:00,390.0,8.0
1998-12-12 07:48:13+00:00,386.0,7.510000228881836
1998-12-12 07:53:14+00:00,384.0,7.75
1998-12-12 07:58:16+00:00,385.0,8.09000015258789
1998-12-12 08:03:17+00:00,385.0,8.289999961853027
1998-12-12 08:08:21+00:00,381.0,9.09000015258789
1998-12-12 08:13:22+00:00,386.0,9.140000343322754
1998-12-12 08:18:26+00:00,384.0,8.3100004196167
1998-12-12 08:23:27+00:00,385.0,8.680000305175781
1998-12-12 08:28:29+00:00,386.0,8.65999984741211
1998-12-12 08:33:31+00:00,386.0,8.859999656677246
1998-12-12 08:38:34+00:00,387.0,9.050000190734863
1998-12-12 08:43:36+00:00,385.0,9.069999694824219
1998-12-12 08:48:40+00:00,385.0,8.3100004196167
1998-12-12 08:53:39+00:00,385.0,7.690000057220459
1998-12-12 08:58:43+00:00,384.0,7.829999923706055
1998-12-12 09:03:44+00:00,387.0,8.050000190734863
1998-12-12 09:08:46+00:00,383.0,7.900000095367432
1998-12-12 09:13:49+00:00,381.0,9.020000457763672
1998-12-12 09:18:53+00:00,385.0,8.369999885559082
1998-12-12 09:23:53+00:00,393.0,8.220000267028809
1998-12-12 09:28:56+00:00,392.0,8.319999694824219
1998-12-12 09:33:58+00:00,391.0,8.6899995803833
1998-12-12 09:38:59+00:00,392.0,8.829999923706055
1998-12-12 09:44:01+00:00,392.0,8.710000038146973
1998-12-12 09:49:07+00:00,378.0,7.829999923706055
1998-12-12 09:54:07+00:00,380.0,7.96999979019165
1998-12-12 09:59:08+00:00,382.0,8.609999656677246
1998-12-12 10:04:11+00:00,383.0,9.149999618530273
1998-12-12 10:09:13+00:00,383.0,8.5
1998-12-12 10:14:15+00:00,383.0,8.600000381469727
1998-12-12 10:19:20+00:00,387.0,9.25
1998-12-12 10:24:20+00:00,385.0,8.210000038146973
1998-12-12 10:29:21+00:00,386.0,8.029999732971191
1998-12-12 10:34:23+00:00,383.0,8.1899995803833
1998-12-12 10:39:27+00:00,382.0,8.229999542236328
1998-12-12 10:44:28+00:00,386.0,8.40999984741211
1998-12-12 10:49:30+00:00,387.0,8.850000381469727
1998-12-12 10:54:34+00:00,383.0,8.579999923706055
1998-12-12 10:59:35+00:00,388.0,9.569999694824219
1998-12-12 11:04:37+00:00,385.0,7.269999980926514
1998-12-12 11:09:40+00:00,385.0,7.429999828338623
1998-12-12 11:14:42+00:00,387.0,7.769999980926514
1998-12-12 11:19:43+00:00,388.0,7.119999885559082
1998-12-12 11:24:47+00:00,392.0,8.149999618530273
1998-12-12 11:29:49+00:00,390.0,8.899999618530273
1998-12-12 11:34:50+00:00,390.0,8.770000457763672
1998-12-12 11:39:52+00:00,388.0,7.630000114440918
1998-12-12 11:44:55+00:00,393.0,8.770000457763672
1998-12-12 11:49:57+00:00,390.0,9.289999961853027
1998-12-12 11:55:01+00:00,385.0,7.789999961853027
1998-12-12 12:00:01+00:00,387.0,7.710000038146973
1998-12-12 12:05:04+00:00,386.0,8.1899995803833
1998-12-12 12:10:05+00:00,384.0,7.079999923706055
1998-12-12 12:15:07+00:00,385.0,7.670000076293945
1998-12-12 12:20:11+00:00,389.0,7.139999866485596
1998-12-12 12:25:14+00:00,388.0,6.670000076293945
1998-12-12 12:30:14+00:00,388.0,6.590000152587891
1998-12-12 12:35:17+00:00,386.0,6.449999809265137
1998-12-12 12:40:19+00:00,389.0,6.440000057220459
1998-12-12 12:45:21+00:00,387.0,6.559999942779541
1998-12-12 12:50:24+00:00,387.0,6.559999942779541
1998-12-12 12:55:28+00:00,388.0,6.510000228881836
1998-12-12 13:00:28+00:00,389.0,6.440000057220459
1998-12-12 13:05:29+00:00,386.0,5.789999961853027
1998-12-12 13:10:33+00:00,378.0,4.75
1998-12-12 13:15:34+00:00,379.0,5.099999904632568
1998-12-12 13:20:36+00:00,385.0,6.510000228881836
1998-12-12 13:25:41+00:00,388.0,6.699999809265137
1998-12-12 13:30:41+00:00,386.0,6.679999828338623
1998-12-12 13:35:43+00:00,387.0,6.869999885559082
1998-12-12 13:40:44+00:00,389.0,7.25
1998-12-12 13:45:48+00:00,387.0,6.78000020980835
1998-12-12 13:50:49+00:00,384.0,6.510000228881836
1998-12-12 13:55:51+00:00,382.0,6.309999942779541
1998-12-12 14:00:55+00:00,390.0,6.659999847412109
1998-12-12 14:05:56+00:00,383.0,6.340000152587891
1998-12-12 14:10:58+00:00,389.0,6.800000190734863
1998-12-12 14:16:01+00:00,401.0,7.25
1998-12-12 14:21:03+00:00,387.0,7.010000228881836
1998-12-12 14:26:05+00:00,384.0,6.519999980926514
1998-12-12 14:31:08+00:00,390.0,7.309999942779541
1998-12-12 14:36:10+00:00,389.0,7.329999923706055
1998-12-12 14:41:11+00:00,391.0,6.769999980926514
1998-12-12 14:46:13+00:00,386.0,6.460000038146973
1998-12-12 14:51:17+00:00,380.0,6.099999904632568
1998-12-12 14:56:18+00:00,379.0,5.539999961853027
1998-12-12 15:01:22+00:00,405.0,6.010000228881836
1998-12-12 15:06:23+00:00,395.0,6.550000190734863
1998-12-12 15:11:25+00:00,396.0,6.489999771118164
1998-12-12 15:16:27+00:00,386.0,6.679999828338623
1998-12-12 15:21:28+00:00,383.0,6.519999980926514
1998-12-12 15:26:32+00:00,381.0,6.130000114440918
1998-12-12 15:31:36+00:00,377.0,5.860000133514404
1998-12-12 15:36:35+00:00,377.0,5.889999866485596
1998-12-12 15:41:39+00:00,380.0,6.150000095367432
1998-12-12 15:46:40+00:00,384.0,6.679999828338623
1998-12-12 15:51:42+00:00,383.0,6.480000019073486
1998-12-12 15:56:45+00:00,376.0,5.78000020980835
1998-12-12 16:01:49+00:00,376.0,5.880000114440918
1998-12-12 16:06:49+00:00,383.0,6.309999942779541
1998-12-12 16:11:52+00:00,383.0,6.380000114440918
1998-12-12 16:16:54+00:00,384.0,6.519999980926514
1998-12-12 16:21:55+00:00,386.0,6.840000152587891
1998-12-12 16:26:57+00:00,386.0,6.960000038146973
1998-12-12 16:32:03+00:00,381.0,6.46999979019165
1998-12-12 16:37:02+00:00,380.0,6.449999809265137
1998-12-12 16:42:04+00:00,383.0,6.539999961853027
1998-12-12 16:47:07+00:00,380.0,6.579999923706055
1998-12-12 16:52:09+00:00,384.0,6.710000038146973
1998-12-12 16:57:11+00:00,387.0,7.03000020980835
1998-12-12 17:02:12+00:00,384.0,6.730000019073486
1998-12-12 17:07:16+00:00,384.0,6.670000076293945
1998-12-12 17:12:17+00:00,374.0,6.230000019073486
1998-12-12 17:17:19+00:00,370.0,6.03000020980835
1998-12-12 17:22:23+00:00,375.0,6.320000171661377
1998-12-12 17:27:24+00:00,383.0,6.690000057220459
1998-12-12 17:32:26+00:00,384.0,6.840000152587891
1998-12-12 17:37:30+00:00,380.0,6.53000020980835
1998-12-12 17:42:31+00:00,383.0,6.449999809265137
1998-12-12 17:47:33+00:00,380.0,6.610000133514404
1998-12-12 17:52:34+00:00,376.0,6.289999961853027
1998-12-12 17:57:38+00:00,376.0,6.25
1998-12-12 18:02:39+00:00,384.0,6.440000057220459
1998-12-12 18:07:43+00:00,389.0,7.199999809265137
1998-12-12 18:12:45+00:00,386.0,7.170000076293945
1998-12-12 18:17:46+00:00,384.0,7.25
1998-12-12 18:22:48+00:00,386.0,7.010000228881836
1998-12-12 18:28:21+00:00,379.0,7.199999809265137
1998-12-12 18:33:23+00:00,376.0,6.650000095367432
1998-12-12 18:38:27+00:00,380.0,6.679999828338623
1998-12-12 18:43:27+00:00,381.0,6.489999771118164
1998-12-12 18:48:30+00:00,380.0,6.53000020980835
1998-12-12 18:53:31+00:00,380.0,6.579999923706055
1998-12-12 18:58:33+00:00,382.0,7.139999866485596
1998-12-12 19:03:37+00:00,382.0,6.789999961853027
1998-12-12 19:08:40+00:00,382.0,6.619999885559082
1998-12-12 19:13:40+00:00,383.0,6.360000133514404
1998-12-12 19:18:43+00:00,384.0,6.5
1998-12-12 19:23:45+00:00,384.0,6.300000190734863
1998-12-12 19:28:47+00:00,382.0,6.239999771118164
1998-12-12 19:33:50+00:00,373.0,6.260000228881836
1998-12-12 19:38:54+00:00,374.0,6.28000020980835
1998-12-12 19:43:54+00:00,377.0,6.360000133514404
1998-12-12 19:48:57+00:00,377.0,6.409999847412109
1998-12-12 19:53:59+00:00,374.0,6.349999904632568
1998-12-12 19:59:00+00:00,372.0,6.289999961853027
1998-12-12 20:04:02+00:00,387.0,7.730000019073486
1998-12-12 20:09:07+00:00,393.0,8.59000015258789
1998-12-12 20:14:07+00:00,382.0,6.860000133514404
1998-12-12 20:19:09+00:00,378.0,6.760000228881836
1998-12-12 20:24:12+00:00,388.0,7.440000057220459
1998-12-12 20:29:14+00:00,388.0,6.920000076293945
1998-12-12 20:34:15+00:00,377.0,7.260000228881836
1998-12-12 20:39:17+00:00,364.0,6.420000076293945
1998-12-12 20:44:21+00:00,367.0,6.53000020980835
1998-12-12 20:49:22+00:00,366.0,6.760000228881836
1998-12-12 20:54:24+00:00,369.0,6.730000019073486
1998-12-12 20:59:27+00:00,372.0,6.940000057220459
1998-12-12 21:04:29+00:00,370.0,6.989999771118164
1998-12-12 21:09:31+00:00,370.0,6.869999885559082
1998-12-12 21:14:34+00:00,373.0,6.599999904632568
1998-12-12 21:19:36+00:00,381.0,6.570000171661377
1998-12-12 21:24:37+00:00,378.0,6.539999961853027
1998-12-12 21:29:39+00:00,379.0,6.920000076293945
1998-12-12 21:34:43+00:00,376.0,6.929999828338623
1998-12-12 21:39:44+00:00,379.0,6.730000019073486
1998-12-12 21:44:48+00:00,378.0,6.550000190734863
1998-12-12 21:49:49+00:00,381.0,6.420000076293945
1998-12-12 21:54:51+00:00,380.0,6.699999809265137
1998-12-12 21:59:53+00:00,383.0,6.909999847412109
1998-12-12 22:04:56+00:00,377.0,6.980000019073486
1998-12-12 22:09:58+00:00,370.0,6.710000038146973
1998-12-12 22:15:02+00:00,380.0,7.400000095367432
1998-12-12 22:20:01+00:00,380.0,7.480000019073486
1998-12-12 22:25:05+00:00,375.0,7.039999961853027
1998-12-12 22:30:06+00:00,372.0,6.690000057220459
1998-12-12 22:35:08+00:00,375.0,6.5
1998-12-12 22:40:11+00:00,381.0,6.96999979019165
1998-12-12 22:45:15+00:00,383.0,6.380000114440918
1998-12-12 22:50:15+00:00,380.0,6.269999980926514
1998-12-12 22:55:18+00:00,370.0,6.559999942779541
1998-12-12 23:00:20+00:00,370.0,7.0
1998-12-12 23:05:21+00:00,369.0,6.510000228881836
1998-12-12 23:10:23+00:00,366.0,6.480000019073486
1998-12-12 23:15:29+00:00,365.0,6.300000190734863
1998-12-12 23:20:28+00:00,368.0,6.75
1998-12-12 23:25:30+00:00,362.0,6.349999904632568
1998-12-12 23:30:33+00:00,364.0,6.139999866485596
1998-12-12 23:35:35+00:00,356.0,6.110000133514404
1998-12-12 23:40:37+00:00,366.0,6.590000152587891
1998-12-12 23:45:42+00:00,382.0,7.110000133514404
1998-12-12 23:50:42+00:00,388.0,7.0
1998-12-12 23:55:43+00:00,388.0,7.300000190734863
1998-12-13 00:00:15+00:00,387.0,6.690000057220459
1998-12-13 00:05:18+00:00,387.0,6.409999847412109
1998-12-13 00:10:20+00:00,358.0,5.329999923706055
1998-12-13 00:15:22+00:00,371.0,6.25
1998-12-13 00:20:26+00:00,383.0,6.880000114440918
1998-12-13 00:25:27+00:00,374.0,6.380000114440918
1998-12-13 00:30:29+00:00,371.0,6.449999809265137
1998-12-13 00:35:30+00:00,374.0,6.510000228881836
1998-12-13 00:40:34+00:00,380.0,6.800000190734863
1998-12-13 00:45:35+00:00,385.0,6.630000114440918
1998-12-13 00:50:39+00:00,390.0,7.849999904632568
1998-12-13 00:55:39+00:00,389.0,8.319999694824219
1998-12-13 01:00:42+00:00,384.0,7.78000020980835
1998-12-13 01:05:44+00:00,380.0,7.130000114440918
1998-12-13 01:10:47+00:00,382.0,7.039999961853027
1998-12-13 01:15:49+00:00,382.0,6.960000038146973
1998-12-13 01:20:53+00:00,384.0,7.389999866485596
1998-12-13 01:25:52+00:00,386.0,7.179999828338623
1998-12-13 01:30:56+00:00,389.0,7.900000095367432
1998-12-13 01:35:57+00:00,393.0,8.029999732971191
1998-12-13 01:40:59+00:00,392.0,8.260000228881836
1998-12-13 01:46:02+00:00,388.0,7.349999904632568
1998-12-13 01:51:06+00:00,390.0,8.260000228881836
1998-12-13 01:56:06+00:00,390.0,8.239999771118164
1998-12-13 02:01:07+00:00,396.0,7.900000095367432
1998-12-13 02:06:11+00:00,398.0,8.5
1998-12-13 02:11:13+00:00,400.0,7.880000114440918
1998-12-13 02:16:14+00:00,399.0,8.789999961853027
1998-12-13 02:21:20+00:00,398.0,8.699999809265137
1998-12-13 02:26:20+00:00,398.0,8.670000076293945
1998-12-13 02:31:21+00:00,396.0,8.640000343322754
1998-12-13 02:36:24+00:00,389.0,8.239999771118164
1998-12-13 02:41:26+00:00,387.0,8.739999771118164
1998-12-13 02:46:28+00:00,391.0,9.289999961853027
1998-12-13 02:51:33+00:00,385.0,8.220000267028809
1998-12-13 02:56:33+00:00,380.0,7.849999904632568
1998-12-13 03:01:35+00:00,382.0,7.889999866485596
1998-12-13 03:06:36+00:00,381.0,7.25
1998-12-13 03:11:40+00:00,387.0,6.119999885559082
1998-12-13 03:16:41+00:00,387.0,7.980000019073486
1998-12-13 03:21:43+00:00,386.0,6.039999961853027
1998-12-13 03:26:47+00:00,385.0,6.159999847412109
1998-12-13 03:31:48+00:00,385.0,6.679999828338623
1998-12-13 03:36:50+00:00,386.0,6.369999885559082
1998-12-13 03:41:51+00:00,386.0,6.28000020980835
1998-12-13 03:46:55+00:00,387.0,5.619999885559082
1998-12-13 03:51:57+00:00,388.0,5.409999847412109
1998-12-13 03:57:00+00:00,385.0,5.53000020980835
1998-12-13 04:02:02+00:00,384.0,6.03000020980835
1998-12-13 04:07:04+00:00,386.0,5.690000057220459
1998-12-13 04:12:06+00:00,384.0,5.670000076293945
1998-12-13 04:17:09+00:00,386.0,5.960000038146973
1998-12-13 04:22:11+00:00,384.0,6.320000171661377
1998-12-13 04:27:14+00:00,380.0,6.630000114440918
1998-12-13 04:32:14+00:00,379.0,6.260000228881836
1998-12-13 04:37:17+00:00,379.0,6.449999809265137
1998-12-13 04:42:19+00:00,380.0,6.090000152587891
1998-12-13 04:47:21+00:00,379.0,5.789999961853027
1998-12-13 04:52:24+00:00,386.0,5.769999980926514
1998-12-13 04:57:28+00:00,380.0,6.139999866485596
1998-12-13 05:02:28+00:00,374.0,5.980000019073486
1998-12-13 05:07:31+00:00,376.0,6.010000228881836
1998-12-13 05:12:33+00:00,376.0,5.769999980926514
1998-12-13 05:17:34+00:00,371.0,5.849999904632568
1998-12-13 05:22:36+00:00,374.0,5.53000020980835
1998-12-13 05:27:42+00:00,373.0,5.610000133514404
1998-12-13 05:32:41+00:00,373.0,5.71999979019165
1998-12-13 05:37:43+00:00,373.0,5.599999904632568
1998-12-13 05:43:16+00:00,372.0,5.880000114440918
1998-12-13 05:48:18+00:00,372.0,6.300000190734863
1998-12-13 05:53:19+00:00,370.0,6.579999923706055
1998-12-13 05:58:25+00:00,375.0,6.570000171661377
1998-12-13 06:03:25+00:00,378.0,6.199999809265137
1998-12-13 06:08:26+00:00,379.0,6.449999809265137
1998-12-13 06:13:30+00:00,371.0,7.039999961853027
1998-12-13 06:18:31+00:00,363.0,7.110000133514404
1998-12-13 06:23:33+00:00,367.0,6.929999828338623
1998-12-13 06:28:35+00:00,367.0,6.889999866485596
1998-12-13 06:33:38+00:00,370.0,6.480000019073486
1998-12-13 06:38:40+00:00,370.0,6.510000228881836
1998-12-13 06:43:42+00:00,377.0,6.329999923706055
1998-12-13 06:48:45+00:00,377.0,6.099999904632568
1998-12-13 06:53:47+00:00,381.0,6.570000171661377
1998-12-13 06:58:48+00:00,376.0,6.78000020980835
1998-12-13 07:04:22+00:00,375.0,6.710000038146973
1998-12-13 07:09:23+00:00,370.0,6.550000190734863
1998-12-13 07:14:25+00:00,376.0,6.320000171661377
1998-12-13 07:19:29+00:00,370.0,6.769999980926514
1998-12-13 07:24:30+00:00,367.0,6.78000020980835
1998-12-13 07:29:32+00:00,370.0,6.360000133514404
1998-12-13 07:34:36+00:00,368.0,6.679999828338623
1998-12-13 07:39:37+00:00,368.0,6.989999771118164
1998-12-13 07:44:39+00:00,369.0,6.179999828338623
1998-12-13 07:49:40+00:00,375.0,7.099999904632568
1998-12-13 07:54:44+00:00,372.0,7.78000020980835
1998-12-13 07:59:45+00:00,368.0,7.849999904632568
1998-12-13 08:04:49+00:00,370.0,7.739999771118164
1998-12-13 08:09:49+00:00,375.0,8.09000015258789
1998-12-13 08:14:52+00:00,374.0,8.180000305175781
1998-12-13 08:19:54+00:00,370.0,8.010000228881836
1998-12-13 08:24:55+00:00,364.0,7.909999847412109
1998-12-13 08:29:59+00:00,376.0,8.430000305175781
1998-12-13 08:35:03+00:00,380.0,9.050000190734863
1998-12-13 08:40:03+00:00,378.0,9.029999732971191
1998-12-13 08:45:06+00:00,373.0,8.100000381469727
1998-12-13 08:50:07+00:00,376.0,8.609999656677246
1998-12-13 08:55:09+00:00,378.0,8.979999542236328
1998-12-13 09:00:13+00:00,376.0,8.770000457763672
1998-12-13 09:05:16+00:00,373.0,8.34000015258789
1998-12-13 09:10:16+00:00,374.0,8.130000114440918
1998-12-13 09:15:17+00:00,375.0,8.050000190734863
1998-12-13 09:20:21+00:00,370.0,8.109999656677246
1998-12-13 09:25:23+00:00,367.0,8.130000114440918
1998-12-13 09:30:24+00:00,371.0,8.170000076293945
1998-12-13 09:35:30+00:00,372.0,8.229999542236328
1998-12-13 09:40:30+00:00,367.0,8.65999984741211
1998-12-13 09:45:31+00:00,368.0,8.520000457763672
1998-12-13 09:50:35+00:00,370.0,8.75
1998-12-13 09:55:36+00:00,381.0,9.699999809265137
1998-12-13 10:00:38+00:00,381.0,10.390000343322754
1998-12-13 10:05:39+00:00,379.0,9.899999618530273
1998-12-13 10:10:43+00:00,376.0,7.980000019073486
1998-12-13 10:15:45+00:00,393.0,7.480000019073486
1998-12-13 10:20:46+00:00,394.0,8.5
1998-12-13 10:25:50+00:00,392.0,8.510000228881836
1998-12-13 10:30:51+00:00,394.0,8.640000343322754
1998-12-13 10:35:53+00:00,393.0,8.359999656677246
1998-12-13 10:40:57+00:00,393.0,8.25
1998-12-13 10:45:58+00:00,398.0,7.659999847412109
1998-12-13 10:51:00+00:00,395.0,8.399999618530273
1998-12-13 10:56:01+00:00,396.0,8.5600004196167
1998-12-13 11:01:05+00:00,394.0,8.3100004196167
1998-12-13 11:06:07+00:00,402.0,7.380000114440918
1998-12-13 11:11:10+00:00,395.0,7.519999980926514
1998-12-13 11:16:12+00:00,396.0,8.619999885559082
1998-12-13 11:21:13+00:00,395.0,8.850000381469727
1998-12-13 11:26:15+00:00,391.0,8.3100004196167
1998-12-13 11:31:19+00:00,394.0,8.210000038146973
1998-12-13 11:36:20+00:00,393.0,7.809999942779541
1998-12-13 11:41:24+00:00,392.0,7.5
1998-12-13 11:46:24+00:00,392.0,7.519999980926514
1998-12-13 11:51:27+00:00,392.0,7.550000190734863
1998-12-13 11:56:29+00:00,392.0,8.289999961853027
1998-12-13 12:01:30+00:00,390.0,8.149999618530273
1998-12-13 12:07:04+00:00,392.0,8.0600004196167
1998-12-13 12:12:07+00:00,393.0,7.659999847412109
1998-12-13 12:17:07+00:00,393.0,8.3100004196167
1998-12-13 12:22:10+00:00,391.0,8.130000114440918
1998-12-13 12:27:12+00:00,393.0,8.640000343322754
1998-12-13 12:32:14+00:00,390.0,7.849999904632568
1998-12-13 12:37:17+00:00,391.0,8.15999984741211
1998-12-13 12:42:21+00:00,389.0,7.829999923706055
1998-12-13 12:47:21+00:00,388.0,7.590000152587891
1998-12-13 12:52:22+00:00,395.0,8.420000076293945
1998-12-13 12:57:26+00:00,388.0,7.989999771118164
1998-12-13 13:02:27+00:00,389.0,7.849999904632568
1998-12-13 13:07:29+00:00,387.0,7.650000095367432
1998-12-13 13:12:35+00:00,389.0,8.039999961853027
1998-12-13 13:17:34+00:00,404.0,5.630000114440918
1998-12-13 13:22:36+00:00,395.0,7.929999828338623
1998-12-13 13:27:39+00:00,393.0,7.920000076293945
1998-12-13 13:32:41+00:00,399.0,6.71999979019165
1998-12-13 13:37:43+00:00,398.0,7.21999979019165
1998-12-13 13:42:44+00:00,401.0,7.340000152587891
1998-12-13 13:47:48+00:00,401.0,7.489999771118164
1998-12-13 13:52:49+00:00,399.0,8.319999694824219
1998-12-13 13:57:51+00:00,400.0,7.760000228881836
1998-12-13 14:02:54+00:00,393.0,8.369999885559082
1998-12-13 14:07:56+00:00,397.0,8.8100004196167
1998-12-13 14:12:58+00:00,397.0,8.619999885559082
1998-12-13 14:18:02+00:00,395.0,9.640000343322754
1998-12-13 14:23:03+00:00,393.0,9.210000038146973
1998-12-13 14:28:05+00:00,396.0,7.929999828338623
1998-12-13 14:33:06+00:00,396.0,8.670000076293945
1998-12-13 14:38:10+00:00,396.0,8.819999694824219
1998-12-13 14:43:11+00:00,395.0,9.1899995803833
1998-12-13 14:48:15+00:00,394.0,9.149999618530273
1998-12-13 14:53:15+00:00,395.0,8.6899995803833
1998-12-13 14:58:18+00:00,395.0,8.779999732971191
1998-12-13 15:03:20+00:00,394.0,8.460000038146973
1998-12-13 15:08:23+00:00,392.0,8.369999885559082
1998-12-13 15:13:25+00:00,392.0,8.300000190734863
1998-12-13 15:18:29+00:00,392.0,8.369999885559082
1998-12-13 15:23:28+00:00,389.0,8.25
1998-12-13 15:28:32+00:00,390.0,8.039999961853027
1998-12-13 15:33:33+00:00,391.0,8.75
1998-12-13 15:38:35+00:00,389.0,8.720000267028809
1998-12-13 15:43:38+00:00,393.0,9.300000190734863
1998-12-13 15:48:42+00:00,396.0,8.970000267028809
1998-12-13 15:53:42+00:00,403.0,8.710000038146973
1998-12-13 15:58:45+00:00,390.0,8.979999542236328
1998-12-13 16:03:47+00:00,392.0,8.640000343322754
1998-12-13 16:08:49+00:00,391.0,8.59000015258789
1998-12-13 16:13:50+00:00,389.0,8.329999923706055
1998-12-13 16:18:56+00:00,389.0,7.789999961853027
1998-12-13 16:23:56+00:00,390.0,7.960000038146973
1998-12-13 16:28:57+00:00,395.0,7.949999809265137
1998-12-13 16:34:00+00:00,396.0,8.760000228881836
1998-12-13 16:39:02+00:00,397.0,9.600000381469727
1998-12-13 16:44:04+00:00,399.0,10.1899995803833
1998-12-13 16:49:05+00:00,399.0,9.6899995803833
1998-12-13 16:54:09+00:00,405.0,9.390000343322754
1998-12-13 16:59:11+00:00,402.0,10.119999885559082
1998-12-13 17:04:12+00:00,396.0,10.600000381469727
1998-12-13 17:09:16+00:00,396.0,10.5600004196167
1998-12-13 17:14:17+00:00,411.0,9.680000305175781
1998-12-13 17:19:19+00:00,408.0,9.760000228881836
1998-12-13 17:24:23+00:00,395.0,10.180000305175781
1998-12-13 17:29:24+00:00,396.0,9.859999656677246
1998-12-13 17:34:26+00:00,393.0,8.130000114440918
1998-12-13 17:39:29+00:00,396.0,6.960000038146973
1998-12-13 17:44:31+00:00,395.0,6.96999979019165
1998-12-13 17:49:33+00:00,393.0,8.220000267028809
1998-12-13 17:54:36+00:00,407.0,10.710000038146973
1998-12-13 17:59:38+00:00,398.0,10.6899995803833
1998-12-13 18:04:39+00:00,398.0,10.649999618530273
1998-12-13 18:09:41+00:00,401.0,11.449999809265137
1998-12-13 18:14:44+00:00,423.0,11.649999618530273
1998-12-13 18:19:46+00:00,431.0,12.270000457763672
1998-12-13 18:24:50+00:00,404.0,11.789999961853027
1998-12-13 18:29:50+00:00,404.0,10.989999771118164
1998-12-13 18:34:53+00:00,413.0,11.6899995803833
1998-12-13 18:39:55+00:00,421.0,12.350000381469727
1998-12-13 18:44:56+00:00,410.0,12.9399995803833
1998-12-13 18:50:00+00:00,407.0,12.220000267028809
1998-12-13 18:55:03+00:00,406.0,11.529999732971191
1998-12-13 19:00:03+00:00,401.0,11.329999923706055
1998-12-13 19:05:06+00:00,398.0,10.970000267028809
1998-12-13 19:10:08+00:00,398.0,11.039999961853027
1998-12-13 19:15:10+00:00,402.0,11.149999618530273
1998-12-13 19:20:11+00:00,397.0,10.989999771118164
1998-12-13 19:25:17+00:00,408.0,12.510000228881836
1998-12-13 19:30:17+00:00,403.0,12.239999771118164
1998-12-13 19:35:18+00:00,413.0,12.420000076293945
1998-12-13 19:40:22+00:00,408.0,12.9399995803833
1998-12-13 19:45:23+00:00,408.0,13.020000457763672
1998-12-13 19:50:25+00:00,410.0,13.390000343322754
1998-12-13 19:55:31+00:00,411.0,12.649999618530273
1998-12-13 20:00:30+00:00,402.0,12.880000114440918
1998-12-13 20:05:32+00:00,401.0,11.649999618530273
1998-12-13 20:10:33+00:00,399.0,12.180000305175781
1998-12-13 20:15:37+00:00,402.0,12.279999732971191
1998-12-13 20:20:39+00:00,427.0,9.619999885559082
1998-12-13 20:25:40+00:00,421.0,9.369999885559082
1998-12-13 20:30:44+00:00,421.0,8.380000114440918
1998-12-13 20:35:45+00:00,429.0,9.09000015258789
1998-12-13 20:40:47+00:00,419.0,10.1899995803833
1998-12-13 20:45:50+00:00,408.0,10.479999542236328
1998-12-13 20:50:52+00:00,406.0,10.039999961853027
1998-12-13 20:55:54+00:00,406.0,9.760000228881836
1998-12-13 21:00:58+00:00,401.0,11.170000076293945
1998-12-13 21:05:59+00:00,434.0,9.960000038146973
1998-12-13 21:11:01+00:00,433.0,10.430000305175781
1998-12-13 21:16:02+00:00,410.0,12.539999961853027
1998-12-13 21:21:06+00:00,402.0,13.220000267028809
1998-12-13 21:26:07+00:00,405.0,13.010000228881836
1998-12-13 21:31:11+00:00,401.0,12.670000076293945
1998-12-13 21:36:11+00:00,399.0,12.6899995803833
1998-12-13 21:41:14+00:00,398.0,13.319999694824219
1998-12-13 21:46:16+00:00,401.0,13.149999618530273
1998-12-13 21:51:17+00:00,403.0,14.170000076293945
1998-12-13 21:56:21+00:00,405.0,12.970000267028809
1998-12-13 22:01:25+00:00,400.0,13.279999732971191
1998-12-13 22:06:24+00:00,402.0,14.779999732971191
1998-12-13 22:11:28+00:00,402.0,12.899999618530273
1998-12-13 22:16:29+00:00,404.0,12.119999885559082
1998-12-13 22:21:31+00:00,398.0,11.9399995803833
1998-12-13 22:26:34+00:00,404.0,12.430000305175781
1998-12-13 22:31:38+00:00,403.0,12.180000305175781
1998-12-13 22:36:38+00:00,420.0,10.270000457763672
1998-12-13 22:41:39+00:00,420.0,11.899999618530273
1998-12-13 22:46:43+00:00,408.0,11.949999809265137
1998-12-13 22:51:44+00:00,403.0,12.460000038146973
1998-12-13 22:56:46+00:00,402.0,11.779999732971191
1998-12-13 23:01:52+00:00,402.0,12.010000228881836
1998-12-13 23:06:52+00:00,400.0,12.180000305175781
1998-12-13 23:11:53+00:00,404.0,12.039999961853027
1998-12-13 23:16:56+00:00,402.0,11.90999984741211
1998-12-13 23:21:58+00:00,402.0,12.149999618530273
1998-12-13 23:27:00+00:00,403.0,12.350000381469727
1998-12-13 23:32:01+00:00,402.0,12.109999656677246
1998-12-13 23:37:05+00:00,402.0,12.170000076293945
1998-12-13 23:42:06+00:00,401.0,12.180000305175781
1998-12-13 23:47:08+00:00,400.0,11.760000228881836
1998-12-13 23:52:12+00:00,398.0,11.170000076293945
1998-12-13 23:57:13+00:00,398.0,11.239999771118164
1998-12-14 00:00:15+00:00,397.0,11.5
1998-12-14 00:05:19+00:00,406.0,12.199999809265137
1998-12-14 00:10:19+00:00,406.0,11.859999656677246
1998-12-14 00:15:22+00:00,409.0,11.420000076293945
1998-12-14 00:20:23+00:00,403.0,11.510000228881836
1998-12-14 00:25:25+00:00,399.0,12.430000305175781
1998-12-14 00:30:29+00:00,414.0,11.369999885559082
1998-12-14 00:35:32+00:00,400.0,11.90999984741211
1998-12-14 00:40:32+00:00,398.0,11.960000038146973
1998-12-14 00:45:35+00:00,400.0,12.069999694824219
1998-12-14 00:50:37+00:00,410.0,11.6899995803833
1998-12-14 00:55:39+00:00,422.0,11.789999961853027
1998-12-14 01:00:40+00:00,422.0,11.609999656677246
1998-12-14 01:05:46+00:00,435.0,10.90999984741211
1998-12-14 01:10:46+00:00,438.0,10.399999618530273
1998-12-14 01:15:47+00:00,433.0,10.680000305175781
1998-12-14 01:20:49+00:00,405.0,11.949999809265137
1998-12-14 01:25:52+00:00,405.0,11.619999885559082
1998-12-14 01:30:54+00:00,405.0,11.680000305175781
1998-12-14 01:35:55+00:00,417.0,11.380000114440918
1998-12-14 01:40:59+00:00,427.0,10.84000015258789
1998-12-14 01:46:01+00:00,435.0,10.34000015258789
1998-12-14 01:51:02+00:00,434.0,10.729999542236328
1998-12-14 01:56:06+00:00,427.0,11.5
1998-12-14 02:01:07+00:00,422.0,11.880000114440918
1998-12-14 02:06:09+00:00,421.0,11.8100004196167
1998-12-14 02:11:13+00:00,417.0,12.220000267028809
1998-12-14 02:16:14+00:00,420.0,12.510000228881836
1998-12-14 02:21:16+00:00,418.0,10.84000015258789
1998-12-14 02:26:17+00:00,418.0,10.930000305175781
1998-12-14 02:31:21+00:00,414.0,10.569999694824219
1998-12-14 02:36:23+00:00,416.0,10.529999732971191
1998-12-14 02:41:26+00:00,413.0,10.619999885559082
1998-12-14 02:46:26+00:00,410.0,10.350000381469727
1998-12-14 02:51:29+00:00,410.0,10.569999694824219
1998-12-14 02:56:31+00:00,415.0,10.699999809265137
1998-12-14 03:01:33+00:00,415.0,11.65999984741211
1998-12-14 03:06:36+00:00,418.0,11.210000038146973
1998-12-14 03:11:40+00:00,410.0,8.600000381469727
1998-12-14 03:16:40+00:00,427.0,9.399999618530273
1998-12-14 03:21:43+00:00,428.0,9.829999923706055
1998-12-14 03:26:45+00:00,421.0,10.300000190734863
1998-12-14 03:31:46+00:00,422.0,9.630000114440918
1998-12-14 03:36:50+00:00,408.0,10.770000457763672
1998-12-14 03:41:53+00:00,409.0,10.529999732971191
1998-12-14 03:46:53+00:00,408.0,10.5600004196167
1998-12-14 03:51:55+00:00,400.0,10.289999961853027
1998-12-14 03:56:58+00:00,404.0,10.399999618530273
1998-12-14 04:02:00+00:00,410.0,10.630000114440918
1998-12-14 04:07:01+00:00,404.0,9.970000267028809
1998-12-14 04:12:07+00:00,405.0,7.630000114440918
1998-12-14 04:17:07+00:00,408.0,6.769999980926514
1998-12-14 04:22:09+00:00,429.0,9.359999656677246
1998-12-14 04:27:12+00:00,418.0,9.199999809265137
1998-12-14 04:32:14+00:00,408.0,10.029999732971191
1998-12-14 04:37:16+00:00,434.0,8.449999809265137
1998-12-14 04:42:17+00:00,429.0,8.029999732971191
1998-12-14 04:47:21+00:00,423.0,7.599999904632568
1998-12-14 04:52:22+00:00,425.0,8.479999542236328
1998-12-14 04:57:24+00:00,425.0,8.920000076293945
1998-12-14 05:02:27+00:00,425.0,7.960000038146973
1998-12-14 05:07:29+00:00,426.0,7.760000228881836
1998-12-14 05:12:31+00:00,413.0,8.350000381469727
1998-12-14 05:17:35+00:00,413.0,8.510000228881836
1998-12-14 05:22:36+00:00,421.0,8.380000114440918
1998-12-14 05:27:38+00:00,418.0,8.319999694824219
1998-12-14 05:32:39+00:00,411.0,8.239999771118164
1998-12-14 05:37:43+00:00,409.0,8.489999771118164
1998-12-14 05:42:44+00:00,412.0,8.449999809265137
1998-12-14 05:47:48+00:00,402.0,8.149999618530273
1998-12-14 05:52:49+00:00,401.0,7.960000038146973
1998-12-14 05:57:51+00:00,411.0,8.0600004196167
1998-12-14 06:02:53+00:00,415.0,7.96999979019165
1998-12-14 06:07:56+00:00,417.0,7.960000038146973
1998-12-14 06:12:58+00:00,413.0,8.300000190734863
1998-12-14 06:18:02+00:00,418.0,8.0
1998-12-14 06:23:01+00:00,419.0,7.820000171661377
1998-12-14 06:28:05+00:00,418.0,8.100000381469727
1998-12-14 06:33:06+00:00,416.0,8.289999961853027
1998-12-14 06:38:08+00:00,403.0,8.279999732971191
1998-12-14 06:43:11+00:00,406.0,8.300000190734863
1998-12-14 06:48:15+00:00,404.0,8.300000190734863
1998-12-14 06:53:15+00:00,404.0,8.289999961853027
1998-12-14 06:58:18+00:00,405.0,8.34000015258789
1998-12-14 07:03:20+00:00,406.0,8.430000305175781
1998-12-14 07:08:22+00:00,402.0,8.350000381469727
1998-12-14 07:13:23+00:00,403.0,8.319999694824219
1998-12-14 07:18:29+00:00,407.0,8.899999618530273
1998-12-14 07:23:29+00:00,410.0,9.140000343322754
1998-12-14 07:28:30+00:00,418.0,8.430000305175781
1998-12-14 07:33:33+00:00,424.0,8.180000305175781
1998-12-14 07:38:35+00:00,417.0,8.149999618530273
1998-12-14 07:43:37+00:00,408.0,7.889999866485596
1998-12-14 07:48:42+00:00,406.0,7.800000190734863
1998-12-14 07:53:42+00:00,408.0,8.270000457763672
1998-12-14 07:58:43+00:00,406.0,8.380000114440918
1998-12-14 08:03:45+00:00,404.0,7.619999885559082
1998-12-14 08:08:49+00:00,405.0,7.599999904632568
1998-12-14 08:13:50+00:00,445.0,7.289999961853027
1998-12-14 08:18:52+00:00,437.0,7.369999885559082
1998-12-14 08:23:56+00:00,433.0,7.739999771118164
1998-12-14 08:28:57+00:00,428.0,7.96999979019165
1998-12-14 08:33:59+00:00,428.0,7.78000020980835
1998-12-14 08:39:02+00:00,430.0,7.900000095367432
1998-12-14 08:44:04+00:00,428.0,8.079999923706055
1998-12-14 08:49:05+00:00,422.0,7.980000019073486
1998-12-14 08:54:09+00:00,421.0,8.039999961853027
1998-12-14 08:59:11+00:00,416.0,8.020000457763672
1998-12-14 09:04:12+00:00,408.0,8.170000076293945
1998-12-14 09:09:14+00:00,418.0,7.809999942779541
1998-12-14 09:14:17+00:00,408.0,7.53000020980835
1998-12-14 09:19:19+00:00,399.0,7.400000095367432
1998-12-14 09:24:23+00:00,399.0,7.820000171661377
1998-12-14 09:29:23+00:00,395.0,7.599999904632568
1998-12-14 09:34:26+00:00,400.0,7.329999923706055
1998-12-14 09:39:27+00:00,402.0,7.190000057220459
1998-12-14 09:44:29+00:00,409.0,7.199999809265137
1998-12-14 09:49:33+00:00,394.0,7.420000076293945
1998-12-14 09:54:36+00:00,389.0,7.599999904632568
1998-12-14 09:59:36+00:00,386.0,7.610000133514404
1998-12-14 10:04:39+00:00,393.0,7.449999809265137
1998-12-14 10:09:41+00:00,396.0,7.159999847412109
1998-12-14 10:14:43+00:00,397.0,7.329999923706055
1998-12-14 10:19:46+00:00,392.0,7.590000152587891
1998-12-14 10:24:50+00:00,392.0,7.21999979019165
1998-12-14 10:29:50+00:00,391.0,7.46999979019165
1998-12-14 10:34:51+00:00,385.0,7.340000152587891
1998-12-14 10:39:55+00:00,416.0,7.409999847412109
1998-12-14 10:44:56+00:00,430.0,7.320000171661377
1998-12-14 10:49:58+00:00,415.0,6.710000038146973
1998-12-14 10:55:04+00:00,407.0,7.239999771118164
1998-12-14 11:00:03+00:00,398.0,7.349999904632568
1998-12-14 11:05:05+00:00,399.0,7.769999980926514
1998-12-14 11:10:06+00:00,392.0,7.409999847412109
1998-12-14 11:15:10+00:00,391.0,7.539999961853027
1998-12-14 11:20:11+00:00,392.0,7.559999942779541
1998-12-14 11:25:13+00:00,389.0,7.53000020980835
1998-12-14 11:30:17+00:00,400.0,8.15999984741211
1998-12-14 11:35:18+00:00,395.0,8.279999732971191
1998-12-14 11:40:20+00:00,399.0,7.869999885559082
1998-12-14 11:45:23+00:00,412.0,7.320000171661377
1998-12-14 11:50:25+00:00,407.0,7.320000171661377
1998-12-14 11:55:27+00:00,407.0,7.25
1998-12-14 12:00:30+00:00,402.0,7.059999942779541
1998-12-14 12:05:32+00:00,406.0,6.78000020980835
1998-12-14 12:10:33+00:00,408.0,6.929999828338623
1998-12-14 12:15:35+00:00,416.0,6.889999866485596
1998-12-14 12:20:39+00:00,412.0,6.789999961853027
1998-12-14 12:25:40+00:00,416.0,6.690000057220459
1998-12-14 12:30:44+00:00,417.0,6.809999942779541
1998-12-14 12:35:44+00:00,408.0,6.860000133514404
1998-12-14 12:40:47+00:00,401.0,6.550000190734863
1998-12-14 12:45:49+00:00,400.0,6.570000171661377
1998-12-14 12:50:50+00:00,410.0,6.429999828338623
1998-12-14 12:55:54+00:00,404.0,6.5
1998-12-14 13:00:58+00:00,402.0,6.46999979019165
1998-12-14 13:05:57+00:00,403.0,6.679999828338623
1998-12-14 13:11:01+00:00,400.0,7.03000020980835
1998-12-14 13:16:02+00:00,402.0,6.739999771118164
1998-12-14 13:21:04+00:00,402.0,6.96999979019165
1998-12-14 13:26:07+00:00,400.0,7.190000057220459
1998-12-14 13:31:11+00:00,399.0,7.230000019073486
1998-12-14 13:36:11+00:00,398.0,7.130000114440918
1998-12-14 13:41:12+00:00,400.0,7.119999885559082
1998-12-14 13:46:16+00:00,396.0,6.800000190734863
1998-12-14 13:51:17+00:00,401.0,6.380000114440918
1998-12-14 13:56:19+00:00,403.0,6.550000190734863
1998-12-14 14:01:25+00:00,414.0,6.449999809265137
1998-12-14 14:06:24+00:00,434.0,6.050000190734863
1998-12-14 14:11:26+00:00,430.0,6.389999866485596
1998-12-14 14:16:29+00:00,411.0,7.21999979019165
1998-12-14 14:21:31+00:00,401.0,6.949999809265137
1998-12-14 14:26:33+00:00,400.0,6.769999980926514
1998-12-14 14:31:34+00:00,400.0,6.090000152587891
1998-12-14 14:36:38+00:00,404.0,6.460000038146973
1998-12-14 14:41:39+00:00,412.0,6.800000190734863
1998-12-14 14:46:41+00:00,409.0,6.769999980926514
1998-12-14 14:51:45+00:00,409.0,6.869999885559082
1998-12-14 14:56:46+00:00,398.0,6.940000057220459
1998-12-14 15:01:48+00:00,400.0,7.440000057220459
1998-12-14 15:06:52+00:00,399.0,7.269999980926514
1998-12-14 15:11:53+00:00,397.0,7.170000076293945
1998-12-14 15:16:55+00:00,397.0,6.960000038146973
1998-12-14 15:21:56+00:00,396.0,7.150000095367432
1998-12-14 15:27:00+00:00,397.0,7.019999980926514
1998-12-14 15:32:01+00:00,396.0,6.980000019073486
1998-12-14 15:37:05+00:00,385.0,7.96999979019165
1998-12-14 15:42:05+00:00,390.0,8.15999984741211
1998-12-14 15:47:08+00:00,390.0,8.069999694824219
1998-12-14 15:52:10+00:00,388.0,8.1899995803833
1998-12-14 15:57:13+00:00,394.0,7.460000038146973
1998-12-14 16:02:15+00:00,385.0,8.34000015258789
1998-12-14 16:07:19+00:00,386.0,7.739999771118164
1998-12-14 16:12:18+00:00,385.0,7.849999904632568
1998-12-14 16:17:22+00:00,383.0,7.889999866485596
1998-12-14 16:22:23+00:00,380.0,7.610000133514404
1998-12-14 16:27:25+00:00,380.0,8.029999732971191
1998-12-14 16:32:29+00:00,379.0,7.920000076293945
1998-12-14 16:37:32+00:00,382.0,8.079999923706055
1998-12-14 16:42:32+00:00,380.0,8.010000228881836
1998-12-14 16:47:35+00:00,384.0,8.09000015258789
1998-12-14 16:52:37+00:00,382.0,8.050000190734863
1998-12-14 16:57:39+00:00,387.0,8.319999694824219
1998-12-14 17:02:40+00:00,389.0,7.78000020980835
1998-12-14 17:07:46+00:00,387.0,7.989999771118164
1998-12-14 17:12:46+00:00,386.0,8.260000228881836
1998-12-14 17:17:47+00:00,386.0,8.4399995803833
1998-12-14 17:22:51+00:00,381.0,6.78000020980835
1998-12-14 17:27:52+00:00,379.0,6.78000020980835
1998-12-14 17:32:54+00:00,381.0,6.420000076293945
1998-12-14 17:37:59+00:00,380.0,7.659999847412109
1998-12-14 17:42:59+00:00,375.0,6.610000133514404
1998-12-14 17:48:01+00:00,376.0,6.75
1998-12-14 17:53:02+00:00,379.0,7.96999979019165
1998-12-14 17:58:06+00:00,378.0,7.980000019073486
1998-12-14 18:03:07+00:00,378.0,8.029999732971191
1998-12-14 18:08:09+00:00,383.0,8.279999732971191
1998-12-14 18:13:13+00:00,390.0,7.960000038146973
1998-12-14 18:18:14+00:00,377.0,7.840000152587891
1998-12-14 18:23:16+00:00,376.0,7.869999885559082
1998-12-14 18:28:17+00:00,374.0,7.679999828338623
1998-12-14 18:33:21+00:00,376.0,7.849999904632568
1998-12-14 18:38:23+00:00,381.0,7.679999828338623
1998-12-14 18:43:26+00:00,372.0,7.090000152587891
1998-12-14 18:48:28+00:00,373.0,6.610000133514404
1998-12-14 18:53:29+00:00,379.0,7.460000038146973
1998-12-14 18:58:31+00:00,381.0,7.670000076293945
1998-12-14 19:03:34+00:00,376.0,7.769999980926514
1998-12-14 19:08:36+00:00,379.0,7.739999771118164
1998-12-14 19:13:40+00:00,383.0,8.380000114440918
1998-12-14 19:18:40+00:00,389.0,8.600000381469727
1998-12-14 19:23:43+00:00,382.0,8.569999694824219
1998-12-14 19:28:45+00:00,383.0,8.220000267028809
1998-12-14 19:33:46+00:00,396.0,8.930000305175781
1998-12-14 19:38:50+00:00,391.0,9.59000015258789
1998-12-14 19:43:53+00:00,391.0,9.789999961853027
1998-12-14 19:48:53+00:00,394.0,9.65999984741211
1998-12-14 19:53:56+00:00,389.0,9.430000305175781
1998-12-14 19:58:58+00:00,382.0,9.8100004196167
1998-12-14 20:04:00+00:00,386.0,10.0600004196167
1998-12-14 20:09:01+00:00,388.0,10.0
1998-12-14 20:14:07+00:00,391.0,9.800000190734863
1998-12-14 20:19:07+00:00,389.0,9.850000381469727
1998-12-14 20:24:08+00:00,385.0,10.119999885559082
1998-12-14 20:29:12+00:00,384.0,9.800000190734863
1998-12-14 20:34:13+00:00,383.0,9.779999732971191
1998-12-14 20:39:15+00:00,379.0,8.899999618530273
1998-12-14 20:44:21+00:00,372.0,8.020000457763672
1998-12-14 20:49:20+00:00,377.0,8.359999656677246
1998-12-14 20:54:22+00:00,372.0,8.550000190734863
1998-12-14 20:59:23+00:00,376.0,8.550000190734863
1998-12-14 21:04:27+00:00,374.0,7.960000038146973
1998-12-14 21:09:29+00:00,374.0,7.400000095367432
1998-12-14 21:14:30+00:00,375.0,7.050000190734863
1998-12-14 21:19:34+00:00,373.0,7.039999961853027
1998-12-14 21:24:35+00:00,376.0,7.090000152587891
1998-12-14 21:29:37+00:00,382.0,7.480000019073486
1998-12-14 21:34:40+00:00,385.0,7.289999961853027
1998-12-14 21:39:42+00:00,382.0,7.210000038146973
1998-12-14 21:44:44+00:00,375.0,7.75
1998-12-14 21:49:48+00:00,375.0,7.349999904632568
1998-12-14 21:54:49+00:00,372.0,7.239999771118164
1998-12-14 21:59:51+00:00,372.0,7.130000114440918
1998-12-14 22:04:52+00:00,375.0,7.909999847412109
1998-12-14 22:09:56+00:00,375.0,7.710000038146973
1998-12-14 22:14:57+00:00,373.0,7.519999980926514
1998-12-14 22:20:01+00:00,371.0,7.539999961853027
1998-12-14 22:25:01+00:00,369.0,7.670000076293945
1998-12-14 22:30:04+00:00,369.0,7.650000095367432
1998-12-14 22:35:06+00:00,365.0,7.389999866485596
1998-12-14 22:40:07+00:00,362.0,7.409999847412109
1998-12-14 22:45:11+00:00,358.0,7.510000228881836
1998-12-14 22:50:15+00:00,372.0,7.579999923706055
1998-12-14 22:55:14+00:00,369.0,7.25
1998-12-14 23:00:18+00:00,380.0,7.179999828338623
1998-12-14 23:05:19+00:00,378.0,7.670000076293945
1998-12-14 23:10:21+00:00,371.0,7.75
1998-12-14 23:15:24+00:00,363.0,7.880000114440918
1998-12-14 23:20:28+00:00,362.0,8.020000457763672
1998-12-14 23:25:28+00:00,369.0,7.579999923706055
1998-12-14 23:30:29+00:00,368.0,6.96999979019165
1998-12-14 23:35:33+00:00,372.0,6.550000190734863
1998-12-14 23:40:35+00:00,376.0,6.5
1998-12-14 23:45:36+00:00,377.0,7.329999923706055
1998-12-14 23:50:42+00:00,380.0,7.199999809265137
1998-12-14 23:55:42+00:00,377.0,7.179999828338623
1998-12-15 00:00:13+00:00,375.0,6.800000190734863
1998-12-15 00:05:16+00:00,387.0,6.829999923706055
1998-12-15 00:10:18+00:00,380.0,6.980000019073486
1998-12-15 00:15:20+00:00,378.0,6.340000152587891
1998-12-15 00:20:21+00:00,373.0,7.25
1998-12-15 00:25:25+00:00,365.0,7.329999923706055
1998-12-15 00:30:27+00:00,372.0,7.400000095367432
1998-12-15 00:35:28+00:00,371.0,7.349999904632568
1998-12-15 00:40:32+00:00,370.0,7.059999942779541
1998-12-15 00:45:33+00:00,367.0,7.099999904632568
1998-12-15 00:50:35+00:00,375.0,7.21999979019165
1998-12-15 00:55:39+00:00,380.0,7.239999771118164
1998-12-15 01:00:40+00:00,380.0,7.179999828338623
1998-12-15 01:05:42+00:00,383.0,7.119999885559082
1998-12-15 01:10:43+00:00,384.0,6.980000019073486
1998-12-15 01:15:47+00:00,384.0,7.050000190734863
1998-12-15 01:20:49+00:00,382.0,7.559999942779541
1998-12-15 01:25:52+00:00,382.0,7.849999904632568
1998-12-15 01:30:52+00:00,385.0,8.239999771118164
1998-12-15 01:35:55+00:00,385.0,8.239999771118164
1998-12-15 01:40:57+00:00,383.0,7.889999866485596
1998-12-15 01:45:59+00:00,384.0,7.489999771118164
1998-12-15 01:51:02+00:00,384.0,7.150000095367432
1998-12-15 01:56:06+00:00,383.0,7.050000190734863
1998-12-15 02:01:06+00:00,383.0,6.769999980926514
1998-12-15 02:06:09+00:00,385.0,7.039999961853027
1998-12-15 02:11:11+00:00,386.0,7.010000228881836
1998-12-15 02:16:12+00:00,385.0,6.989999771118164
1998-12-15 02:21:16+00:00,382.0,6.909999847412109
1998-12-15 02:26:19+00:00,386.0,6.239999771118164
1998-12-15 02:31:19+00:00,384.0,6.159999847412109
1998-12-15 02:36:21+00:00,384.0,6.519999980926514
1998-12-15 02:41:24+00:00,383.0,6.579999923706055
1998-12-15 02:46:26+00:00,385.0,6.650000095367432
1998-12-15 02:51:27+00:00,384.0,6.650000095367432
1998-12-15 02:56:33+00:00,380.0,6.579999923706055
1998-12-15 03:01:33+00:00,380.0,6.639999866485596
1998-12-15 03:06:34+00:00,375.0,6.630000114440918
1998-12-15 03:11:38+00:00,375.0,6.769999980926514
1998-12-15 03:16:39+00:00,373.0,6.380000114440918
1998-12-15 03:21:41+00:00,374.0,6.690000057220459
1998-12-15 03:26:43+00:00,374.0,6.710000038146973
1998-12-15 03:31:46+00:00,378.0,6.78000020980835
1998-12-15 03:36:48+00:00,377.0,6.420000076293945
1998-12-15 03:41:49+00:00,376.0,6.710000038146973
1998-12-15 03:46:53+00:00,378.0,7.710000038146973
1998-12-15 03:51:55+00:00,378.0,7.329999923706055
1998-12-15 03:56:56+00:00,377.0,6.659999847412109
1998-12-15 04:02:00+00:00,376.0,7.21999979019165
1998-12-15 04:07:01+00:00,379.0,7.639999866485596
1998-12-15 04:12:03+00:00,381.0,7.670000076293945
1998-12-15 04:17:05+00:00,383.0,8.079999923706055
1998-12-15 04:22:09+00:00,379.0,8.300000190734863
1998-12-15 04:27:10+00:00,378.0,7.960000038146973
1998-12-15 04:32:14+00:00,374.0,6.96999979019165
1998-12-15 04:37:15+00:00,374.0,6.820000171661377
1998-12-15 04:42:17+00:00,375.0,7.78000020980835
1998-12-15 04:47:19+00:00,377.0,7.730000019073486
1998-12-15 04:52:22+00:00,382.0,7.769999980926514
1998-12-15 04:57:24+00:00,372.0,6.510000228881836
1998-12-15 05:02:28+00:00,364.0,5.739999771118164
1998-12-15 05:07:27+00:00,371.0,6.03000020980835
1998-12-15 05:12:31+00:00,367.0,6.429999828338623
1998-12-15 05:17:32+00:00,361.0,6.25
1998-12-15 05:22:34+00:00,364.0,6.230000019073486
1998-12-15 05:27:37+00:00,366.0,5.980000019073486
1998-12-15 05:32:41+00:00,374.0,6.389999866485596
1998-12-15 05:37:41+00:00,372.0,6.650000095367432
1998-12-15 05:42:44+00:00,375.0,6.46999979019165
1998-12-15 05:47:46+00:00,366.0,5.75
1998-12-15 05:52:47+00:00,377.0,6.269999980926514
1998-12-15 05:57:49+00:00,373.0,6.070000171661377
1998-12-15 06:02:55+00:00,370.0,5.909999847412109
1998-12-15 06:07:55+00:00,365.0,5.679999828338623
1998-12-15 06:12:56+00:00,366.0,5.730000019073486
1998-12-15 06:17:59+00:00,367.0,5.590000152587891
1998-12-15 06:23:01+00:00,366.0,5.989999771118164
1998-12-15 06:28:03+00:00,365.0,5.71999979019165
1998-12-15 06:33:04+00:00,373.0,6.039999961853027
1998-12-15 06:38:08+00:00,364.0,5.929999828338623
1998-12-15 06:43:09+00:00,367.0,5.380000114440918
1998-12-15 06:48:11+00:00,367.0,5.099999904632568
1998-12-15 06:53:15+00:00,366.0,5.46999979019165
1998-12-15 06:58:16+00:00,366.0,5.78000020980835
1998-12-15 07:03:18+00:00,364.0,5.960000038146973
1998-12-15 07:08:22+00:00,363.0,6.099999904632568
1998-12-15 07:13:23+00:00,374.0,5.909999847412109
1998-12-15 07:18:25+00:00,369.0,6.170000076293945
1998-12-15 07:23:28+00:00,370.0,6.849999904632568
1998-12-15 07:28:30+00:00,370.0,6.610000133514404
1998-12-15 07:33:31+00:00,369.0,6.0
1998-12-15 07:38:35+00:00,369.0,6.590000152587891
1998-12-15 07:43:37+00:00,371.0,6.739999771118164
1998-12-15 07:48:38+00:00,368.0,6.349999904632568
1998-12-15 07:53:40+00:00,367.0,6.039999961853027
1998-12-15 07:58:43+00:00,368.0,5.789999961853027
1998-12-15 08:03:45+00:00,367.0,5.949999809265137
1998-12-15 08:08:49+00:00,367.0,5.920000076293945
1998-12-15 08:13:49+00:00,365.0,5.639999866485596
1998-12-15 08:18:52+00:00,365.0,5.900000095367432
1998-12-15 08:23:53+00:00,364.0,5.329999923706055
1998-12-15 08:28:55+00:00,366.0,5.329999923706055
1998-12-15 08:33:59+00:00,368.0,5.510000228881836
1998-12-15 08:39:02+00:00,366.0,5.03000020980835
1998-12-15 08:44:02+00:00,366.0,4.739999771118164
1998-12-15 08:49:05+00:00,368.0,4.809999942779541
1998-12-15 08:54:07+00:00,367.0,5.150000095367432
1998-12-15 08:59:09+00:00,371.0,6.090000152587891
1998-12-15 09:04:10+00:00,373.0,6.710000038146973
1998-12-15 09:09:16+00:00,369.0,5.789999961853027
1998-12-15 09:14:16+00:00,371.0,5.28000020980835
1998-12-15 09:19:17+00:00,375.0,5.760000228881836
1998-12-15 09:24:21+00:00,376.0,6.269999980926514
1998-12-15 09:29:22+00:00,378.0,6.150000095367432
1998-12-15 09:34:24+00:00,379.0,5.769999980926514
1998-12-15 09:39:30+00:00,379.0,5.739999771118164
1998-12-15 09:44:29+00:00,379.0,5.670000076293945
1998-12-15 09:49:31+00:00,378.0,5.829999923706055
1998-12-15 09:54:32+00:00,377.0,5.53000020980835
1998-12-15 09:59:36+00:00,375.0,5.46999979019165
1998-12-15 10:04:37+00:00,371.0,4.909999847412109
1998-12-15 10:09:39+00:00,371.0,4.909999847412109
1998-12-15 10:14:43+00:00,374.0,4.46999979019165
1998-12-15 10:19:44+00:00,368.0,4.329999923706055
1998-12-15 10:24:46+00:00,359.0,4.670000076293945
1998-12-15 10:29:49+00:00,364.0,4.420000076293945
1998-12-15 10:34:51+00:00,369.0,4.28000020980835
1998-12-15 10:39:53+00:00,376.0,4.710000038146973
1998-12-15 10:44:56+00:00,374.0,4.670000076293945
1998-12-15 10:49:58+00:00,376.0,4.980000019073486
1998-12-15 10:54:59+00:00,378.0,5.260000228881836
1998-12-15 11:00:01+00:00,378.0,5.559999942779541
1998-12-15 11:05:05+00:00,376.0,5.019999980926514
1998-12-15 11:10:06+00:00,376.0,4.849999904632568
1998-12-15 11:15:10+00:00,374.0,4.789999961853027
1998-12-15 11:20:10+00:00,370.0,5.119999885559082
1998-12-15 11:25:13+00:00,368.0,4.679999828338623
1998-12-15 11:30:15+00:00,364.0,4.880000114440918
1998-12-15 11:35:16+00:00,363.0,4.909999847412109
1998-12-15 11:40:20+00:00,364.0,5.119999885559082
1998-12-15 11:45:24+00:00,361.0,4.909999847412109
1998-12-15 11:50:23+00:00,363.0,4.619999885559082
1998-12-15 11:55:27+00:00,362.0,4.840000152587891
1998-12-15 12:00:28+00:00,362.0,4.960000038146973
1998-12-15 12:05:30+00:00,362.0,5.21999979019165
1998-12-15 12:10:33+00:00,363.0,5.349999904632568
1998-12-15 12:15:37+00:00,367.0,5.730000019073486
1998-12-15 12:20:37+00:00,368.0,5.679999828338623
1998-12-15 12:25:38+00:00,371.0,5.489999771118164
1998-12-15 12:30:42+00:00,369.0,5.519999980926514
1998-12-15 12:35:43+00:00,365.0,5.599999904632568
1998-12-15 12:40:45+00:00,370.0,5.940000057220459
1998-12-15 12:45:51+00:00,374.0,6.550000190734863
1998-12-15 12:50:50+00:00,374.0,6.650000095367432
1998-12-15 12:55:52+00:00,378.0,6.599999904632568
1998-12-15 13:00:53+00:00,377.0,6.519999980926514
1998-12-15 13:05:57+00:00,372.0,7.170000076293945
1998-12-15 13:10:59+00:00,379.0,7.03000020980835
1998-12-15 13:16:00+00:00,376.0,7.349999904632568
1998-12-15 13:21:04+00:00,375.0,7.480000019073486
1998-12-15 13:26:05+00:00,376.0,7.440000057220459
1998-12-15 13:31:07+00:00,380.0,7.900000095367432
1998-12-15 13:36:11+00:00,378.0,7.420000076293945
1998-12-15 13:41:12+00:00,375.0,7.150000095367432
1998-12-15 13:46:14+00:00,376.0,7.159999847412109
1998-12-15 13:51:18+00:00,380.0,7.820000171661377
1998-12-15 13:56:19+00:00,380.0,7.639999866485596
1998-12-15 14:01:21+00:00,377.0,6.909999847412109
1998-12-15 14:06:22+00:00,376.0,6.929999828338623
1998-12-15 14:11:26+00:00,374.0,7.010000228881836
1998-12-15 14:16:27+00:00,374.0,7.039999961853027
1998-12-15 14:21:31+00:00,376.0,7.329999923706055
1998-12-15 14:26:31+00:00,375.0,7.28000020980835
1998-12-15 14:31:34+00:00,378.0,7.639999866485596
1998-12-15 14:36:36+00:00,376.0,7.96999979019165
1998-12-15 14:41:39+00:00,377.0,8.300000190734863
1998-12-15 14:46:41+00:00,376.0,7.840000152587891
1998-12-15 14:51:45+00:00,378.0,8.010000228881836
1998-12-15 14:56:44+00:00,377.0,7.829999923706055
1998-12-15 15:01:48+00:00,375.0,7.71999979019165
1998-12-15 15:06:49+00:00,379.0,8.140000343322754
1998-12-15 15:11:51+00:00,378.0,8.020000457763672
1998-12-15 15:16:55+00:00,377.0,7.860000133514404
1998-12-15 15:21:58+00:00,375.0,7.889999866485596
1998-12-15 15:26:58+00:00,375.0,7.590000152587891
1998-12-15 15:32:01+00:00,376.0,8.260000228881836
1998-12-15 15:37:03+00:00,375.0,8.34000015258789
1998-12-15 15:42:05+00:00,374.0,7.769999980926514
1998-12-15 15:47:06+00:00,376.0,7.690000057220459
1998-12-15 15:52:12+00:00,376.0,7.230000019073486
1998-12-15 15:57:12+00:00,376.0,7.760000228881836
1998-12-15 16:02:13+00:00,377.0,8.039999961853027
1998-12-15 16:07:16+00:00,383.0,8.670000076293945
1998-12-15 16:12:18+00:00,377.0,7.820000171661377
1998-12-15 16:17:20+00:00,379.0,7.820000171661377
1998-12-15 16:22:21+00:00,376.0,7.710000038146973
1998-12-15 16:27:55+00:00,378.0,7.650000095367432
1998-12-15 16:32:57+00:00,380.0,7.53000020980835
1998-12-15 16:37:58+00:00,375.0,8.119999885559082
1998-12-15 16:43:02+00:00,379.0,7.309999942779541
1998-12-15 16:48:03+00:00,379.0,7.340000152587891
1998-12-15 16:53:05+00:00,379.0,7.340000152587891
1998-12-15 16:58:09+00:00,377.0,7.130000114440918
1998-12-15 17:03:10+00:00,375.0,7.139999866485596
1998-12-15 17:08:12+00:00,375.0,7.099999904632568
1998-12-15 17:13:45+00:00,376.0,7.420000076293945
1998-12-15 17:18:47+00:00,375.0,7.539999961853027
1998-12-15 17:23:48+00:00,383.0,8.050000190734863
1998-12-15 17:28:52+00:00,382.0,8.5
1998-12-15 17:33:54+00:00,379.0,8.40999984741211
1998-12-15 17:38:55+00:00,381.0,8.359999656677246
1998-12-15 17:43:57+00:00,382.0,8.050000190734863
1998-12-15 17:49:00+00:00,380.0,8.15999984741211
1998-12-15 17:54:02+00:00,379.0,8.180000305175781
1998-12-15 17:59:06+00:00,377.0,8.229999542236328
1998-12-15 18:04:06+00:00,374.0,8.369999885559082
1998-12-15 18:09:09+00:00,376.0,8.0600004196167
1998-12-15 18:14:10+00:00,375.0,8.260000228881836
1998-12-15 18:19:12+00:00,376.0,7.900000095367432
1998-12-15 18:24:16+00:00,375.0,7.989999771118164
1998-12-15 18:29:19+00:00,375.0,8.149999618530273
1998-12-15 18:34:19+00:00,376.0,8.489999771118164
1998-12-15 18:39:22+00:00,377.0,8.479999542236328
1998-12-15 18:44:24+00:00,377.0,8.449999809265137
1998-12-15 18:49:26+00:00,376.0,8.40999984741211
1998-12-15 18:54:29+00:00,371.0,8.5600004196167
1998-12-15 18:59:33+00:00,375.0,8.960000038146973
1998-12-15 19:04:33+00:00,382.0,8.779999732971191
1998-12-15 19:09:34+00:00,377.0,9.470000267028809
1998-12-15 19:14:38+00:00,381.0,9.0600004196167
1998-12-15 19:19:39+00:00,384.0,8.800000190734863
1998-12-15 19:24:41+00:00,385.0,8.75
1998-12-15 19:29:47+00:00,381.0,8.6899995803833
1998-12-15 19:34:46+00:00,380.0,8.880000114440918
1998-12-15 19:39:48+00:00,376.0,9.149999618530273
1998-12-15 19:44:51+00:00,377.0,9.109999656677246
1998-12-15 19:49:53+00:00,376.0,9.029999732971191
1998-12-15 19:54:54+00:00,379.0,9.460000038146973
1998-12-15 19:59:56+00:00,382.0,9.640000343322754
1998-12-15 20:05:00+00:00,379.0,9.470000267028809
1998-12-15 20:10:01+00:00,377.0,9.479999542236328
1998-12-15 20:15:03+00:00,373.0,9.25
1998-12-15 20:20:06+00:00,375.0,8.779999732971191
1998-12-15 20:25:08+00:00,371.0,9.720000267028809
1998-12-15 20:30:10+00:00,373.0,9.6899995803833
1998-12-15 20:35:13+00:00,374.0,10.640000343322754
1998-12-15 20:40:15+00:00,377.0,10.050000190734863
1998-12-15 20:45:16+00:00,381.0,9.569999694824219
1998-12-15 20:50:18+00:00,388.0,9.5
1998-12-15 20:55:22+00:00,382.0,10.510000228881836
1998-12-15 21:00:23+00:00,389.0,10.1899995803833
1998-12-15 21:05:27+00:00,383.0,10.779999732971191
1998-12-15 21:10:27+00:00,394.0,10.84000015258789
1998-12-15 21:15:30+00:00,393.0,10.710000038146973
1998-12-15 21:21:32+00:00,399.0,11.819999694824219
1998-12-15 21:26:35+00:00,399.0,11.880000114440918
1998-12-15 21:31:37+00:00,394.0,10.899999618530273
1998-12-15 21:36:40+00:00,392.0,10.8100004196167
1998-12-15 21:41:42+00:00,388.0,11.09000015258789
1998-12-15 21:46:43+00:00,385.0,11.420000076293945
1998-12-15 21:51:45+00:00,380.0,12.069999694824219
1998-12-15 21:56:49+00:00,380.0,11.9399995803833
1998-12-15 22:01:50+00:00,382.0,12.359999656677246
1998-12-15 22:06:54+00:00,384.0,12.789999961853027
1998-12-15 22:11:54+00:00,387.0,12.649999618530273
1998-12-15 22:16:57+00:00,386.0,11.4399995803833
1998-12-15 22:21:59+00:00,385.0,10.989999771118164
1998-12-15 22:27:00+00:00,385.0,11.180000305175781
1998-12-15 22:32:04+00:00,386.0,12.520000457763672
1998-12-15 22:37:08+00:00,386.0,12.760000228881836
1998-12-15 22:42:07+00:00,383.0,12.130000114440918
1998-12-15 22:47:11+00:00,382.0,12.119999885559082
1998-12-15 22:52:12+00:00,383.0,11.779999732971191
1998-12-15 22:57:14+00:00,386.0,13.020000457763672
1998-12-15 23:02:15+00:00,385.0,11.770000457763672
1998-12-15 23:07:21+00:00,385.0,10.970000267028809
1998-12-15 23:12:21+00:00,385.0,11.300000190734863
1998-12-15 23:17:22+00:00,388.0,12.569999694824219
1998-12-15 23:22:26+00:00,389.0,13.010000228881836
1998-12-15 23:27:57+00:00,388.0,11.760000228881836
1998-12-15 23:32:59+00:00,388.0,11.670000076293945
1998-12-15 23:38:05+00:00,388.0,11.579999923706055
1998-12-15 23:43:04+00:00,387.0,11.399999618530273
1998-12-15 23:48:06+00:00,387.0,12.489999771118164
1998-12-15 23:53:09+00:00,386.0,12.460000038146973
1998-12-15 23:58:11+00:00,383.0,12.59000015258789
1998-12-16 00:00:11+00:00,379.0,12.640000343322754
1998-12-16 00:05:14+00:00,375.0,14.199999809265137
1998-12-16 00:10:18+00:00,376.0,14.270000457763672
1998-12-16 00:15:18+00:00,376.0,12.920000076293945
1998-12-16 00:20:21+00:00,378.0,11.529999732971191
1998-12-16 00:25:23+00:00,379.0,11.399999618530273
1998-12-16 00:30:24+00:00,379.0,11.5600004196167
1998-12-16 00:35:26+00:00,383.0,11.819999694824219
1998-12-16 00:40:32+00:00,382.0,11.859999656677246
1998-12-16 00:45:32+00:00,380.0,12.319999694824219
1998-12-16 00:50:33+00:00,381.0,11.65999984741211
1998-12-16 00:55:36+00:00,381.0,12.470000267028809
1998-12-16 01:00:38+00:00,387.0,13.4399995803833
1998-12-16 01:05:40+00:00,386.0,13.0
1998-12-16 01:10:45+00:00,388.0,13.710000038146973
1998-12-16 01:15:45+00:00,388.0,13.600000381469727
1998-12-16 01:20:46+00:00,389.0,13.899999618530273
1998-12-16 01:25:50+00:00,388.0,14.739999771118164
1998-12-16 01:30:52+00:00,388.0,14.430000305175781
1998-12-16 01:35:53+00:00,388.0,15.0600004196167
1998-12-16 01:40:55+00:00,389.0,13.670000076293945
1998-12-16 01:45:59+00:00,388.0,13.960000038146973
1998-12-16 01:51:00+00:00,388.0,14.039999961853027
1998-12-16 01:56:02+00:00,388.0,12.949999809265137
1998-12-16 02:01:05+00:00,390.0,11.039999961853027
1998-12-16 02:06:07+00:00,390.0,11.539999961853027
1998-12-16 02:11:08+00:00,389.0,11.270000457763672
1998-12-16 02:16:12+00:00,388.0,10.529999732971191
1998-12-16 02:21:14+00:00,393.0,9.609999656677246
1998-12-16 02:26:15+00:00,400.0,8.920000076293945
1998-12-16 02:31:17+00:00,414.0,8.59000015258789
1998-12-16 02:36:20+00:00,412.0,9.3100004196167
1998-12-16 02:41:22+00:00,411.0,9.170000076293945
1998-12-16 02:46:26+00:00,407.0,9.289999961853027
1998-12-16 02:51:26+00:00,404.0,9.4399995803833
1998-12-16 02:56:29+00:00,406.0,8.210000038146973
1998-12-16 03:01:30+00:00,410.0,8.90999984741211
1998-12-16 03:06:32+00:00,412.0,9.289999961853027
1998-12-16 03:11:36+00:00,415.0,5.769999980926514
1998-12-16 03:16:39+00:00,422.0,5.619999885559082
1998-12-16 03:21:39+00:00,424.0,5.25
1998-12-16 03:26:42+00:00,422.0,6.5
1998-12-16 03:31:44+00:00,420.0,10.279999732971191
1998-12-16 03:36:46+00:00,453.0,5.949999809265137
1998-12-16 03:41:49+00:00,452.0,5.519999980926514
1998-12-16 03:46:53+00:00,451.0,5.400000095367432
1998-12-16 03:51:53+00:00,463.0,4.869999885559082
1998-12-16 03:56:54+00:00,471.0,4.579999923706055
1998-12-16 04:01:58+00:00,478.0,4.46999979019165
1998-12-16 04:06:59+00:00,481.0,4.150000095367432
1998-12-16 04:12:01+00:00,497.0,4.789999961853027
1998-12-16 04:17:07+00:00,512.0,6.059999942779541
1998-12-16 04:22:06+00:00,532.0,6.639999866485596
1998-12-16 04:27:08+00:00,527.0,6.53000020980835
1998-12-16 04:32:11+00:00,518.0,6.639999866485596
1998-12-16 04:37:13+00:00,526.0,6.300000190734863
1998-12-16 04:42:14+00:00,536.0,5.119999885559082
1998-12-16 04:47:16+00:00,495.0,4.460000038146973
1998-12-16 04:52:20+00:00,490.0,4.449999809265137
1998-12-16 04:57:21+00:00,491.0,4.71999979019165
1998-12-16 05:02:23+00:00,492.0,5.090000152587891
1998-12-16 05:07:26+00:00,499.0,4.46999979019165
1998-12-16 05:12:28+00:00,505.0,4.159999847412109
1998-12-16 05:17:30+00:00,495.0,4.650000095367432
1998-12-16 05:22:33+00:00,504.0,3.700000047683716
1998-12-16 05:27:35+00:00,510.0,4.659999847412109
1998-12-16 05:32:36+00:00,522.0,4.28000020980835
1998-12-16 05:37:38+00:00,523.0,4.239999771118164
1998-12-16 05:42:42+00:00,522.0,4.289999961853027
1998-12-16 05:47:44+00:00,524.0,4.050000190734863
1998-12-16 05:52:48+00:00,527.0,3.9800000190734863
1998-12-16 05:57:48+00:00,529.0,4.119999885559082
1998-12-16 06:02:51+00:00,521.0,3.8399999141693115
1998-12-16 06:07:52+00:00,525.0,3.740000009536743
1998-12-16 06:12:56+00:00,534.0,4.059999942779541
1998-12-16 06:17:58+00:00,534.0,4.289999961853027
1998-12-16 06:23:01+00:00,521.0,4.25
1998-12-16 06:28:01+00:00,516.0,4.03000020980835
1998-12-16 06:33:04+00:00,515.0,3.7699999809265137
1998-12-16 06:38:06+00:00,536.0,4.760000228881836
1998-12-16 06:43:08+00:00,529.0,4.489999771118164
1998-12-16 06:48:11+00:00,520.0,5.320000171661377
1998-12-16 06:53:15+00:00,488.0,5.199999809265137
1998-12-16 06:58:15+00:00,495.0,5.360000133514404
1998-12-16 07:03:18+00:00,503.0,5.28000020980835
1998-12-16 07:08:20+00:00,517.0,5.480000019073486
1998-12-16 07:13:21+00:00,538.0,5.769999980926514
1998-12-16 07:18:23+00:00,549.0,6.309999942779541
1998-12-16 07:23:28+00:00,537.0,5.869999885559082
1998-12-16 07:28:28+00:00,541.0,5.5
1998-12-16 07:33:30+00:00,539.0,5.550000190734863
1998-12-16 07:38:33+00:00,539.0,5.619999885559082
1998-12-16 07:43:35+00:00,527.0,6.139999866485596
1998-12-16 07:48:36+00:00,526.0,6.139999866485596
1998-12-16 07:53:42+00:00,514.0,5.03000020980835
1998-12-16 07:58:42+00:00,520.0,4.929999828338623
1998-12-16 08:03:43+00:00,516.0,4.630000114440918
1998-12-16 08:08:45+00:00,515.0,4.670000076293945
1998-12-16 08:13:48+00:00,482.0,4.630000114440918
1998-12-16 08:18:50+00:00,453.0,3.5399999618530273
1998-12-16 08:23:52+00:00,482.0,3.799999952316284
1998-12-16 08:28:55+00:00,444.0,5.300000190734863
1998-12-16 08:33:57+00:00,477.0,3.6700000762939453
1998-12-16 08:38:58+00:00,481.0,3.380000114440918
1998-12-16 08:44:02+00:00,519.0,2.940000057220459
1998-12-16 08:49:04+00:00,506.0,2.430000066757202
1998-12-16 08:54:05+00:00,509.0,2.4200000762939453
1998-12-16 08:59:09+00:00,518.0,2.559999942779541
1998-12-16 09:04:10+00:00,537.0,2.4800000190734863
1998-12-16 09:09:12+00:00,546.0,2.4100000858306885
1998-12-16 09:14:14+00:00,545.0,2.369999885559082
1998-12-16 09:19:17+00:00,542.0,2.4000000953674316
1998-12-16 09:24:19+00:00,542.0,2.549999952316284
1998-12-16 09:29:23+00:00,539.0,2.5799999237060547
1998-12-16 09:34:22+00:00,531.0,2.5399999618530273
1998-12-16 09:39:26+00:00,529.0,2.4700000286102295
1998-12-16 09:44:27+00:00,533.0,2.490000009536743
1998-12-16 09:49:29+00:00,538.0,2.3399999141693115
1998-12-16 09:54:32+00:00,539.0,2.2899999618530273
1998-12-16 10:00:06+00:00,512.0,2.450000047683716
1998-12-16 10:05:06+00:00,526.0,2.299999952316284
1998-12-16 10:10:09+00:00,503.0,2.2100000381469727
1998-12-16 10:15:11+00:00,505.0,2.200000047683716
1998-12-16 10:20:12+00:00,532.0,2.440000057220459
1998-12-16 10:25:16+00:00,525.0,2.299999952316284
1998-12-16 10:30:20+00:00,540.0,2.2799999713897705
1998-12-16 10:35:19+00:00,533.0,2.609999895095825
1998-12-16 10:40:21+00:00,532.0,2.700000047683716
1998-12-16 10:45:24+00:00,532.0,2.6700000762939453
1998-12-16 10:50:26+00:00,528.0,2.880000114440918
1998-12-16 10:55:29+00:00,533.0,2.5899999141693115
1998-12-16 11:00:33+00:00,540.0,2.490000009536743
1998-12-16 11:05:33+00:00,538.0,2.2899999618530273
1998-12-16 11:10:34+00:00,538.0,2.2699999809265137
1998-12-16 11:15:38+00:00,544.0,2.3299999237060547
1998-12-16 11:20:39+00:00,536.0,2.0399999618530273
1998-12-16 11:25:41+00:00,534.0,2.2799999713897705
1998-12-16 11:30:47+00:00,534.0,2.2899999618530273
1998-12-16 11:35:47+00:00,539.0,2.490000009536743
1998-12-16 11:40:48+00:00,552.0,2.0999999046325684
1998-12-16 11:45:50+00:00,553.0,1.9600000381469727
1998-12-16 11:50:53+00:00,545.0,2.130000114440918
1998-12-16 11:55:55+00:00,542.0,2.309999942779541
1998-12-16 12:00:56+00:00,549.0,2.2300000190734863
1998-12-16 12:06:00+00:00,552.0,2.0899999141693115
1998-12-16 12:11:01+00:00,543.0,2.130000114440918
1998-12-16 12:16:03+00:00,543.0,2.0899999141693115
1998-12-16 12:21:07+00:00,551.0,2.0
1998-12-16 12:26:08+00:00,550.0,1.9500000476837158
1998-12-16 12:31:10+00:00,546.0,1.8799999952316284
1998-12-16 12:36:14+00:00,546.0,1.9500000476837158
1998-12-16 12:41:15+00:00,542.0,1.7999999523162842
1998-12-16 12:46:17+00:00,542.0,1.9600000381469727
1998-12-16 12:51:18+00:00,540.0,1.9500000476837158
1998-12-16 12:56:22+00:00,543.0,1.7999999523162842
1998-12-16 13:01:23+00:00,540.0,1.9199999570846558
1998-12-16 13:06:27+00:00,532.0,2.069999933242798
1998-12-16 13:11:27+00:00,530.0,2.069999933242798
1998-12-16 13:16:30+00:00,529.0,1.9700000286102295
1998-12-16 13:21:32+00:00,536.0,1.659999966621399
1998-12-16 13:26:34+00:00,535.0,1.690000057220459
1998-12-16 13:31:37+00:00,533.0,1.5499999523162842
1998-12-16 13:36:41+00:00,528.0,1.5499999523162842
1998-12-16 13:41:41+00:00,524.0,1.5199999809265137
1998-12-16 13:46:44+00:00,522.0,1.5499999523162842
1998-12-16 13:51:45+00:00,517.0,1.5499999523162842
1998-12-16 13:56:47+00:00,509.0,1.6100000143051147
1998-12-16 14:01:49+00:00,472.0,1.2999999523162842
1998-12-16 14:06:54+00:00,471.0,1.3200000524520874
1998-12-16 14:11:54+00:00,464.0,1.4299999475479126
1998-12-16 14:16:56+00:00,470.0,1.4900000095367432
1998-12-16 14:21:59+00:00,504.0,1.9600000381469727
1998-12-16 14:27:01+00:00,505.0,2.130000114440918
1998-12-16 14:32:02+00:00,476.0,1.809999942779541
1998-12-16 14:37:08+00:00,469.0,1.940000057220459
1998-12-16 14:42:08+00:00,467.0,2.059999942779541
1998-12-16 14:47:09+00:00,467.0,1.9900000095367432
1998-12-16 14:52:13+00:00,471.0,2.130000114440918
1998-12-16 14:57:14+00:00,466.0,2.200000047683716
1998-12-16 15:02:16+00:00,467.0,2.200000047683716
1998-12-16 15:07:18+00:00,464.0,2.319999933242798
1998-12-16 15:12:21+00:00,465.0,2.25
1998-12-16 15:17:23+00:00,466.0,2.2899999618530273
1998-12-16 15:22:24+00:00,467.0,2.309999942779541
1998-12-16 15:27:28+00:00,464.0,2.3299999237060547
1998-12-16 15:32:29+00:00,466.0,2.309999942779541
1998-12-16 15:37:31+00:00,466.0,2.3399999141693115
1998-12-16 15:42:35+00:00,462.0,2.619999885559082
1998-12-16 15:47:36+00:00,467.0,2.509999990463257
1998-12-16 15:52:38+00:00,471.0,2.5999999046325684
1998-12-16 15:57:40+00:00,468.0,2.450000047683716
1998-12-16 16:02:43+00:00,463.0,2.5999999046325684
1998-12-16 16:07:45+00:00,464.0,2.9000000953674316
1998-12-16 16:12:48+00:00,457.0,2.619999885559082
1998-12-16 16:17:48+00:00,454.0,2.5399999618530273
1998-12-16 16:22:51+00:00,459.0,2.5799999237060547
1998-12-16 16:27:53+00:00,460.0,2.440000057220459
1998-12-16 16:32:55+00:00,466.0,2.4100000858306885
1998-12-16 16:37:58+00:00,460.0,2.5399999618530273
1998-12-16 16:43:02+00:00,460.0,2.5
1998-12-16 16:48:02+00:00,459.0,2.430000066757202
1998-12-16 16:53:05+00:00,453.0,2.440000057220459
1998-12-16 16:58:07+00:00,450.0,2.5199999809265137
1998-12-16 17:03:08+00:00,456.0,2.490000009536743
1998-12-16 17:08:12+00:00,454.0,2.5899999141693115
1998-12-16 17:13:16+00:00,438.0,2.740000009536743
1998-12-16 17:18:15+00:00,446.0,2.450000047683716
1998-12-16 17:23:19+00:00,452.0,2.3499999046325684
1998-12-16 17:28:20+00:00,440.0,2.509999990463257
1998-12-16 17:33:22+00:00,433.0,2.5199999809265137
1998-12-16 17:38:23+00:00,447.0,2.4200000762939453
1998-12-16 17:43:29+00:00,462.0,2.2699999809265137
1998-12-16 17:48:29+00:00,454.0,2.369999885559082
1998-12-16 17:53:30+00:00,455.0,2.2899999618530273
1998-12-16 17:58:34+00:00,433.0,2.4600000381469727
1998-12-16 18:03:35+00:00,443.0,2.4800000190734863
1998-12-16 18:08:37+00:00,446.0,2.1700000762939453
1998-12-16 18:13:39+00:00,438.0,2.2200000286102295
1998-12-16 18:18:42+00:00,440.0,2.200000047683716
1998-12-16 18:23:44+00:00,443.0,1.940000057220459
1998-12-16 18:28:45+00:00,443.0,2.130000114440918
1998-12-16 18:33:49+00:00,454.0,2.3299999237060547
1998-12-16 18:38:51+00:00,448.0,2.3299999237060547
1998-12-16 18:43:52+00:00,450.0,2.380000114440918
1998-12-16 18:48:56+00:00,447.0,2.630000114440918
1998-12-16 18:53:57+00:00,454.0,2.4600000381469727
1998-12-16 18:58:59+00:00,439.0,2.4200000762939453
1998-12-16 19:04:03+00:00,435.0,2.3499999046325684
1998-12-16 19:09:04+00:00,433.0,2.4600000381469727
1998-12-16 19:14:06+00:00,428.0,2.4600000381469727
1998-12-16 19:19:10+00:00,415.0,2.7300000190734863
1998-12-16 19:24:11+00:00,415.0,2.7300000190734863
1998-12-16 19:29:13+00:00,415.0,2.880000114440918
1998-12-16 19:34:14+00:00,410.0,2.9800000190734863
1998-12-16 19:39:18+00:00,410.0,2.740000009536743
1998-12-16 19:44:19+00:00,409.0,2.799999952316284
1998-12-16 19:49:23+00:00,406.0,2.6500000953674316
1998-12-16 19:54:23+00:00,400.0,2.859999895095825
1998-12-16 19:59:26+00:00,401.0,2.9600000381469727
1998-12-16 20:04:28+00:00,397.0,2.950000047683716
1998-12-16 20:09:29+00:00,398.0,2.950000047683716
1998-12-16 20:14:33+00:00,408.0,2.640000104904175
1998-12-16 20:19:37+00:00,410.0,2.5799999237060547
1998-12-16 20:24:37+00:00,408.0,2.5899999141693115
1998-12-16 20:29:40+00:00,411.0,2.6500000953674316
1998-12-16 20:34:41+00:00,400.0,2.7799999713897705
1998-12-16 20:39:43+00:00,396.0,2.9000000953674316
1998-12-16 20:44:47+00:00,401.0,2.8399999141693115
1998-12-16 20:49:50+00:00,402.0,2.9000000953674316
1998-12-16 20:54:50+00:00,403.0,3.009999990463257
1998-12-16 20:59:51+00:00,402.0,2.950000047683716
1998-12-16 21:04:55+00:00,403.0,2.990000009536743
1998-12-16 21:09:57+00:00,402.0,2.9100000858306885
1998-12-16 21:14:58+00:00,401.0,2.859999895095825
1998-12-16 21:20:04+00:00,403.0,2.869999885559082
1998-12-16 21:25:04+00:00,402.0,3.0
1998-12-16 21:30:05+00:00,402.0,2.9000000953674316
1998-12-16 21:35:07+00:00,403.0,2.990000009536743
1998-12-16 21:40:10+00:00,404.0,2.6600000858306885
1998-12-16 21:45:12+00:00,403.0,2.630000114440918
1998-12-16 21:50:13+00:00,402.0,2.990000009536743
1998-12-16 21:55:17+00:00,403.0,2.8499999046325684
1998-12-16 22:00:19+00:00,402.0,2.9000000953674316
1998-12-16 22:05:20+00:00,400.0,2.940000057220459
1998-12-16 22:10:24+00:00,402.0,2.8499999046325684
1998-12-16 22:15:25+00:00,403.0,2.680000066757202
1998-12-16 22:20:27+00:00,396.0,2.700000047683716
1998-12-16 22:25:31+00:00,394.0,2.9100000858306885
1998-12-16 22:30:32+00:00,396.0,3.0199999809265137
1998-12-16 22:35:34+00:00,393.0,2.940000057220459
1998-12-16 22:40:35+00:00,395.0,2.8399999141693115
1998-12-16 22:45:39+00:00,397.0,2.880000114440918
1998-12-16 22:50:41+00:00,392.0,3.0
1998-12-16 22:55:44+00:00,391.0,2.8499999046325684
1998-12-16 23:00:44+00:00,390.0,3.1600000858306885
1998-12-16 23:05:47+00:00,390.0,3.0199999809265137
1998-12-16 23:10:49+00:00,390.0,2.9700000286102295
1998-12-16 23:15:51+00:00,390.0,3.0999999046325684
1998-12-16 23:20:54+00:00,390.0,2.9700000286102295
1998-12-16 23:25:58+00:00,390.0,3.109999895095825
1998-12-16 23:30:58+00:00,390.0,3.049999952316284
1998-12-16 23:36:01+00:00,390.0,3.119999885559082
1998-12-16 23:41:03+00:00,390.0,3.0399999618530273
1998-12-16 23:46:04+00:00,390.0,3.049999952316284
1998-12-16 23:51:08+00:00,390.0,3.1500000953674316
1998-12-16 23:56:11+00:00,390.0,3.130000114440918
1998-12-17 00:00:11+00:00,389.0,3.0399999618530273
1998-12-17 00:05:13+00:00,390.0,2.9700000286102295
1998-12-17 00:10:14+00:00,390.0,3.2100000381469727
1998-12-17 00:15:18+00:00,390.0,3.3499999046325684
1998-12-17 00:20:19+00:00,391.0,3.190000057220459
1998-12-17 00:25:21+00:00,392.0,3.319999933242798
1998-12-17 00:30:25+00:00,391.0,3.430000066757202
1998-12-17 00:35:26+00:00,391.0,3.369999885559082
1998-12-17 00:40:28+00:00,391.0,3.369999885559082
1998-12-17 00:45:29+00:00,390.0,3.430000066757202
1998-12-17 00:50:33+00:00,388.0,3.3499999046325684
1998-12-17 00:55:35+00:00,388.0,3.4200000762939453
1998-12-17 01:00:38+00:00,388.0,3.3499999046325684
1998-12-17 01:05:38+00:00,388.0,3.3299999237060547
1998-12-17 01:10:41+00:00,387.0,3.0799999237060547
1998-12-17 01:15:43+00:00,389.0,3.0799999237060547
1998-12-17 01:20:47+00:00,387.0,3.2799999713897705
1998-12-17 01:25:48+00:00,386.0,3.180000066757202
1998-12-17 01:30:52+00:00,386.0,3.2100000381469727
1998-12-17 01:35:52+00:00,389.0,3.319999933242798
1998-12-17 01:40:55+00:00,388.0,3.6700000762939453
1998-12-17 01:45:57+00:00,388.0,3.700000047683716
1998-12-17 01:50:58+00:00,389.0,3.5799999237060547
1998-12-17 01:56:02+00:00,388.0,3.490000009536743
1998-12-17 02:01:06+00:00,386.0,3.3499999046325684
1998-12-17 02:06:05+00:00,386.0,3.5399999618530273
1998-12-17 02:11:07+00:00,389.0,3.0899999141693115
1998-12-17 02:16:10+00:00,389.0,2.940000057220459
1998-12-17 02:21:12+00:00,387.0,3.380000114440918
1998-12-17 02:26:13+00:00,386.0,3.2200000286102295
1998-12-17 02:31:19+00:00,387.0,3.299999952316284
1998-12-17 02:36:19+00:00,387.0,3.759999990463257
1998-12-17 02:41:20+00:00,387.0,3.7799999713897705
1998-12-17 02:46:24+00:00,387.0,3.640000104904175
1998-12-17 02:51:25+00:00,387.0,3.4700000286102295
1998-12-17 02:56:27+00:00,388.0,3.5999999046325684
1998-12-17 03:01:29+00:00,390.0,3.5799999237060547
1998-12-17 03:06:32+00:00,389.0,3.5999999046325684
1998-12-17 03:11:34+00:00,387.0,3.630000114440918
1998-12-17 03:16:37+00:00,385.0,3.559999942779541
1998-12-17 03:21:39+00:00,385.0,3.390000104904175
1998-12-17 03:26:41+00:00,386.0,3.5
1998-12-17 03:31:42+00:00,386.0,3.4600000381469727
1998-12-17 03:36:46+00:00,385.0,3.4200000762939453
1998-12-17 03:41:47+00:00,386.0,3.4100000858306885
1998-12-17 03:46:49+00:00,385.0,3.5299999713897705
1998-12-17 03:51:51+00:00,386.0,3.4600000381469727
1998-12-17 03:56:54+00:00,385.0,3.509999990463257
1998-12-17 04:01:56+00:00,386.0,3.7100000381469727
1998-12-17 04:07:00+00:00,386.0,3.569999933242798
1998-12-17 04:12:02+00:00,385.0,3.369999885559082
1998-12-17 04:17:03+00:00,384.0,3.380000114440918
1998-12-17 04:22:05+00:00,385.0,3.1700000762939453
1998-12-17 04:27:08+00:00,385.0,3.25
1998-12-17 04:32:10+00:00,384.0,3.309999942779541
1998-12-17 04:37:14+00:00,384.0,3.240000009536743
1998-12-17 04:42:14+00:00,384.0,3.1700000762939453
1998-12-17 04:47:17+00:00,383.0,3.259999990463257
1998-12-17 04:52:18+00:00,383.0,3.319999933242798
1998-12-17 04:57:20+00:00,383.0,3.309999942779541
1998-12-17 05:02:24+00:00,383.0,3.450000047683716
1998-12-17 05:07:27+00:00,384.0,3.430000066757202
1998-12-17 05:12:27+00:00,383.0,3.3299999237060547
1998-12-17 05:17:30+00:00,383.0,3.2300000190734863
1998-12-17 05:22:32+00:00,383.0,3.4700000286102295
1998-12-17 05:27:34+00:00,384.0,4.039999961853027
1998-12-17 05:32:35+00:00,383.0,4.079999923706055
1998-12-17 05:37:41+00:00,383.0,3.549999952316284
1998-12-17 05:42:41+00:00,383.0,3.690000057220459
1998-12-17 05:47:42+00:00,384.0,3.75
1998-12-17 05:52:46+00:00,383.0,4.190000057220459
1998-12-17 05:57:47+00:00,382.0,4.070000171661377
1998-12-17 06:02:49+00:00,382.0,3.9800000190734863
1998-12-17 06:07:54+00:00,382.0,3.509999990463257
1998-12-17 06:12:54+00:00,382.0,3.569999933242798
1998-12-17 06:17:56+00:00,382.0,3.809999942779541
1998-12-17 06:22:57+00:00,382.0,3.950000047683716
1998-12-17 06:28:01+00:00,383.0,4.0
1998-12-17 06:33:02+00:00,383.0,3.9600000381469727
1998-12-17 06:38:04+00:00,383.0,3.859999895095825
1998-12-17 06:43:08+00:00,382.0,3.75
1998-12-17 06:48:09+00:00,385.0,3.5299999713897705
1998-12-17 06:53:11+00:00,384.0,3.069999933242798
1998-12-17 06:58:14+00:00,384.0,3.1600000858306885
1998-12-17 07:03:16+00:00,381.0,3.3299999237060547
1998-12-17 07:08:18+00:00,386.0,2.75
1998-12-17 07:13:21+00:00,386.0,3.109999895095825
1998-12-17 07:18:23+00:00,386.0,2.869999885559082
1998-12-17 07:23:24+00:00,387.0,2.9100000858306885
1998-12-17 07:28:26+00:00,386.0,2.930000066757202
1998-12-17 07:33:29+00:00,384.0,3.130000114440918
1998-12-17 07:38:31+00:00,381.0,3.640000104904175
1998-12-17 07:43:35+00:00,380.0,3.7300000190734863
1998-12-17 07:48:35+00:00,382.0,3.609999895095825
1998-12-17 07:53:38+00:00,384.0,3.390000104904175
1998-12-17 07:58:40+00:00,383.0,3.5
1998-12-17 08:03:41+00:00,380.0,3.7200000286102295
1998-12-17 08:08:45+00:00,380.0,3.4700000286102295
1998-12-17 08:13:48+00:00,376.0,3.569999933242798
1998-12-17 08:18:48+00:00,379.0,3.390000104904175
1998-12-17 08:23:51+00:00,379.0,3.4600000381469727
1998-12-17 08:28:53+00:00,380.0,3.369999885559082
1998-12-17 08:33:55+00:00,379.0,3.2699999809265137
1998-12-17 08:38:58+00:00,381.0,3.1700000762939453
1998-12-17 08:44:02+00:00,380.0,3.430000066757202
1998-12-17 08:49:02+00:00,378.0,3.450000047683716
1998-12-17 08:54:03+00:00,377.0,3.450000047683716
1998-12-17 08:59:07+00:00,377.0,3.3499999046325684
1998-12-17 09:04:08+00:00,379.0,3.430000066757202
1998-12-17 09:09:10+00:00,380.0,3.319999933242798
1998-12-17 09:14:16+00:00,378.0,3.259999990463257
1998-12-17 09:19:15+00:00,380.0,3.2899999618530273
1998-12-17 09:24:17+00:00,379.0,3.4000000953674316
1998-12-17 09:29:18+00:00,378.0,3.5299999713897705
1998-12-17 09:34:22+00:00,379.0,3.7799999713897705
1998-12-17 09:39:23+00:00,378.0,3.7100000381469727
1998-12-17 09:44:25+00:00,379.0,3.640000104904175
1998-12-17 09:49:29+00:00,380.0,3.630000114440918
1998-12-17 09:54:30+00:00,380.0,3.6500000953674316
1998-12-17 09:59:32+00:00,378.0,3.0799999237060547
1998-12-17 10:04:35+00:00,379.0,3.25
1998-12-17 10:10:07+00:00,381.0,3.5299999713897705
1998-12-17 10:15:09+00:00,381.0,3.700000047683716
1998-12-17 10:20:12+00:00,381.0,3.5899999141693115
1998-12-17 10:25:14+00:00,382.0,3.7899999618530273
1998-12-17 10:30:15+00:00,381.0,3.9200000762939453
1998-12-17 10:35:17+00:00,382.0,3.869999885559082
1998-12-17 10:40:21+00:00,378.0,3.809999942779541
1998-12-17 10:45:22+00:00,380.0,3.509999990463257
1998-12-17 10:50:26+00:00,378.0,3.5999999046325684
1998-12-17 10:55:27+00:00,380.0,3.5399999618530273
1998-12-17 11:00:29+00:00,378.0,3.299999952316284
1998-12-17 11:05:31+00:00,379.0,3.3299999237060547
1998-12-17 11:10:34+00:00,382.0,3.4000000953674316
1998-12-17 11:15:36+00:00,379.0,3.3299999237060547
1998-12-17 11:20:40+00:00,376.0,3.309999942779541
1998-12-17 11:25:39+00:00,377.0,3.3499999046325684
1998-12-17 11:30:43+00:00,378.0,3.4200000762939453
1998-12-17 11:35:44+00:00,378.0,3.4200000762939453
1998-12-17 11:40:46+00:00,377.0,3.430000066757202
1998-12-17 11:45:49+00:00,375.0,3.5899999141693115
1998-12-17 11:50:53+00:00,373.0,3.509999990463257
1998-12-17 11:55:53+00:00,371.0,3.450000047683716
1998-12-17 12:00:56+00:00,369.0,3.359999895095825
1998-12-17 12:05:58+00:00,366.0,3.369999885559082
1998-12-17 12:10:59+00:00,366.0,3.390000104904175
1998-12-17 12:16:03+00:00,366.0,3.369999885559082
1998-12-17 12:21:07+00:00,370.0,3.380000114440918
1998-12-17 12:26:07+00:00,368.0,3.369999885559082
1998-12-17 12:31:08+00:00,367.0,3.5999999046325684
1998-12-17 12:36:11+00:00,368.0,3.75
1998-12-17 12:41:13+00:00,367.0,3.7200000286102295
1998-12-17 12:46:15+00:00,364.0,3.630000114440918
1998-12-17 12:51:20+00:00,365.0,4.099999904632568
1998-12-17 12:56:20+00:00,365.0,4.429999828338623
1998-12-17 13:01:21+00:00,367.0,4.179999828338623
1998-12-17 13:06:25+00:00,366.0,3.950000047683716
1998-12-17 13:11:27+00:00,364.0,3.799999952316284
1998-12-17 13:16:28+00:00,368.0,4.099999904632568
1998-12-17 13:21:30+00:00,372.0,4.309999942779541
1998-12-17 13:26:34+00:00,373.0,4.449999809265137
1998-12-17 13:31:35+00:00,372.0,4.820000171661377
1998-12-17 13:36:37+00:00,373.0,5.130000114440918
1998-12-17 13:41:40+00:00,367.0,4.820000171661377
1998-12-17 13:46:42+00:00,368.0,4.440000057220459
1998-12-17 13:51:43+00:00,370.0,4.28000020980835
1998-12-17 13:56:47+00:00,370.0,4.380000114440918
1998-12-17 14:01:49+00:00,369.0,4.670000076293945
1998-12-17 14:06:50+00:00,371.0,4.809999942779541
1998-12-17 14:11:52+00:00,371.0,4.230000019073486
1998-12-17 14:16:55+00:00,370.0,4.639999866485596
1998-12-17 14:21:57+00:00,368.0,4.400000095367432
1998-12-17 14:27:01+00:00,367.0,4.130000114440918
1998-12-17 14:32:01+00:00,364.0,4.53000020980835
1998-12-17 14:37:04+00:00,364.0,4.329999923706055
1998-12-17 14:42:05+00:00,362.0,4.440000057220459
1998-12-17 14:47:07+00:00,363.0,4.679999828338623
1998-12-17 14:52:11+00:00,362.0,4.320000171661377
1998-12-17 14:57:14+00:00,361.0,4.010000228881836
1998-12-17 15:02:14+00:00,359.0,4.039999961853027
1998-12-17 15:07:17+00:00,364.0,3.859999895095825
1998-12-17 15:12:19+00:00,358.0,4.360000133514404
1998-12-17 15:17:21+00:00,358.0,4.099999904632568
1998-12-17 15:22:24+00:00,354.0,3.9800000190734863
1998-12-17 15:27:28+00:00,352.0,3.9600000381469727
1998-12-17 15:32:28+00:00,348.0,4.159999847412109
1998-12-17 15:37:31+00:00,349.0,4.150000095367432
1998-12-17 15:43:03+00:00,348.0,4.260000228881836
1998-12-17 15:48:04+00:00,346.0,4.340000152587891
1998-12-17 15:53:08+00:00,346.0,4.360000133514404
1998-12-17 15:58:11+00:00,340.0,4.46999979019165
1998-12-17 16:03:11+00:00,338.0,4.900000095367432
1998-12-17 16:08:14+00:00,354.0,5.289999961853027
1998-12-17 16:13:16+00:00,363.0,5.739999771118164
1998-12-17 16:18:18+00:00,366.0,5.480000019073486
1998-12-17 16:23:19+00:00,356.0,5.329999923706055
1998-12-17 16:28:25+00:00,360.0,5.119999885559082
1998-12-17 16:33:25+00:00,365.0,5.119999885559082
1998-12-17 16:38:26+00:00,372.0,5.550000190734863
1998-12-17 16:43:30+00:00,374.0,5.940000057220459
1998-12-17 16:48:31+00:00,368.0,5.730000019073486
1998-12-17 16:53:33+00:00,353.0,4.900000095367432
1998-12-17 16:58:39+00:00,355.0,4.670000076293945
1998-12-17 17:03:38+00:00,351.0,5.0
1998-12-17 17:08:40+00:00,348.0,4.75
1998-12-17 17:13:41+00:00,349.0,4.679999828338623
1998-12-17 17:18:45+00:00,351.0,4.559999942779541
1998-12-17 17:23:47+00:00,348.0,4.46999979019165
1998-12-17 17:28:48+00:00,346.0,4.619999885559082
1998-12-17 17:33:52+00:00,346.0,4.71999979019165
1998-12-17 17:38:53+00:00,352.0,4.869999885559082
1998-12-17 17:43:55+00:00,351.0,5.230000019073486
1998-12-17 17:48:58+00:00,348.0,5.139999866485596
1998-12-17 17:54:00+00:00,350.0,5.079999923706055
1998-12-17 17:59:02+00:00,353.0,4.699999809265137
1998-12-17 18:04:06+00:00,346.0,4.659999847412109
1998-12-17 18:09:07+00:00,343.0,4.940000057220459
1998-12-17 18:14:09+00:00,346.0,4.760000228881836
1998-12-17 18:19:10+00:00,348.0,5.119999885559082
1998-12-17 18:24:14+00:00,351.0,5.409999847412109
1998-12-17 18:29:15+00:00,342.0,5.590000152587891
1998-12-17 18:34:19+00:00,358.0,5.380000114440918
1998-12-17 18:39:19+00:00,354.0,5.079999923706055
1998-12-17 18:44:22+00:00,351.0,5.510000228881836
1998-12-17 18:49:24+00:00,357.0,5.210000038146973
1998-12-17 18:54:25+00:00,364.0,5.639999866485596
1998-12-17 18:59:29+00:00,364.0,5.670000076293945
1998-12-17 19:04:33+00:00,362.0,5.960000038146973
1998-12-17 19:09:32+00:00,362.0,5.789999961853027
1998-12-17 19:14:36+00:00,361.0,5.670000076293945
1998-12-17 19:19:37+00:00,366.0,5.809999942779541
1998-12-17 19:24:39+00:00,365.0,6.099999904632568
1998-12-17 19:29:42+00:00,372.0,6.360000133514404
1998-12-17 19:34:46+00:00,354.0,5.619999885559082
1998-12-17 19:39:46+00:00,350.0,5.0
1998-12-17 19:44:47+00:00,351.0,5.21999979019165
1998-12-17 19:49:51+00:00,353.0,5.539999961853027
1998-12-17 19:56:22+00:00,354.0,5.53000020980835
1998-12-17 20:01:24+00:00,354.0,5.429999828338623
1998-12-17 20:06:30+00:00,348.0,5.360000133514404
1998-12-17 20:11:29+00:00,342.0,5.309999942779541
1998-12-17 20:16:31+00:00,342.0,5.489999771118164
1998-12-17 20:21:34+00:00,343.0,5.480000019073486
1998-12-17 20:26:36+00:00,340.0,5.860000133514404
1998-12-17 20:31:38+00:00,336.0,6.449999809265137
1998-12-17 20:36:43+00:00,341.0,5.519999980926514
1998-12-17 20:41:43+00:00,353.0,5.559999942779541
1998-12-17 20:46:44+00:00,348.0,5.880000114440918
1998-12-17 20:51:46+00:00,345.0,5.96999979019165
1998-12-17 20:56:50+00:00,347.0,6.119999885559082
1998-12-17 21:01:51+00:00,354.0,5.409999847412109
1998-12-17 21:06:53+00:00,356.0,5.079999923706055
1998-12-17 21:11:57+00:00,346.0,5.789999961853027
1998-12-17 21:16:58+00:00,351.0,5.730000019073486
1998-12-17 21:22:00+00:00,351.0,5.670000076293945
1998-12-17 21:27:03+00:00,348.0,5.349999904632568
1998-12-17 21:32:05+00:00,350.0,5.110000133514404
1998-12-17 21:37:06+00:00,353.0,5.210000038146973
1998-12-17 21:42:10+00:00,357.0,6.039999961853027
1998-12-17 21:47:12+00:00,354.0,5.929999828338623
1998-12-17 21:52:13+00:00,353.0,5.889999866485596
1998-12-17 21:57:15+00:00,352.0,6.139999866485596
1998-12-17 22:02:18+00:00,346.0,5.800000190734863
1998-12-17 22:07:20+00:00,340.0,5.389999866485596
1998-12-17 22:12:24+00:00,337.0,5.139999866485596
1998-12-17 22:17:23+00:00,336.0,5.46999979019165
1998-12-17 22:22:27+00:00,335.0,5.449999809265137
1998-12-17 22:27:28+00:00,336.0,5.929999828338623
1998-12-17 22:32:30+00:00,344.0,4.989999771118164
1998-12-17 22:37:33+00:00,339.0,5.099999904632568
1998-12-17 22:42:37+00:00,334.0,4.900000095367432
1998-12-17 22:47:37+00:00,331.0,5.670000076293945
1998-12-17 22:52:40+00:00,337.0,6.289999961853027
1998-12-17 22:57:42+00:00,340.0,6.079999923706055
1998-12-17 23:02:44+00:00,337.0,5.670000076293945
1998-12-17 23:07:47+00:00,336.0,6.050000190734863
1998-12-17 23:12:51+00:00,336.0,6.320000171661377
1998-12-17 23:17:51+00:00,333.0,6.5
1998-12-17 23:22:52+00:00,330.0,6.539999961853027
1998-12-17 23:27:56+00:00,329.0,5.739999771118164
1998-12-17 23:32:57+00:00,329.0,5.800000190734863
1998-12-17 23:37:59+00:00,330.0,5.599999904632568
1998-12-17 23:43:04+00:00,330.0,5.300000190734863
1998-12-17 23:48:34+00:00,328.0,6.139999866485596
1998-12-17 23:53:36+00:00,327.0,5.980000019073486
1998-12-17 23:58:39+00:00,331.0,6.28000020980835
1998-12-18 00:00:09+00:00,330.0,6.289999961853027
1998-12-18 00:05:11+00:00,325.0,5.96999979019165
1998-12-18 00:10:14+00:00,327.0,5.630000114440918
1998-12-18 00:15:18+00:00,325.0,5.869999885559082
1998-12-18 00:20:18+00:00,328.0,6.829999923706055
1998-12-18 00:25:21+00:00,328.0,7.579999923706055
1998-12-18 00:30:23+00:00,324.0,7.820000171661377
1998-12-18 00:35:24+00:00,326.0,7.889999866485596
1998-12-18 00:40:26+00:00,325.0,7.539999961853027
1998-12-18 00:45:31+00:00,324.0,7.53000020980835
1998-12-18 00:50:31+00:00,325.0,7.78000020980835
1998-12-18 00:55:33+00:00,326.0,7.840000152587891
1998-12-18 01:00:36+00:00,325.0,7.590000152587891
1998-12-18 01:05:38+00:00,326.0,7.53000020980835
1998-12-18 01:10:39+00:00,321.0,7.21999979019165
1998-12-18 01:15:45+00:00,323.0,6.989999771118164
1998-12-18 01:20:45+00:00,324.0,7.159999847412109
1998-12-18 01:25:46+00:00,328.0,6.920000076293945
1998-12-18 01:30:48+00:00,330.0,7.079999923706055
1998-12-18 01:35:51+00:00,325.0,8.90999984741211
1998-12-18 01:40:53+00:00,324.0,8.84000015258789
1998-12-18 01:45:55+00:00,324.0,8.699999809265137
1998-12-18 01:50:58+00:00,323.0,8.949999809265137
1998-12-18 01:56:00+00:00,323.0,8.84000015258789
1998-12-18 02:01:01+00:00,324.0,8.680000305175781
1998-12-18 02:06:05+00:00,323.0,9.40999984741211
1998-12-18 02:11:07+00:00,322.0,10.84000015258789
1998-12-18 02:16:08+00:00,322.0,10.529999732971191
1998-12-18 02:21:12+00:00,322.0,8.850000381469727
1998-12-18 02:26:13+00:00,323.0,8.180000305175781
1998-12-18 02:31:15+00:00,319.0,8.289999961853027
1998-12-18 02:36:17+00:00,322.0,8.260000228881836
1998-12-18 02:41:20+00:00,322.0,8.680000305175781
1998-12-18 02:46:22+00:00,323.0,8.970000267028809
1998-12-18 02:51:26+00:00,321.0,9.380000114440918
1998-12-18 02:56:25+00:00,323.0,9.470000267028809
1998-12-18 03:01:29+00:00,323.0,9.0600004196167
1998-12-18 03:06:30+00:00,322.0,9.899999618530273
1998-12-18 03:11:32+00:00,320.0,10.550000190734863
1998-12-18 03:16:35+00:00,322.0,10.5600004196167
1998-12-18 03:21:39+00:00,321.0,10.34000015258789
1998-12-18 03:26:39+00:00,322.0,10.529999732971191
1998-12-18 03:31:42+00:00,321.0,10.770000457763672
1998-12-18 03:36:44+00:00,318.0,10.800000190734863
1998-12-18 03:41:45+00:00,319.0,10.09000015258789
1998-12-18 03:46:49+00:00,318.0,8.4399995803833
1998-12-18 03:51:53+00:00,317.0,9.65999984741211
1998-12-18 03:56:52+00:00,318.0,9.210000038146973
1998-12-18 04:01:54+00:00,318.0,8.579999923706055
1998-12-18 04:06:57+00:00,320.0,9.279999732971191
1998-12-18 04:11:59+00:00,319.0,10.1899995803833
1998-12-18 04:17:01+00:00,318.0,10.1899995803833
1998-12-18 04:22:06+00:00,317.0,10.489999771118164
1998-12-18 04:27:06+00:00,317.0,10.600000381469727
1998-12-18 04:32:07+00:00,321.0,10.680000305175781
1998-12-18 04:37:11+00:00,318.0,10.069999694824219
1998-12-18 04:42:12+00:00,317.0,10.109999656677246
1998-12-18 04:47:14+00:00,317.0,10.270000457763672
1998-12-18 04:52:16+00:00,317.0,10.300000190734863
1998-12-18 04:57:20+00:00,315.0,10.180000305175781
1998-12-18 05:02:21+00:00,317.0,10.319999694824219
1998-12-18 05:07:23+00:00,316.0,11.0600004196167
1998-12-18 05:12:26+00:00,316.0,10.869999885559082
1998-12-18 05:17:28+00:00,315.0,10.920000076293945
1998-12-18 05:22:30+00:00,316.0,10.5600004196167
1998-12-18 05:27:34+00:00,317.0,9.649999618530273
1998-12-18 05:32:35+00:00,316.0,9.59000015258789
1998-12-18 05:37:37+00:00,316.0,9.489999771118164
1998-12-18 05:42:38+00:00,317.0,8.720000267028809
1998-12-18 05:47:42+00:00,317.0,9.359999656677246
1998-12-18 05:52:44+00:00,317.0,9.890000343322754
1998-12-18 05:57:47+00:00,317.0,9.010000228881836
1998-12-18 06:02:49+00:00,318.0,9.359999656677246
1998-12-18 06:07:50+00:00,318.0,9.479999542236328
1998-12-18 06:12:52+00:00,316.0,10.399999618530273
1998-12-18 06:17:56+00:00,316.0,10.239999771118164
1998-12-18 06:22:57+00:00,318.0,10.119999885559082
1998-12-18 06:28:01+00:00,317.0,9.729999542236328
1998-12-18 06:33:01+00:00,316.0,9.930000305175781
1998-12-18 06:38:04+00:00,316.0,9.649999618530273
1998-12-18 06:43:06+00:00,319.0,9.289999961853027
1998-12-18 06:48:07+00:00,321.0,10.59000015258789
1998-12-18 06:53:11+00:00,319.0,9.90999984741211
1998-12-18 06:58:15+00:00,318.0,9.680000305175781
1998-12-18 07:03:14+00:00,318.0,9.5600004196167
1998-12-18 07:08:18+00:00,319.0,9.039999961853027
1998-12-18 07:13:19+00:00,318.0,9.34000015258789
1998-12-18 07:18:21+00:00,317.0,9.630000114440918
1998-12-18 07:23:22+00:00,320.0,9.229999542236328
1998-12-18 07:28:28+00:00,320.0,9.199999809265137
1998-12-18 07:33:28+00:00,320.0,8.729999542236328
1998-12-18 07:38:29+00:00,321.0,9.09000015258789
1998-12-18 07:43:33+00:00,321.0,8.890000343322754
1998-12-18 07:48:34+00:00,321.0,9.350000381469727
1998-12-18 07:53:36+00:00,321.0,9.630000114440918
1998-12-18 07:58:42+00:00,320.0,9.550000190734863
1998-12-18 08:04:11+00:00,321.0,9.029999732971191
1998-12-18 08:09:13+00:00,320.0,8.960000038146973
1998-12-18 08:14:16+00:00,319.0,8.890000343322754
1998-12-18 08:19:18+00:00,319.0,8.9399995803833
1998-12-18 08:24:20+00:00,320.0,9.130000114440918
1998-12-18 08:29:21+00:00,317.0,9.569999694824219
1998-12-18 08:34:25+00:00,317.0,9.829999923706055
1998-12-18 08:39:26+00:00,318.0,9.470000267028809
1998-12-18 08:44:28+00:00,318.0,9.859999656677246
1998-12-18 08:49:31+00:00,318.0,9.979999542236328
1998-12-18 08:54:33+00:00,318.0,10.210000038146973
1998-12-18 08:59:35+00:00,316.0,10.260000228881836
1998-12-18 09:04:39+00:00,316.0,10.4399995803833
1998-12-18 09:09:40+00:00,316.0,10.210000038146973
1998-12-18 09:14:42+00:00,316.0,10.229999542236328
1998-12-18 09:19:43+00:00,316.0,9.920000076293945
1998-12-18 09:24:47+00:00,318.0,9.829999923706055
1998-12-18 09:29:48+00:00,317.0,8.920000076293945
1998-12-18 09:34:52+00:00,316.0,8.899999618530273
1998-12-18 09:39:53+00:00,316.0,9.380000114440918
1998-12-18 09:44:55+00:00,318.0,9.890000343322754
1998-12-18 09:49:57+00:00,318.0,10.029999732971191
1998-12-18 09:55:00+00:00,316.0,10.229999542236328
1998-12-18 10:00:02+00:00,316.0,10.260000228881836
1998-12-18 10:05:06+00:00,316.0,10.680000305175781
1998-12-18 10:10:05+00:00,315.0,10.720000267028809
1998-12-18 10:15:09+00:00,314.0,10.65999984741211
1998-12-18 10:20:10+00:00,315.0,10.6899995803833
1998-12-18 10:25:12+00:00,316.0,10.5600004196167
1998-12-18 10:30:15+00:00,316.0,10.220000267028809
1998-12-18 10:35:19+00:00,315.0,10.520000457763672
1998-12-18 10:40:19+00:00,316.0,10.369999885559082
1998-12-18 10:45:22+00:00,316.0,10.34000015258789
1998-12-18 10:50:24+00:00,315.0,10.380000114440918
1998-12-18 10:55:25+00:00,314.0,10.800000190734863
1998-12-18 11:00:27+00:00,313.0,10.869999885559082
1998-12-18 11:05:33+00:00,313.0,10.84000015258789
1998-12-18 11:10:33+00:00,314.0,10.720000267028809
1998-12-18 11:15:34+00:00,313.0,10.670000076293945
1998-12-18 11:20:37+00:00,311.0,9.199999809265137
1998-12-18 11:25:39+00:00,314.0,9.319999694824219
1998-12-18 11:30:41+00:00,312.0,9.289999961853027
1998-12-18 11:35:46+00:00,309.0,9.40999984741211
1998-12-18 11:40:46+00:00,311.0,9.40999984741211
1998-12-18 11:45:47+00:00,312.0,9.520000457763672
1998-12-18 11:50:49+00:00,312.0,9.5600004196167
1998-12-18 11:55:53+00:00,311.0,9.649999618530273
1998-12-18 12:00:54+00:00,313.0,9.579999923706055
1998-12-18 12:05:56+00:00,314.0,9.989999771118164
1998-12-18 12:11:00+00:00,313.0,10.039999961853027
1998-12-18 12:16:01+00:00,313.0,10.510000228881836
1998-12-18 12:21:03+00:00,314.0,10.520000457763672
1998-12-18 12:26:06+00:00,316.0,10.619999885559082
1998-12-18 12:31:08+00:00,314.0,10.329999923706055
1998-12-18 12:36:09+00:00,312.0,11.100000381469727
1998-12-18 12:41:13+00:00,312.0,10.989999771118164
1998-12-18 12:46:15+00:00,314.0,10.75
1998-12-18 12:51:16+00:00,316.0,11.220000267028809
1998-12-18 12:56:18+00:00,314.0,10.229999542236328
1998-12-18 13:01:21+00:00,313.0,11.15999984741211
1998-12-18 13:06:23+00:00,316.0,9.5600004196167
1998-12-18 13:11:27+00:00,313.0,9.789999961853027
1998-12-18 13:16:27+00:00,311.0,10.770000457763672
1998-12-18 13:21:30+00:00,314.0,11.970000267028809
1998-12-18 13:26:31+00:00,315.0,12.430000305175781
1998-12-18 13:31:33+00:00,312.0,11.619999885559082
1998-12-18 13:36:37+00:00,314.0,10.0600004196167
1998-12-18 13:41:40+00:00,313.0,10.619999885559082
1998-12-18 13:46:40+00:00,313.0,10.829999923706055
1998-12-18 13:51:43+00:00,314.0,11.210000038146973
1998-12-18 13:56:45+00:00,312.0,12.069999694824219
1998-12-18 14:01:47+00:00,312.0,12.960000038146973
1998-12-18 14:06:50+00:00,313.0,11.430000305175781
1998-12-18 14:11:54+00:00,312.0,11.890000343322754
1998-12-18 14:16:54+00:00,313.0,11.510000228881836
1998-12-18 14:21:55+00:00,313.0,11.579999923706055
1998-12-18 14:26:59+00:00,313.0,10.479999542236328
1998-12-18 14:32:00+00:00,313.0,10.109999656677246
1998-12-18 14:37:02+00:00,312.0,10.15999984741211
1998-12-18 14:42:07+00:00,314.0,9.430000305175781
1998-12-18 14:47:07+00:00,314.0,9.489999771118164
1998-12-18 14:52:09+00:00,313.0,9.619999885559082
1998-12-18 14:57:12+00:00,312.0,9.989999771118164
1998-12-18 15:02:14+00:00,314.0,10.0
1998-12-18 15:07:15+00:00,314.0,10.670000076293945
1998-12-18 15:12:17+00:00,312.0,11.260000228881836
1998-12-18 15:17:21+00:00,309.0,11.069999694824219
1998-12-18 15:22:22+00:00,311.0,10.65999984741211
1998-12-18 15:27:24+00:00,312.0,10.90999984741211
1998-12-18 15:32:27+00:00,315.0,11.210000038146973
1998-12-18 15:37:29+00:00,314.0,11.149999618530273
1998-12-18 15:42:31+00:00,314.0,11.180000305175781
1998-12-18 15:47:34+00:00,315.0,10.6899995803833
1998-12-18 15:52:36+00:00,317.0,10.050000190734863
1998-12-18 15:57:37+00:00,316.0,10.140000343322754
1998-12-18 16:02:39+00:00,315.0,10.59000015258789
1998-12-18 16:07:42+00:00,315.0,10.239999771118164
1998-12-18 16:12:44+00:00,315.0,10.270000457763672
1998-12-18 16:17:48+00:00,315.0,10.420000076293945
1998-12-18 16:22:49+00:00,315.0,10.020000457763672
1998-12-18 16:27:51+00:00,316.0,9.859999656677246
1998-12-18 16:32:53+00:00,316.0,10.029999732971191
1998-12-18 16:37:56+00:00,315.0,10.34000015258789
1998-12-18 16:42:58+00:00,313.0,11.020000457763672
1998-12-18 16:48:01+00:00,313.0,11.109999656677246
1998-12-18 16:53:01+00:00,312.0,10.880000114440918
1998-12-18 16:58:04+00:00,312.0,10.84000015258789
1998-12-18 17:03:06+00:00,313.0,10.600000381469727
1998-12-18 17:08:08+00:00,314.0,10.34000015258789
1998-12-18 17:13:11+00:00,314.0,10.390000343322754
1998-12-18 17:18:15+00:00,315.0,9.819999694824219
1998-12-18 17:23:15+00:00,323.0,7.889999866485596
1998-12-18 17:28:18+00:00,323.0,7.630000114440918
1998-12-18 17:33:20+00:00,324.0,7.230000019073486
1998-12-18 17:38:21+00:00,324.0,7.550000190734863
1998-12-18 17:43:23+00:00,320.0,7.829999923706055
1998-12-18 17:48:29+00:00,319.0,7.099999904632568
1998-12-18 17:53:28+00:00,318.0,6.96999979019165
1998-12-18 17:58:30+00:00,318.0,6.789999961853027
1998-12-18 18:03:33+00:00,318.0,6.849999904632568
1998-12-18 18:08:35+00:00,318.0,6.519999980926514
1998-12-18 18:13:37+00:00,319.0,6.329999923706055
1998-12-18 18:18:42+00:00,319.0,6.210000038146973
1998-12-18 18:23:42+00:00,323.0,5.599999904632568
1998-12-18 18:28:43+00:00,321.0,6.289999961853027
1998-12-18 18:33:45+00:00,320.0,6.599999904632568
1998-12-18 18:38:48+00:00,320.0,6.639999866485596
1998-12-18 18:43:50+00:00,320.0,6.590000152587891
1998-12-18 18:48:52+00:00,320.0,6.230000019073486
1998-12-18 18:53:56+00:00,322.0,5.789999961853027
1998-12-18 18:58:57+00:00,322.0,6.110000133514404
1998-12-18 19:03:59+00:00,323.0,7.570000171661377
1998-12-18 19:09:02+00:00,319.0,7.960000038146973
1998-12-18 19:14:04+00:00,317.0,7.789999961853027
1998-12-18 19:19:05+00:00,316.0,7.949999809265137
1998-12-18 19:24:09+00:00,317.0,7.489999771118164
1998-12-18 19:29:10+00:00,319.0,6.809999942779541
1998-12-18 19:34:12+00:00,321.0,6.349999904632568
1998-12-18 19:39:14+00:00,319.0,6.639999866485596
1998-12-18 19:44:17+00:00,320.0,6.489999771118164
1998-12-18 19:49:19+00:00,322.0,6.829999923706055
1998-12-18 19:54:23+00:00,320.0,6.860000133514404
1998-12-18 20:01:24+00:00,320.0,7.239999771118164
1998-12-18 20:06:26+00:00,321.0,6.929999828338623
1998-12-18 20:11:29+00:00,320.0,7.03000020980835
1998-12-18 20:16:31+00:00,317.0,7.110000133514404
1998-12-18 20:21:32+00:00,317.0,7.300000190734863
1998-12-18 20:26:36+00:00,318.0,6.940000057220459
1998-12-18 20:31:37+00:00,318.0,7.340000152587891
1998-12-18 20:36:39+00:00,316.0,7.019999980926514
1998-12-18 20:41:41+00:00,313.0,7.539999961853027
1998-12-18 20:46:44+00:00,316.0,7.090000152587891
1998-12-18 20:51:46+00:00,314.0,7.170000076293945
1998-12-18 20:56:50+00:00,312.0,7.989999771118164
1998-12-18 21:01:51+00:00,314.0,8.4399995803833
1998-12-18 21:06:53+00:00,318.0,6.909999847412109
1998-12-18 21:11:54+00:00,318.0,7.409999847412109
1998-12-18 21:16:58+00:00,318.0,7.670000076293945
1998-12-18 21:21:59+00:00,317.0,7.46999979019165
1998-12-18 21:27:03+00:00,318.0,7.639999866485596
1998-12-18 21:32:03+00:00,319.0,7.820000171661377
1998-12-18 21:37:06+00:00,315.0,7.889999866485596
1998-12-18 21:42:08+00:00,313.0,7.369999885559082
1998-12-18 21:47:10+00:00,314.0,7.090000152587891
1998-12-18 21:52:13+00:00,320.0,8.020000457763672
1998-12-18 21:57:17+00:00,325.0,7.96999979019165
1998-12-18 22:02:17+00:00,328.0,8.300000190734863
1998-12-18 22:07:20+00:00,332.0,7.71999979019165
1998-12-18 22:12:21+00:00,341.0,7.369999885559082
1998-12-18 22:17:23+00:00,340.0,7.949999809265137
1998-12-18 22:22:25+00:00,334.0,8.579999923706055
1998-12-18 22:27:30+00:00,340.0,8.569999694824219
1998-12-18 22:32:30+00:00,338.0,9.069999694824219
1998-12-18 22:37:32+00:00,335.0,9.020000457763672
1998-12-18 22:42:35+00:00,332.0,9.149999618530273
1998-12-18 22:47:37+00:00,332.0,8.270000457763672
1998-12-18 22:52:38+00:00,330.0,7.460000038146973
1998-12-18 22:57:44+00:00,330.0,7.590000152587891
1998-12-18 23:02:44+00:00,327.0,7.389999866485596
1998-12-18 23:07:45+00:00,327.0,7.309999942779541
1998-12-18 23:12:47+00:00,325.0,7.210000038146973
1998-12-18 23:17:50+00:00,324.0,7.260000228881836
1998-12-18 23:22:52+00:00,323.0,7.619999885559082
1998-12-18 23:27:54+00:00,319.0,7.329999923706055
1998-12-18 23:32:57+00:00,321.0,7.139999866485596
1998-12-18 23:37:59+00:00,319.0,6.929999828338623
1998-12-18 23:43:00+00:00,319.0,5.96999979019165
1998-12-18 23:48:04+00:00,336.0,5.630000114440918
1998-12-18 23:53:05+00:00,318.0,7.130000114440918
1998-12-18 23:58:07+00:00,317.0,7.570000171661377
1998-12-19 00:00:11+00:00,317.0,8.039999961853027
1998-12-19 00:05:11+00:00,316.0,8.649999618530273
1998-12-19 00:10:12+00:00,316.0,7.25
1998-12-19 00:15:16+00:00,318.0,7.440000057220459
1998-12-19 00:20:17+00:00,317.0,8.449999809265137
1998-12-19 00:25:19+00:00,316.0,8.34000015258789
1998-12-19 00:30:25+00:00,316.0,8.210000038146973
1998-12-19 00:35:24+00:00,316.0,8.210000038146973
1998-12-19 00:40:26+00:00,315.0,8.109999656677246
1998-12-19 00:45:27+00:00,315.0,8.359999656677246
1998-12-19 00:50:31+00:00,316.0,8.220000267028809
1998-12-19 00:55:33+00:00,316.0,8.0600004196167
1998-12-19 01:00:34+00:00,314.0,8.100000381469727
1998-12-19 01:05:38+00:00,313.0,8.210000038146973
1998-12-19 01:10:39+00:00,314.0,8.100000381469727
1998-12-19 01:15:41+00:00,316.0,7.440000057220459
1998-12-19 01:20:44+00:00,314.0,7.739999771118164
1998-12-19 01:25:46+00:00,313.0,7.110000133514404
1998-12-19 01:30:48+00:00,315.0,5.809999942779541
1998-12-19 01:35:52+00:00,315.0,5.880000114440918
1998-12-19 01:40:53+00:00,315.0,6.210000038146973
1998-12-19 01:45:55+00:00,315.0,6.929999828338623
1998-12-19 01:50:56+00:00,314.0,6.769999980926514
1998-12-19 01:56:00+00:00,314.0,6.309999942779541
1998-12-19 02:01:01+00:00,319.0,7.610000133514404
1998-12-19 02:06:05+00:00,318.0,7.019999980926514
1998-12-19 02:11:05+00:00,322.0,6.019999980926514
1998-12-19 02:16:08+00:00,320.0,6.349999904632568
1998-12-19 02:21:10+00:00,316.0,6.059999942779541
1998-12-19 02:26:11+00:00,315.0,5.800000190734863
1998-12-19 02:31:15+00:00,316.0,5.690000057220459
1998-12-19 02:36:19+00:00,316.0,5.820000171661377
1998-12-19 02:41:18+00:00,315.0,6.179999828338623
1998-12-19 02:46:22+00:00,314.0,5.880000114440918
1998-12-19 02:51:23+00:00,313.0,5.460000038146973
1998-12-19 02:56:25+00:00,312.0,5.230000019073486
1998-12-19 03:01:27+00:00,311.0,5.28000020980835
1998-12-19 03:06:32+00:00,311.0,4.820000171661377
1998-12-19 03:11:32+00:00,314.0,5.039999961853027
1998-12-19 03:16:33+00:00,312.0,5.159999847412109
1998-12-19 03:21:37+00:00,313.0,5.510000228881836
1998-12-19 03:26:39+00:00,313.0,5.429999828338623
1998-12-19 03:31:40+00:00,313.0,5.269999980926514
1998-12-19 03:36:46+00:00,314.0,5.070000171661377
1998-12-19 03:41:46+00:00,314.0,5.340000152587891
1998-12-19 03:46:47+00:00,314.0,5.449999809265137
1998-12-19 03:51:49+00:00,316.0,5.449999809265137
1998-12-19 03:56:52+00:00,323.0,5.300000190734863
1998-12-19 04:01:54+00:00,325.0,5.380000114440918
1998-12-19 04:06:55+00:00,324.0,5.679999828338623
1998-12-19 04:11:59+00:00,325.0,5.800000190734863
1998-12-19 04:17:01+00:00,323.0,5.349999904632568
1998-12-19 04:22:02+00:00,322.0,5.960000038146973
1998-12-19 04:27:06+00:00,322.0,5.940000057220459
1998-12-19 04:32:08+00:00,324.0,5.190000057220459
1998-12-19 04:37:10+00:00,322.0,6.139999866485596
1998-12-19 04:42:13+00:00,323.0,6.760000228881836
1998-12-19 04:47:15+00:00,324.0,6.099999904632568
1998-12-19 04:52:16+00:00,326.0,6.170000076293945
1998-12-19 04:57:18+00:00,333.0,5.170000076293945
1998-12-19 05:02:22+00:00,329.0,5.630000114440918
1998-12-19 05:07:23+00:00,326.0,6.300000190734863
1998-12-19 05:12:27+00:00,328.0,5.75
1998-12-19 05:17:27+00:00,328.0,5.71999979019165
1998-12-19 05:22:30+00:00,327.0,5.829999923706055
1998-12-19 05:27:32+00:00,326.0,6.110000133514404
1998-12-19 05:32:33+00:00,327.0,5.949999809265137
1998-12-19 05:37:37+00:00,328.0,5.809999942779541
1998-12-19 05:42:41+00:00,333.0,5.309999942779541
1998-12-19 05:47:40+00:00,328.0,5.199999809265137
1998-12-19 05:52:44+00:00,331.0,5.090000152587891
1998-12-19 05:57:45+00:00,337.0,4.369999885559082
1998-12-19 06:02:47+00:00,337.0,4.440000057220459
1998-12-19 06:07:50+00:00,338.0,4.550000190734863
1998-12-19 06:12:54+00:00,341.0,4.190000057220459
1998-12-19 06:17:54+00:00,343.0,4.25
1998-12-19 06:22:55+00:00,340.0,4.510000228881836
1998-12-19 06:27:59+00:00,337.0,4.639999866485596
1998-12-19 06:33:00+00:00,338.0,4.619999885559082
1998-12-19 06:38:02+00:00,334.0,5.0
1998-12-19 06:43:08+00:00,331.0,5.260000228881836
1998-12-19 06:48:07+00:00,330.0,5.630000114440918
1998-12-19 06:53:09+00:00,331.0,5.329999923706055
1998-12-19 06:58:12+00:00,328.0,5.699999809265137
1998-12-19 07:03:14+00:00,326.0,6.389999866485596
1998-12-19 07:08:16+00:00,328.0,5.690000057220459
1998-12-19 07:13:17+00:00,327.0,6.130000114440918
1998-12-19 07:18:21+00:00,334.0,5.050000190734863
1998-12-19 07:23:22+00:00,337.0,5.090000152587891
1998-12-19 07:28:24+00:00,335.0,4.809999942779541
1998-12-19 07:33:28+00:00,336.0,5.099999904632568
1998-12-19 07:38:29+00:00,335.0,5.190000057220459
1998-12-19 07:43:31+00:00,334.0,5.199999809265137
1998-12-19 07:48:35+00:00,337.0,5.170000076293945
1998-12-19 07:53:36+00:00,339.0,4.920000076293945
1998-12-19 07:58:38+00:00,339.0,4.519999980926514
1998-12-19 08:03:39+00:00,338.0,5.0
1998-12-19 08:08:43+00:00,334.0,5.130000114440918
1998-12-19 08:13:44+00:00,332.0,4.820000171661377
1998-12-19 08:18:48+00:00,331.0,4.920000076293945
1998-12-19 08:23:50+00:00,331.0,5.050000190734863
1998-12-19 08:28:51+00:00,335.0,4.800000190734863
1998-12-19 08:33:53+00:00,335.0,4.980000019073486
1998-12-19 08:38:56+00:00,330.0,5.03000020980835
1998-12-19 08:43:58+00:00,331.0,4.849999904632568
1998-12-19 08:49:02+00:00,327.0,5.519999980926514
1998-12-19 08:54:01+00:00,335.0,5.070000171661377
1998-12-19 08:59:05+00:00,346.0,5.5
1998-12-19 09:04:06+00:00,344.0,6.210000038146973
1998-12-19 09:09:08+00:00,344.0,5.510000228881836
1998-12-19 09:14:12+00:00,343.0,5.150000095367432
1998-12-19 09:19:15+00:00,343.0,5.260000228881836
1998-12-19 09:24:15+00:00,338.0,5.570000171661377
1998-12-19 09:29:18+00:00,336.0,5.679999828338623
1998-12-19 09:34:20+00:00,332.0,5.25
1998-12-19 09:39:22+00:00,331.0,5.409999847412109
1998-12-19 09:44:23+00:00,326.0,5.949999809265137
1998-12-19 09:49:29+00:00,328.0,5.730000019073486
1998-12-19 09:54:29+00:00,339.0,6.179999828338623
1998-12-19 09:59:30+00:00,333.0,6.170000076293945
1998-12-19 10:04:34+00:00,337.0,6.210000038146973
1998-12-19 10:09:35+00:00,337.0,6.579999923706055
1998-12-19 10:14:37+00:00,332.0,5.489999771118164
1998-12-19 10:19:42+00:00,330.0,5.699999809265137
1998-12-19 10:24:42+00:00,334.0,6.110000133514404
1998-12-19 10:29:44+00:00,337.0,6.380000114440918
1998-12-19 10:34:47+00:00,336.0,6.369999885559082
1998-12-19 10:39:49+00:00,334.0,6.659999847412109
1998-12-19 10:44:50+00:00,332.0,6.699999809265137
1998-12-19 10:49:52+00:00,334.0,6.900000095367432
1998-12-19 10:54:56+00:00,336.0,6.880000114440918
1998-12-19 10:59:57+00:00,337.0,6.610000133514404
1998-12-19 11:04:59+00:00,337.0,6.519999980926514
1998-12-19 11:10:02+00:00,337.0,6.420000076293945
1998-12-19 11:15:04+00:00,339.0,6.349999904632568
1998-12-19 11:20:06+00:00,338.0,6.579999923706055
1998-12-19 11:25:09+00:00,338.0,6.28000020980835
1998-12-19 11:30:11+00:00,338.0,6.28000020980835
1998-12-19 11:35:12+00:00,339.0,6.460000038146973
1998-12-19 11:40:14+00:00,341.0,6.300000190734863
1998-12-19 11:45:17+00:00,340.0,6.5
1998-12-19 11:50:19+00:00,339.0,6.690000057220459
1998-12-19 11:55:23+00:00,341.0,6.449999809265137
1998-12-19 12:00:23+00:00,344.0,6.079999923706055
1998-12-19 12:05:26+00:00,344.0,6.389999866485596
1998-12-19 12:10:28+00:00,342.0,6.159999847412109
1998-12-19 12:15:31+00:00,340.0,6.800000190734863
1998-12-19 12:20:33+00:00,339.0,6.559999942779541
1998-12-19 12:25:36+00:00,339.0,6.46999979019165
1998-12-19 12:30:36+00:00,339.0,6.539999961853027
1998-12-19 12:35:39+00:00,338.0,6.849999904632568
1998-12-19 12:40:41+00:00,334.0,7.400000095367432
1998-12-19 12:45:43+00:00,330.0,8.670000076293945
1998-12-19 12:50:46+00:00,350.0,7.829999923706055
1998-12-19 12:55:50+00:00,353.0,9.569999694824219
1998-12-19 13:00:50+00:00,350.0,11.449999809265137
1998-12-19 13:05:53+00:00,345.0,12.59000015258789
1998-12-19 13:10:55+00:00,350.0,13.40999984741211
1998-12-19 13:15:56+00:00,355.0,13.609999656677246
1998-12-19 13:20:58+00:00,356.0,13.479999542236328
1998-12-19 13:26:04+00:00,353.0,15.3100004196167
1998-12-19 13:31:03+00:00,357.0,13.869999885559082
1998-12-19 13:36:05+00:00,357.0,13.489999771118164
1998-12-19 13:41:08+00:00,358.0,13.989999771118164
1998-12-19 13:46:10+00:00,356.0,14.119999885559082
1998-12-19 13:51:12+00:00,358.0,14.380000114440918
1998-12-19 13:56:17+00:00,358.0,13.970000267028809
1998-12-19 14:01:17+00:00,359.0,13.180000305175781
1998-12-19 14:06:18+00:00,356.0,13.350000381469727
1998-12-19 14:11:20+00:00,359.0,14.720000267028809
1998-12-19 14:16:23+00:00,352.0,16.729999542236328
1998-12-19 14:21:55+00:00,345.0,17.709999084472656
1998-12-19 14:26:57+00:00,346.0,16.469999313354492
1998-12-19 14:32:00+00:00,340.0,14.949999809265137
1998-12-19 14:37:02+00:00,338.0,16.6299991607666
1998-12-19 14:42:03+00:00,343.0,14.180000305175781
1998-12-19 14:47:07+00:00,343.0,15.140000343322754
1998-12-19 14:52:09+00:00,342.0,14.8100004196167
1998-12-19 14:57:10+00:00,342.0,14.4399995803833
1998-12-19 15:02:14+00:00,342.0,15.920000076293945
1998-12-19 15:07:15+00:00,343.0,16.0
1998-12-19 15:12:17+00:00,342.0,17.25
1998-12-19 15:17:19+00:00,335.0,19.40999984741211
1998-12-19 15:22:22+00:00,335.0,20.360000610351562
1998-12-19 15:27:24+00:00,333.0,20.5
1998-12-19 15:32:28+00:00,334.0,20.3799991607666
1998-12-19 15:37:29+00:00,335.0,19.739999771118164
1998-12-19 15:42:31+00:00,339.0,19.43000030517578
1998-12-19 15:47:32+00:00,337.0,19.030000686645508
1998-12-19 15:52:36+00:00,337.0,20.43000030517578
1998-12-19 15:57:37+00:00,337.0,20.530000686645508
1998-12-19 16:02:41+00:00,336.0,20.889999389648438
1998-12-19 16:07:41+00:00,339.0,19.229999542236328
1998-12-19 16:12:44+00:00,341.0,17.479999542236328
1998-12-19 16:17:46+00:00,342.0,18.06999969482422
1998-12-19 16:22:47+00:00,342.0,11.199999809265137
1998-12-19 16:27:51+00:00,341.0,9.649999618530273
1998-12-19 16:32:55+00:00,342.0,11.470000267028809
1998-12-19 16:37:54+00:00,342.0,11.819999694824219
1998-12-19 16:42:58+00:00,339.0,11.5
1998-12-19 16:47:59+00:00,338.0,12.65999984741211
1998-12-19 16:53:01+00:00,337.0,11.210000038146973
1998-12-19 16:58:03+00:00,340.0,11.09000015258789
1998-12-19 17:03:08+00:00,340.0,8.25
1998-12-19 17:08:08+00:00,342.0,9.289999961853027
1998-12-19 17:13:09+00:00,347.0,9.739999771118164
1998-12-19 17:18:13+00:00,348.0,9.0600004196167
1998-12-19 17:23:15+00:00,348.0,8.529999732971191
1998-12-19 17:28:16+00:00,350.0,9.119999885559082
1998-12-19 17:33:22+00:00,347.0,7.630000114440918
1998-12-19 17:38:22+00:00,346.0,7.260000228881836
1998-12-19 17:43:23+00:00,346.0,7.409999847412109
1998-12-19 17:48:25+00:00,346.0,7.289999961853027
1998-12-19 17:53:28+00:00,348.0,7.210000038146973
1998-12-19 17:58:30+00:00,350.0,7.440000057220459
1998-12-19 18:03:31+00:00,346.0,7.769999980926514
1998-12-19 18:08:35+00:00,344.0,7.860000133514404
1998-12-19 18:13:37+00:00,346.0,8.0600004196167
1998-12-19 18:18:38+00:00,348.0,8.600000381469727
1998-12-19 18:23:42+00:00,348.0,8.859999656677246
1998-12-19 18:28:43+00:00,344.0,8.649999618530273
1998-12-19 18:33:45+00:00,344.0,8.300000190734863
1998-12-19 18:38:49+00:00,342.0,7.519999980926514
1998-12-19 18:43:50+00:00,341.0,7.570000171661377
1998-12-19 18:48:52+00:00,341.0,7.25
1998-12-19 18:53:53+00:00,341.0,7.559999942779541
1998-12-19 18:58:57+00:00,342.0,7.440000057220459
1998-12-19 19:03:59+00:00,341.0,8.25
1998-12-19 19:09:02+00:00,341.0,8.640000343322754
1998-12-19 19:14:02+00:00,342.0,8.59000015258789
1998-12-19 19:19:05+00:00,342.0,7.829999923706055
1998-12-19 19:24:07+00:00,341.0,8.319999694824219
1998-12-19 19:29:09+00:00,340.0,7.75
1998-12-19 19:34:12+00:00,340.0,7.159999847412109
1998-12-19 19:39:16+00:00,342.0,7.659999847412109
1998-12-19 19:44:16+00:00,342.0,8.140000343322754
1998-12-19 19:49:19+00:00,340.0,7.650000095367432
1998-12-19 19:54:21+00:00,339.0,7.920000076293945
1998-12-19 19:59:22+00:00,340.0,7.739999771118164
1998-12-19 20:04:26+00:00,339.0,7.760000228881836
1998-12-19 20:09:29+00:00,340.0,7.869999885559082
1998-12-19 20:14:29+00:00,339.0,8.270000457763672
1998-12-19 20:19:31+00:00,341.0,8.270000457763672
1998-12-19 20:24:34+00:00,342.0,8.420000076293945
1998-12-19 20:29:36+00:00,342.0,8.520000457763672
1998-12-19 20:34:37+00:00,343.0,8.819999694824219
1998-12-19 20:39:43+00:00,352.0,8.710000038146973
1998-12-19 20:44:43+00:00,354.0,7.980000019073486
1998-12-19 20:49:44+00:00,350.0,7.809999942779541
1998-12-19 20:54:48+00:00,348.0,9.699999809265137
1998-12-19 20:59:49+00:00,342.0,10.649999618530273
1998-12-19 21:04:51+00:00,341.0,11.569999694824219
1998-12-19 21:09:53+00:00,360.0,10.880000114440918
1998-12-19 21:14:56+00:00,372.0,8.399999618530273
1998-12-19 21:19:58+00:00,370.0,9.119999885559082
1998-12-19 21:24:59+00:00,366.0,11.109999656677246
1998-12-19 21:30:03+00:00,367.0,10.630000114440918
1998-12-19 21:35:05+00:00,363.0,10.5600004196167
1998-12-19 21:40:06+00:00,362.0,10.390000343322754
1998-12-19 21:45:10+00:00,360.0,10.630000114440918
1998-12-19 21:50:11+00:00,362.0,10.350000381469727
1998-12-19 21:55:13+00:00,357.0,11.970000267028809
1998-12-19 22:00:15+00:00,362.0,11.25
1998-12-19 22:05:18+00:00,365.0,11.069999694824219
1998-12-19 22:10:20+00:00,363.0,11.579999923706055
1998-12-19 22:15:23+00:00,362.0,11.880000114440918
1998-12-19 22:20:23+00:00,364.0,10.430000305175781
1998-12-19 22:25:27+00:00,361.0,10.600000381469727
1998-12-19 22:30:28+00:00,361.0,11.350000381469727
1998-12-19 22:35:32+00:00,364.0,10.9399995803833
1998-12-19 22:40:33+00:00,361.0,10.640000343322754
1998-12-19 22:45:37+00:00,356.0,11.260000228881836
1998-12-19 22:50:37+00:00,358.0,10.9399995803833
1998-12-19 22:55:40+00:00,355.0,10.869999885559082
1998-12-19 23:00:42+00:00,352.0,10.869999885559082
1998-12-19 23:05:43+00:00,352.0,12.850000381469727
1998-12-19 23:10:47+00:00,349.0,13.989999771118164
1998-12-19 23:15:51+00:00,349.0,13.430000305175781
1998-12-19 23:20:50+00:00,356.0,11.630000114440918
1998-12-19 23:25:54+00:00,353.0,10.890000343322754
1998-12-19 23:30:55+00:00,352.0,10.770000457763672
1998-12-19 23:35:57+00:00,350.0,11.460000038146973
1998-12-19 23:40:59+00:00,350.0,11.520000457763672
1998-12-19 23:46:04+00:00,350.0,10.449999809265137
1998-12-19 23:51:04+00:00,347.0,10.09000015258789
1998-12-19 23:56:05+00:00,352.0,9.760000228881836
1998-12-20 00:00:07+00:00,358.0,9.380000114440918
1998-12-20 00:05:11+00:00,364.0,9.859999656677246
1998-12-20 00:10:12+00:00,354.0,9.539999961853027
1998-12-20 00:15:14+00:00,348.0,9.829999923706055
1998-12-20 00:20:18+00:00,358.0,7.25
1998-12-20 00:25:19+00:00,371.0,5.239999771118164
1998-12-20 00:30:21+00:00,377.0,5.440000057220459
1998-12-20 00:35:22+00:00,387.0,5.400000095367432
1998-12-20 00:40:26+00:00,384.0,5.260000228881836
1998-12-20 00:45:27+00:00,384.0,5.289999961853027
1998-12-20 00:50:31+00:00,380.0,5.400000095367432
1998-12-20 00:55:33+00:00,381.0,5.53000020980835
1998-12-20 01:00:34+00:00,380.0,6.119999885559082
1998-12-20 01:05:36+00:00,383.0,5.599999904632568
1998-12-20 01:10:39+00:00,388.0,6.110000133514404
1998-12-20 01:15:41+00:00,388.0,6.460000038146973
1998-12-20 01:20:45+00:00,392.0,6.170000076293945
1998-12-20 01:25:45+00:00,387.0,7.659999847412109
1998-12-20 01:30:48+00:00,383.0,8.4399995803833
1998-12-20 01:35:49+00:00,389.0,9.3100004196167
1998-12-20 01:40:51+00:00,390.0,9.34000015258789
1998-12-20 01:45:55+00:00,390.0,9.100000381469727
1998-12-20 01:50:58+00:00,384.0,8.40999984741211
1998-12-20 01:55:58+00:00,385.0,8.390000343322754
1998-12-20 02:01:01+00:00,395.0,9.569999694824219
1998-12-20 02:06:03+00:00,398.0,9.539999961853027
1998-12-20 02:11:05+00:00,393.0,9.430000305175781
1998-12-20 02:16:06+00:00,392.0,9.630000114440918
1998-12-20 02:21:12+00:00,399.0,9.90999984741211
1998-12-20 02:26:12+00:00,395.0,10.100000381469727
1998-12-20 02:31:13+00:00,396.0,10.529999732971191
1998-12-20 02:36:17+00:00,396.0,10.350000381469727
1998-12-20 02:41:18+00:00,397.0,10.279999732971191
1998-12-20 02:46:20+00:00,399.0,9.65999984741211
1998-12-20 02:51:25+00:00,406.0,8.880000114440918
1998-12-20 02:56:25+00:00,408.0,9.180000305175781
1998-12-20 03:01:27+00:00,407.0,9.289999961853027
1998-12-20 03:06:30+00:00,401.0,9.210000038146973
1998-12-20 03:11:32+00:00,404.0,9.359999656677246
1998-12-20 03:16:33+00:00,401.0,9.380000114440918
1998-12-20 03:21:35+00:00,400.0,8.640000343322754
1998-12-20 03:26:39+00:00,398.0,8.699999809265137
1998-12-20 03:31:40+00:00,400.0,8.600000381469727
1998-12-20 03:36:42+00:00,397.0,8.289999961853027
1998-12-20 03:41:46+00:00,395.0,8.430000305175781
1998-12-20 03:46:48+00:00,406.0,9.84000015258789
1998-12-20 03:51:49+00:00,405.0,10.069999694824219
1998-12-20 03:56:53+00:00,404.0,8.819999694824219
1998-12-20 04:01:54+00:00,397.0,9.0600004196167
1998-12-20 04:06:56+00:00,399.0,8.770000457763672
1998-12-20 04:11:58+00:00,423.0,9.920000076293945
1998-12-20 04:17:01+00:00,429.0,9.9399995803833
1998-12-20 04:22:03+00:00,426.0,9.430000305175781
1998-12-20 04:27:07+00:00,428.0,9.050000190734863
1998-12-20 04:32:06+00:00,427.0,8.970000267028809
1998-12-20 04:37:10+00:00,421.0,8.800000190734863
1998-12-20 04:42:11+00:00,413.0,8.34000015258789
1998-12-20 04:47:15+00:00,402.0,6.71999979019165
1998-12-20 04:52:16+00:00,397.0,7.300000190734863
1998-12-20 04:57:20+00:00,397.0,7.449999809265137
1998-12-20 05:02:20+00:00,398.0,7.460000038146973
1998-12-20 05:07:23+00:00,400.0,7.360000133514404
1998-12-20 05:12:25+00:00,398.0,7.179999828338623
1998-12-20 05:17:26+00:00,388.0,8.630000114440918
1998-12-20 05:22:30+00:00,393.0,6.650000095367432
1998-12-20 05:27:34+00:00,398.0,6.670000076293945
1998-12-20 05:32:33+00:00,395.0,6.539999961853027
1998-12-20 05:37:37+00:00,396.0,6.659999847412109
1998-12-20 05:42:38+00:00,396.0,6.349999904632568
1998-12-20 05:47:40+00:00,396.0,5.679999828338623
1998-12-20 05:52:42+00:00,399.0,4.389999866485596
1998-12-20 05:57:47+00:00,405.0,3.8399999141693115
1998-12-20 06:02:47+00:00,419.0,3.859999895095825
1998-12-20 06:07:48+00:00,428.0,4.119999885559082
1998-12-20 06:12:52+00:00,426.0,4.010000228881836
1998-12-20 06:17:54+00:00,423.0,3.809999942779541
1998-12-20 06:22:55+00:00,424.0,3.6500000953674316
1998-12-20 06:28:01+00:00,425.0,3.6700000762939453
1998-12-20 06:33:01+00:00,430.0,3.190000057220459
1998-12-20 06:38:02+00:00,426.0,3.609999895095825
1998-12-20 06:43:04+00:00,425.0,3.700000047683716
1998-12-20 06:48:07+00:00,420.0,4.130000114440918
1998-12-20 06:53:09+00:00,418.0,4.190000057220459
1998-12-20 06:58:10+00:00,417.0,4.159999847412109
1998-12-20 07:03:14+00:00,416.0,4.28000020980835
1998-12-20 07:08:16+00:00,413.0,4.090000152587891
1998-12-20 07:13:17+00:00,418.0,3.8299999237060547
1998-12-20 07:18:21+00:00,423.0,3.4000000953674316
1998-12-20 07:23:22+00:00,422.0,4.03000020980835
1998-12-20 07:28:24+00:00,423.0,3.799999952316284
1998-12-20 07:33:28+00:00,420.0,3.9200000762939453
1998-12-20 07:38:29+00:00,419.0,3.869999885559082
1998-12-20 07:43:31+00:00,419.0,3.759999990463257
1998-12-20 07:48:32+00:00,421.0,3.809999942779541
1998-12-20 07:53:36+00:00,418.0,4.059999942779541
1998-12-20 07:58:38+00:00,418.0,4.159999847412109
1998-12-20 08:03:41+00:00,414.0,4.199999809265137
1998-12-20 08:08:41+00:00,416.0,3.809999942779541
1998-12-20 08:13:44+00:00,416.0,3.3499999046325684
1998-12-20 08:18:46+00:00,414.0,3.0999999046325684
1998-12-20 08:23:50+00:00,414.0,2.740000009536743
1998-12-20 08:28:51+00:00,416.0,2.890000104904175
1998-12-20 08:33:55+00:00,418.0,2.6500000953674316
1998-12-20 08:38:55+00:00,423.0,2.7100000381469727
1998-12-20 08:43:58+00:00,417.0,3.3399999141693115
1998-12-20 08:49:00+00:00,416.0,3.700000047683716
1998-12-20 08:54:01+00:00,406.0,3.6600000858306885
1998-12-20 08:59:05+00:00,395.0,3.2300000190734863
1998-12-20 09:04:08+00:00,404.0,3.0999999046325684
1998-12-20 09:09:08+00:00,418.0,3.0899999141693115
1998-12-20 09:14:10+00:00,421.0,2.890000104904175
1998-12-20 09:19:13+00:00,420.0,2.619999885559082
1998-12-20 09:24:15+00:00,421.0,2.5999999046325684
1998-12-20 09:29:16+00:00,405.0,2.5399999618530273
1998-12-20 09:34:22+00:00,418.0,2.430000066757202
1998-12-20 09:39:22+00:00,425.0,2.609999895095825
1998-12-20 09:44:23+00:00,430.0,2.680000066757202
1998-12-20 09:49:27+00:00,434.0,2.799999952316284
1998-12-20 09:54:28+00:00,433.0,2.6700000762939453
1998-12-20 09:59:30+00:00,436.0,2.7200000286102295
1998-12-20 10:04:32+00:00,437.0,2.880000114440918
1998-12-20 10:09:35+00:00,436.0,3.0999999046325684
1998-12-20 10:14:37+00:00,435.0,3.359999895095825
1998-12-20 10:19:38+00:00,413.0,2.7200000286102295
1998-12-20 10:24:42+00:00,428.0,2.9700000286102295
1998-12-20 10:29:44+00:00,430.0,2.9200000762939453
1998-12-20 10:34:45+00:00,416.0,2.5899999141693115
1998-12-20 10:39:49+00:00,426.0,2.9100000858306885
1998-12-20 10:44:50+00:00,432.0,3.0999999046325684
1998-12-20 10:49:52+00:00,431.0,2.940000057220459
1998-12-20 10:54:54+00:00,424.0,2.240000009536743
1998-12-20 10:59:57+00:00,408.0,2.059999942779541
1998-12-20 11:04:59+00:00,425.0,2.430000066757202
1998-12-20 11:10:03+00:00,422.0,2.5
1998-12-20 11:15:04+00:00,425.0,2.6600000858306885
1998-12-20 11:20:06+00:00,425.0,2.75
1998-12-20 11:25:07+00:00,425.0,3.4100000858306885
1998-12-20 11:30:11+00:00,428.0,3.049999952316284
1998-12-20 11:35:12+00:00,425.0,3.2699999809265137
1998-12-20 11:40:16+00:00,425.0,3.2300000190734863
1998-12-20 11:45:16+00:00,419.0,2.5999999046325684
1998-12-20 11:50:19+00:00,424.0,2.5399999618530273
1998-12-20 11:55:21+00:00,424.0,2.359999895095825
1998-12-20 12:00:22+00:00,417.0,2.359999895095825
1998-12-20 12:05:26+00:00,416.0,2.259999990463257
1998-12-20 12:10:30+00:00,426.0,2.8299999237060547
1998-12-20 12:15:29+00:00,424.0,2.890000104904175
1998-12-20 12:20:33+00:00,428.0,3.049999952316284
1998-12-20 12:25:34+00:00,436.0,3.4000000953674316
1998-12-20 12:30:36+00:00,453.0,3.8299999237060547
1998-12-20 12:35:40+00:00,454.0,3.5799999237060547
1998-12-20 12:40:43+00:00,458.0,3.5899999141693115
1998-12-20 12:45:43+00:00,464.0,3.5
1998-12-20 12:50:44+00:00,465.0,3.5999999046325684
1998-12-20 12:55:48+00:00,495.0,3.490000009536743
1998-12-20 13:00:50+00:00,475.0,3.4600000381469727
1998-12-20 13:05:51+00:00,477.0,3.4800000190734863
1998-12-20 13:10:57+00:00,469.0,3.5299999713897705
1998-12-20 13:15:57+00:00,458.0,3.5899999141693115
1998-12-20 13:20:58+00:00,453.0,3.880000114440918
1998-12-20 13:26:00+00:00,451.0,4.0
1998-12-20 13:31:03+00:00,444.0,3.8499999046325684
1998-12-20 13:36:05+00:00,444.0,3.809999942779541
1998-12-20 13:41:06+00:00,448.0,3.869999885559082
1998-12-20 13:46:10+00:00,446.0,3.7799999713897705
1998-12-20 13:51:12+00:00,465.0,3.869999885559082
1998-12-20 13:56:13+00:00,456.0,4.110000133514404
1998-12-20 14:01:17+00:00,455.0,4.260000228881836
1998-12-20 14:06:18+00:00,454.0,4.21999979019165
1998-12-20 14:11:20+00:00,452.0,4.340000152587891
1998-12-20 14:16:24+00:00,452.0,4.449999809265137
1998-12-20 14:21:25+00:00,454.0,4.480000019073486
1998-12-20 14:26:27+00:00,453.0,4.570000171661377
1998-12-20 14:31:28+00:00,451.0,4.409999847412109
1998-12-20 14:36:32+00:00,450.0,4.170000076293945
1998-12-20 14:41:34+00:00,446.0,4.179999828338623
1998-12-20 14:46:37+00:00,446.0,4.130000114440918
1998-12-20 14:51:37+00:00,442.0,4.070000171661377
1998-12-20 14:56:40+00:00,438.0,4.070000171661377
1998-12-20 15:01:42+00:00,440.0,3.9600000381469727
1998-12-20 15:06:44+00:00,442.0,3.990000009536743
1998-12-20 15:11:47+00:00,434.0,3.880000114440918
1998-12-20 15:16:51+00:00,431.0,3.940000057220459
1998-12-20 15:21:51+00:00,434.0,4.019999980926514
1998-12-20 15:26:54+00:00,433.0,3.9600000381469727
1998-12-20 15:31:56+00:00,441.0,4.070000171661377
1998-12-20 15:36:57+00:00,437.0,3.9700000286102295
1998-12-20 15:42:01+00:00,431.0,3.9700000286102295
1998-12-20 15:47:04+00:00,435.0,4.03000020980835
1998-12-20 15:52:04+00:00,441.0,4.28000020980835
1998-12-20 15:57:06+00:00,437.0,4.210000038146973
1998-12-20 16:02:09+00:00,440.0,4.139999866485596
1998-12-20 16:07:11+00:00,435.0,4.230000019073486
1998-12-20 16:12:12+00:00,434.0,4.210000038146973
1998-12-20 16:17:18+00:00,442.0,4.28000020980835
1998-12-20 16:22:18+00:00,446.0,4.179999828338623
1998-12-20 16:27:19+00:00,447.0,4.449999809265137
1998-12-20 16:32:23+00:00,449.0,4.320000171661377
1998-12-20 16:37:24+00:00,444.0,4.239999771118164
1998-12-20 16:42:26+00:00,436.0,3.859999895095825
1998-12-20 16:47:32+00:00,431.0,4.400000095367432
1998-12-20 16:52:31+00:00,436.0,3.7200000286102295
1998-12-20 16:57:33+00:00,436.0,4.059999942779541
1998-12-20 17:02:34+00:00,437.0,4.0
1998-12-20 17:07:38+00:00,441.0,3.9000000953674316
1998-12-20 17:12:40+00:00,453.0,4.420000076293945
1998-12-20 17:17:41+00:00,454.0,3.9600000381469727
1998-12-20 17:22:45+00:00,447.0,4.539999961853027
1998-12-20 17:27:46+00:00,450.0,4.289999961853027
1998-12-20 17:32:48+00:00,452.0,4.789999961853027
1998-12-20 17:37:52+00:00,459.0,4.610000133514404
1998-12-20 17:42:53+00:00,442.0,5.099999904632568
1998-12-20 17:47:55+00:00,429.0,3.6700000762939453
1998-12-20 17:52:59+00:00,411.0,3.069999933242798
1998-12-20 17:58:00+00:00,412.0,3.6700000762939453
1998-12-20 18:03:02+00:00,416.0,4.71999979019165
1998-12-20 18:08:03+00:00,404.0,4.800000190734863
1998-12-20 18:13:07+00:00,398.0,4.829999923706055
1998-12-20 18:18:08+00:00,397.0,4.679999828338623
1998-12-20 18:23:12+00:00,398.0,4.539999961853027
1998-12-20 18:28:12+00:00,399.0,4.840000152587891
1998-12-20 18:33:15+00:00,396.0,4.889999866485596
1998-12-20 18:38:17+00:00,393.0,4.929999828338623
1998-12-20 18:43:18+00:00,392.0,4.920000076293945
1998-12-20 18:48:22+00:00,398.0,5.300000190734863
1998-12-20 18:53:26+00:00,416.0,4.730000019073486
1998-12-20 18:58:25+00:00,408.0,3.9700000286102295
1998-12-20 19:03:29+00:00,405.0,4.099999904632568
1998-12-20 19:08:30+00:00,409.0,3.990000009536743
1998-12-20 19:13:32+00:00,411.0,4.110000133514404
1998-12-20 19:18:36+00:00,410.0,4.289999961853027
1998-12-20 19:23:39+00:00,410.0,4.090000152587891
1998-12-20 19:28:39+00:00,412.0,4.0
1998-12-20 19:33:40+00:00,413.0,4.440000057220459
1998-12-20 19:38:44+00:00,411.0,4.070000171661377
1998-12-20 19:43:46+00:00,424.0,4.260000228881836
1998-12-20 19:48:47+00:00,424.0,4.239999771118164
1998-12-20 19:53:53+00:00,426.0,3.9100000858306885
1998-12-20 19:58:53+00:00,416.0,4.170000076293945
1998-12-20 20:03:54+00:00,417.0,3.940000057220459
1998-12-20 20:08:58+00:00,418.0,4.710000038146973
1998-12-20 20:13:59+00:00,414.0,5.170000076293945
1998-12-20 20:19:01+00:00,411.0,5.119999885559082
1998-12-20 20:24:02+00:00,410.0,5.340000152587891
1998-12-20 20:29:06+00:00,411.0,5.5
1998-12-20 20:34:08+00:00,408.0,5.730000019073486
1998-12-20 20:39:09+00:00,408.0,5.710000038146973
1998-12-20 20:44:13+00:00,406.0,5.679999828338623
1998-12-20 20:49:14+00:00,407.0,5.619999885559082
1998-12-20 20:54:16+00:00,406.0,5.75
1998-12-20 20:59:20+00:00,406.0,6.300000190734863
1998-12-20 21:04:21+00:00,404.0,6.639999866485596
1998-12-20 21:09:23+00:00,401.0,6.710000038146973
1998-12-20 21:14:24+00:00,403.0,6.25
1998-12-20 21:19:28+00:00,404.0,6.309999942779541
1998-12-20 21:24:30+00:00,405.0,6.309999942779541
1998-12-20 21:29:33+00:00,406.0,6.170000076293945
1998-12-20 21:34:35+00:00,408.0,6.090000152587891
1998-12-20 21:39:36+00:00,405.0,6.010000228881836
1998-12-20 21:44:38+00:00,407.0,5.599999904632568
1998-12-20 21:49:41+00:00,407.0,5.550000190734863
1998-12-20 21:54:43+00:00,405.0,5.539999961853027
1998-12-20 21:59:47+00:00,402.0,5.349999904632568
1998-12-20 22:04:47+00:00,402.0,5.429999828338623
1998-12-20 22:09:50+00:00,400.0,5.699999809265137
1998-12-20 22:14:52+00:00,401.0,5.929999828338623
1998-12-20 22:19:53+00:00,401.0,5.510000228881836
1998-12-20 22:24:57+00:00,401.0,5.460000038146973
1998-12-20 22:30:00+00:00,399.0,5.340000152587891
1998-12-20 22:35:00+00:00,398.0,5.210000038146973
1998-12-20 22:40:03+00:00,398.0,5.329999923706055
1998-12-20 22:45:05+00:00,398.0,5.349999904632568
1998-12-20 22:50:07+00:00,398.0,5.400000095367432
1998-12-20 22:55:08+00:00,397.0,5.400000095367432
1998-12-20 23:00:44+00:00,398.0,5.480000019073486
1998-12-20 23:05:44+00:00,396.0,5.320000171661377
1998-12-20 23:10:47+00:00,396.0,5.449999809265137
1998-12-20 23:15:49+00:00,397.0,5.25
1998-12-20 23:20:50+00:00,397.0,5.489999771118164
1998-12-20 23:25:52+00:00,397.0,5.389999866485596
1998-12-20 23:30:58+00:00,398.0,5.349999904632568
1998-12-20 23:35:57+00:00,398.0,5.539999961853027
1998-12-20 23:40:59+00:00,398.0,5.789999961853027
1998-12-20 23:46:02+00:00,401.0,5.579999923706055
1998-12-20 23:51:04+00:00,399.0,5.829999923706055
1998-12-20 23:56:06+00:00,400.0,5.619999885559082
1998-12-21 00:00:07+00:00,398.0,5.440000057220459
1998-12-21 00:05:11+00:00,396.0,5.550000190734863
1998-12-21 00:10:12+00:00,399.0,5.639999866485596
1998-12-21 00:15:14+00:00,396.0,6.130000114440918
1998-12-21 00:20:16+00:00,396.0,5.46999979019165
1998-12-21 00:25:19+00:00,396.0,5.639999866485596
1998-12-21 00:30:21+00:00,395.0,5.409999847412109
1998-12-21 00:35:25+00:00,393.0,5.789999961853027
1998-12-21 00:40:24+00:00,390.0,5.889999866485596
1998-12-21 00:45:28+00:00,390.0,5.96999979019165
1998-12-21 00:50:29+00:00,394.0,6.269999980926514
1998-12-21 00:55:33+00:00,391.0,6.340000152587891
1998-12-21 01:00:34+00:00,390.0,6.360000133514404
1998-12-21 01:05:38+00:00,392.0,5.989999771118164
1998-12-21 01:10:38+00:00,393.0,5.670000076293945
1998-12-21 01:15:41+00:00,393.0,5.460000038146973
1998-12-21 01:20:43+00:00,390.0,5.070000171661377
1998-12-21 01:25:44+00:00,390.0,5.110000133514404
1998-12-21 01:30:48+00:00,392.0,5.619999885559082
1998-12-21 01:35:52+00:00,391.0,5.820000171661377
1998-12-21 01:40:51+00:00,391.0,5.949999809265137
1998-12-21 01:45:55+00:00,392.0,5.46999979019165
1998-12-21 01:50:56+00:00,392.0,5.679999828338623
1998-12-21 01:55:58+00:00,384.0,6.320000171661377
1998-12-21 02:01:00+00:00,387.0,5.650000095367432
1998-12-21 02:06:05+00:00,385.0,5.610000133514404
1998-12-21 02:11:05+00:00,383.0,6.420000076293945
1998-12-21 02:16:06+00:00,424.0,5.25
1998-12-21 02:21:10+00:00,429.0,5.420000076293945
1998-12-21 02:26:12+00:00,414.0,6.53000020980835
1998-12-21 02:31:13+00:00,393.0,6.420000076293945
1998-12-21 02:36:19+00:00,395.0,6.159999847412109
1998-12-21 02:41:19+00:00,382.0,6.090000152587891
1998-12-21 02:46:20+00:00,384.0,5.96999979019165
1998-12-21 02:51:22+00:00,385.0,6.0
1998-12-21 02:56:25+00:00,385.0,5.840000152587891
1998-12-21 03:01:27+00:00,383.0,6.059999942779541
1998-12-21 03:06:28+00:00,379.0,6.139999866485596
1998-12-21 03:11:32+00:00,382.0,6.369999885559082
1998-12-21 03:16:34+00:00,382.0,6.71999979019165
1998-12-21 03:21:35+00:00,384.0,5.610000133514404
1998-12-21 03:26:39+00:00,382.0,5.670000076293945
1998-12-21 03:31:40+00:00,381.0,6.070000171661377
1998-12-21 03:36:42+00:00,382.0,5.960000038146973
1998-12-21 03:41:46+00:00,381.0,6.139999866485596
1998-12-21 03:46:47+00:00,383.0,6.150000095367432
1998-12-21 03:51:49+00:00,384.0,6.329999923706055
1998-12-21 03:56:50+00:00,382.0,6.590000152587891
1998-12-21 04:01:54+00:00,381.0,6.480000019073486
1998-12-21 04:06:56+00:00,380.0,6.429999828338623
1998-12-21 04:11:59+00:00,377.0,7.03000020980835
1998-12-21 04:16:59+00:00,371.0,6.670000076293945
1998-12-21 04:22:02+00:00,375.0,6.309999942779541
1998-12-21 04:27:04+00:00,374.0,6.53000020980835
1998-12-21 04:32:06+00:00,371.0,6.769999980926514
1998-12-21 04:37:10+00:00,371.0,6.059999942779541
1998-12-21 04:42:13+00:00,363.0,6.090000152587891
1998-12-21 04:47:13+00:00,363.0,6.150000095367432
1998-12-21 04:52:16+00:00,362.0,6.75
1998-12-21 04:57:18+00:00,362.0,7.420000076293945
1998-12-21 05:02:20+00:00,361.0,8.0600004196167
1998-12-21 05:07:23+00:00,358.0,8.550000190734863
1998-12-21 05:12:27+00:00,359.0,8.420000076293945
1998-12-21 05:17:27+00:00,359.0,8.100000381469727
1998-12-21 05:22:30+00:00,353.0,7.909999847412109
1998-12-21 05:27:32+00:00,351.0,8.210000038146973
1998-12-21 05:32:33+00:00,355.0,8.0
1998-12-21 05:37:35+00:00,351.0,7.820000171661377
1998-12-21 05:42:40+00:00,351.0,7.710000038146973
1998-12-21 05:47:40+00:00,363.0,7.039999961853027
1998-12-21 05:52:42+00:00,354.0,7.5
1998-12-21 05:57:45+00:00,344.0,8.140000343322754
1998-12-21 06:02:47+00:00,352.0,6.019999980926514
1998-12-21 06:07:48+00:00,362.0,6.03000020980835
1998-12-21 06:12:50+00:00,369.0,6.059999942779541
1998-12-21 06:17:54+00:00,367.0,6.849999904632568
1998-12-21 06:22:55+00:00,366.0,6.96999979019165
1998-12-21 06:27:57+00:00,366.0,6.840000152587891
1998-12-21 06:33:00+00:00,369.0,7.349999904632568
1998-12-21 06:38:02+00:00,366.0,6.840000152587891
1998-12-21 06:43:04+00:00,370.0,6.840000152587891
1998-12-21 06:48:07+00:00,378.0,7.639999866485596
1998-12-21 06:53:09+00:00,373.0,7.289999961853027
1998-12-21 06:58:10+00:00,368.0,6.559999942779541
1998-12-21 07:03:12+00:00,364.0,6.769999980926514
1998-12-21 07:08:15+00:00,363.0,6.980000019073486
1998-12-21 07:13:17+00:00,362.0,7.269999980926514
1998-12-21 07:18:21+00:00,357.0,8.479999542236328
1998-12-21 07:23:22+00:00,353.0,5.980000019073486
1998-12-21 07:28:24+00:00,362.0,6.380000114440918
1998-12-21 07:33:26+00:00,364.0,8.729999542236328
1998-12-21 07:38:29+00:00,357.0,9.319999694824219
1998-12-21 07:43:31+00:00,363.0,9.220000267028809
1998-12-21 07:48:34+00:00,361.0,8.760000228881836
1998-12-21 07:53:34+00:00,348.0,8.859999656677246
1998-12-21 07:58:37+00:00,339.0,10.6899995803833
1998-12-21 08:03:39+00:00,334.0,10.720000267028809
1998-12-21 08:08:41+00:00,336.0,10.300000190734863
1998-12-21 08:13:44+00:00,337.0,9.979999542236328
1998-12-21 08:18:48+00:00,335.0,10.770000457763672
1998-12-21 08:23:48+00:00,332.0,11.40999984741211
1998-12-21 08:28:51+00:00,352.0,9.920000076293945
1998-12-21 08:33:53+00:00,360.0,8.6899995803833
1998-12-21 08:38:54+00:00,364.0,8.84000015258789
1998-12-21 08:43:56+00:00,368.0,9.760000228881836
1998-12-21 08:49:02+00:00,339.0,9.489999771118164
1998-12-21 08:54:01+00:00,339.0,10.399999618530273
1998-12-21 08:59:03+00:00,337.0,9.520000457763672
1998-12-21 09:04:06+00:00,337.0,9.670000076293945
1998-12-21 09:09:08+00:00,332.0,8.15999984741211
1998-12-21 09:14:10+00:00,341.0,8.210000038146973
1998-12-21 09:19:15+00:00,339.0,10.600000381469727
1998-12-21 09:24:15+00:00,330.0,10.649999618530273
1998-12-21 09:29:16+00:00,330.0,10.0600004196167
1998-12-21 09:34:18+00:00,328.0,12.079999923706055
1998-12-21 09:39:21+00:00,329.0,12.069999694824219
1998-12-21 09:44:23+00:00,327.0,13.210000038146973
1998-12-21 09:49:25+00:00,326.0,12.819999694824219
1998-12-21 09:54:29+00:00,327.0,12.579999923706055
1998-12-21 09:59:30+00:00,328.0,13.0600004196167
1998-12-21 10:04:32+00:00,326.0,12.979999542236328
1998-12-21 10:09:35+00:00,325.0,13.350000381469727
1998-12-21 10:14:37+00:00,328.0,13.010000228881836
1998-12-21 10:19:38+00:00,328.0,12.779999732971191
1998-12-21 10:24:42+00:00,324.0,12.550000190734863
1998-12-21 10:29:43+00:00,324.0,12.869999885559082
1998-12-21 10:34:45+00:00,324.0,13.359999656677246
1998-12-21 10:39:47+00:00,323.0,13.25
1998-12-21 10:44:50+00:00,319.0,14.649999618530273
1998-12-21 10:49:52+00:00,319.0,15.0600004196167
1998-12-21 10:54:56+00:00,320.0,14.970000267028809
1998-12-21 10:59:55+00:00,320.0,14.399999618530273
1998-12-21 11:04:59+00:00,320.0,14.15999984741211
1998-12-21 11:10:00+00:00,322.0,13.949999809265137
1998-12-21 11:15:02+00:00,323.0,13.5600004196167
1998-12-21 11:20:05+00:00,324.0,13.289999961853027
1998-12-21 11:25:09+00:00,323.0,13.430000305175781
1998-12-21 11:30:09+00:00,323.0,13.510000228881836
1998-12-21 11:35:12+00:00,323.0,13.5600004196167
1998-12-21 11:40:14+00:00,323.0,13.430000305175781
1998-12-21 11:45:15+00:00,322.0,13.649999618530273
1998-12-21 11:50:19+00:00,321.0,13.789999961853027
1998-12-21 11:55:23+00:00,322.0,13.65999984741211
1998-12-21 12:00:23+00:00,321.0,13.8100004196167
1998-12-21 12:05:24+00:00,321.0,14.539999961853027
1998-12-21 12:10:27+00:00,321.0,14.3100004196167
1998-12-21 12:15:29+00:00,318.0,14.180000305175781
1998-12-21 12:20:31+00:00,322.0,13.300000190734863
1998-12-21 12:25:36+00:00,321.0,13.109999656677246
1998-12-21 12:30:36+00:00,318.0,13.899999618530273
1998-12-21 12:35:37+00:00,319.0,13.649999618530273
1998-12-21 12:40:41+00:00,320.0,13.84000015258789
1998-12-21 12:45:43+00:00,320.0,14.59000015258789
1998-12-21 12:50:44+00:00,318.0,14.130000114440918
1998-12-21 12:55:46+00:00,319.0,14.3100004196167
1998-12-21 13:00:50+00:00,318.0,13.130000114440918
1998-12-21 13:05:51+00:00,318.0,13.029999732971191
1998-12-21 13:10:53+00:00,318.0,14.579999923706055
1998-12-21 13:15:56+00:00,320.0,13.3100004196167
1998-12-21 13:20:58+00:00,320.0,14.180000305175781
1998-12-21 13:25:59+00:00,319.0,14.40999984741211
1998-12-21 13:31:03+00:00,319.0,14.699999809265137
1998-12-21 13:36:05+00:00,318.0,14.319999694824219
1998-12-21 13:41:06+00:00,319.0,14.529999732971191
1998-12-21 13:46:10+00:00,318.0,14.84000015258789
1998-12-21 13:51:11+00:00,317.0,14.880000114440918
1998-12-21 13:56:13+00:00,319.0,14.720000267028809
1998-12-21 14:01:17+00:00,317.0,15.09000015258789
1998-12-21 14:06:18+00:00,316.0,15.40999984741211
1998-12-21 14:11:20+00:00,316.0,15.630000114440918
1998-12-21 14:16:21+00:00,317.0,15.460000038146973
1998-12-21 14:21:25+00:00,316.0,15.149999618530273
1998-12-21 14:26:27+00:00,315.0,16.049999237060547
1998-12-21 14:31:30+00:00,315.0,15.600000381469727
1998-12-21 14:36:30+00:00,316.0,15.100000381469727
1998-12-21 14:41:33+00:00,316.0,15.180000305175781
1998-12-21 14:46:35+00:00,315.0,15.65999984741211
1998-12-21 14:51:37+00:00,314.0,15.9399995803833
1998-12-21 14:56:40+00:00,315.0,15.449999809265137
1998-12-21 15:01:44+00:00,316.0,15.670000076293945
1998-12-21 15:06:44+00:00,313.0,15.720000267028809
1998-12-21 15:11:47+00:00,311.0,15.479999542236328
1998-12-21 15:16:49+00:00,312.0,15.359999656677246
1998-12-21 15:21:50+00:00,312.0,15.119999885559082
1998-12-21 15:26:54+00:00,311.0,15.5600004196167
1998-12-21 15:31:58+00:00,315.0,15.15999984741211
1998-12-21 15:36:57+00:00,318.0,14.40999984741211
1998-12-21 15:41:59+00:00,315.0,14.779999732971191
1998-12-21 15:47:02+00:00,312.0,14.989999771118164
1998-12-21 15:52:04+00:00,311.0,15.739999771118164
1998-12-21 15:57:05+00:00,312.0,14.960000038146973
1998-12-21 16:02:11+00:00,312.0,15.449999809265137
1998-12-21 16:07:11+00:00,311.0,16.31999969482422
1998-12-21 16:12:12+00:00,306.0,16.860000610351562
1998-12-21 16:17:16+00:00,306.0,17.360000610351562
1998-12-21 16:22:17+00:00,306.0,17.239999771118164
1998-12-21 16:27:19+00:00,306.0,17.829999923706055
1998-12-21 16:32:21+00:00,307.0,18.030000686645508
1998-12-21 16:37:24+00:00,310.0,17.260000228881836
1998-12-21 16:42:26+00:00,312.0,16.8799991607666
1998-12-21 16:47:27+00:00,309.0,16.68000030517578
1998-12-21 16:52:31+00:00,312.0,15.529999732971191
1998-12-21 16:57:33+00:00,318.0,13.100000381469727
1998-12-21 17:02:34+00:00,320.0,13.329999923706055
1998-12-21 17:07:38+00:00,322.0,13.25
1998-12-21 17:12:39+00:00,319.0,12.9399995803833
1998-12-21 17:17:41+00:00,320.0,12.4399995803833
1998-12-21 17:22:43+00:00,321.0,12.930000305175781
1998-12-21 17:27:46+00:00,320.0,12.109999656677246
