time,w,rho
1996-01-20 00:00:00+00:00,439.5681818181818,9.730454564094543
1996-01-21 00:00:00+00:00,420.6245614035088,7.887649136258845
1996-01-22 00:00:00+00:00,389.4230769230769,9.128286720155836
1996-01-23 00:00:00+00:00,370.65034965034965,9.842447559316675
1996-01-24 00:00:00+00:00,353.69611307420496,10.457349817660166
1996-01-25 00:00:00+00:00,386.6267605633803,11.00436618966116
1996-01-26 00:00:00+00:00,410.75524475524475,7.9673776043044935
1996-01-27 00:00:00+00:00,429.93684210526317,5.54922806589227
1996-01-28 00:00:00+00:00,424.8706293706294,8.89125874492672
1996-01-29 00:00:00+00:00,535.8601398601398,4.973601405437176
1996-01-30 00:00:00+00:00,525.3356643356643,3.9553496587526547
1996-01-31 00:00:00+00:00,514.0596491228071,4.138385982680739
1996-02-01 00:00:00+00:00,451.5698924731183,4.6032616570858975
1996-02-02 00:00:00+00:00,477.6140350877193,5.467894749055829
1996-02-03 00:00:00+00:00,464.2711267605634,4.082676061442201
1996-02-04 00:00:00+00:00,392.84375,7.984765654429793
1996-02-05 00:00:00+00:00,379.2711267605634,7.094542239753293
1996-02-06 00:00:00+00:00,358.62587412587413,10.493321702196882
1996-02-07 00:00:00+00:00,365.3584229390681,10.745089601017668
1996-02-08 00:00:00+00:00,404.6958041958042,9.416328651921733
1996-02-09 00:00:00+00:00,387.40701754385964,7.454771933639258
1996-02-10 00:00:00+00:00,397.88214285714287,9.345714296613421
1996-02-11 00:00:00+00:00,556.021052631579,5.167438599101284
1996-02-12 00:00:00+00:00,545.5104895104895,4.46860139936834
1996-02-13 00:00:00+00:00,529.175355450237,3.8347393404251027
1996-02-15 00:00:00+00:00,383.1694915254237,10.764406826536534
1996-02-16 00:00:00+00:00,373.1316725978648,16.159323889165588
1996-02-17 00:00:00+00:00,400.33216783216784,9.472937047064722
1996-02-18 00:00:00+00:00,412.17894736842106,10.913614030469928
1996-02-19 00:00:00+00:00,472.2587412587413,4.304720286722784
1996-02-20 00:00:00+00:00,486.19649122807016,3.7232982493283457
1996-02-21 00:00:00+00:00,423.0699300699301,4.9294056042091
1996-02-22 00:00:00+00:00,417.2957746478873,7.773345101047569
1996-02-23 00:00:00+00:00,419.55087719298245,10.540666672221402
1996-02-24 00:00:00+00:00,456.65034965034965,8.645314690950034
1996-02-25 00:00:00+00:00,474.660777385159,6.332932864819314
1996-02-26 00:00:00+00:00,541.3978873239437,4.527992954556371
1996-02-27 00:00:00+00:00,522.0384615384615,5.070314694117833
1996-02-28 00:00:00+00:00,482.92280701754385,3.1651579011950575
1996-02-29 00:00:00+00:00,390.1048951048951,8.200699303533648
1996-03-01 00:00:00+00:00,380.9505300353357,6.857420473974922
1996-03-02 00:00:00+00:00,327.0177304964539,13.914858141689436
1996-03-03 00:00:00+00:00,355.6748251748252,17.332202784664982
1996-03-04 00:00:00+00:00,419.0034965034965,7.457972033874138
1996-03-05 00:00:00+00:00,397.5774647887324,6.152042248719175
1996-03-06 00:00:00+00:00,391.5598591549296,7.719647894442921
1996-03-07 00:00:00+00:00,336.2785714285714,12.964357125759125
1996-03-08 00:00:00+00:00,334.8636363636364,16.421363667174653
1996-03-09 00:00:00+00:00,343.8732394366197,15.190880275108444
1996-03-10 00:00:00+00:00,405.06293706293707,8.699860125988513
1996-03-11 00:00:00+00:00,511.3929824561404,6.303543842047976
1996-03-12 00:00:00+00:00,533.9405594405595,4.788566434300029
1996-03-13 00:00:00+00:00,557.7816901408451,4.1327112686466165
1996-03-14 00:00:00+00:00,515.3916083916084,3.659300702435153
1996-03-15 00:00:00+00:00,403.4366197183099,6.319084503281284
1996-03-16 00:00:00+00:00,369.5719298245614,14.219473730053817
1996-03-17 00:00:00+00:00,426.14335664335664,7.008007012047134
1996-03-18 00:00:00+00:00,423.30864197530866,6.210576122189745
1996-03-21 00:00:00+00:00,628.6578947368421,3.403421025527151
1996-03-22 00:00:00+00:00,593.5087719298245,2.702771923416539
1996-03-23 00:00:00+00:00,467.5649122807018,3.573754384224875
1996-03-24 00:00:00+00:00,478.0701754385965,6.965263160069783
1996-03-25 00:00:00+00:00,543.8496503496503,4.249860140827153
1996-03-26 00:00:00+00:00,484.45104895104896,4.5847552606275865
1996-03-27 00:00:00+00:00,456.88339222614843,6.271166081984557
1996-03-28 00:00:00+00:00,444.90942028985506,5.033224636229916
1996-03-29 00:00:00+00:00,409.24295774647885,7.40968310329276
1996-03-30 00:00:00+00:00,369.75531914893617,11.82719858318356
1996-03-31 00:00:00+00:00,346.01413427561835,14.49215546429368
1996-04-01 00:00:00+00:00,345.2042253521127,13.342147870802544
1996-04-02 00:00:00+00:00,328.81468531468533,14.867902122177444
1996-04-03 00:00:00+00:00,360.11578947368423,12.05831579074525
1996-04-04 00:00:00+00:00,379.36713286713285,10.082517497189395
1996-04-05 00:00:00+00:00,381.1888111888112,6.944440554905604
1996-04-06 00:00:00+00:00,337.7867132867133,7.6468881226919745
1996-04-07 00:00:00+00:00,304.9230769230769,14.270419567615003
1996-04-08 00:00:00+00:00,309.7762237762238,19.051783214915883
1996-04-09 00:00:00+00:00,411.1223776223776,8.32031469828599
1996-04-10 00:00:00+00:00,430.3076923076923,4.642377624144921
1996-04-11 00:00:00+00:00,444.8456140350877,6.70642105487355
1996-04-12 00:00:00+00:00,505.8181818181818,5.598426572092763
1996-04-13 00:00:00+00:00,432.69122807017544,6.227438592910767
1996-04-14 00:00:00+00:00,472.2140350877193,8.127754400487532
1996-04-15 00:00:00+00:00,577.7017543859649,3.4204210448683354
1996-04-16 00:00:00+00:00,477.0524475524476,5.472832182904224
1996-04-17 00:00:00+00:00,512.0565217391304,7.5757391204004705
1996-04-18 00:00:00+00:00,604.2554112554112,4.441385296000031
1996-04-19 00:00:00+00:00,663.0354609929078,3.763439706876768
1996-04-20 00:00:00+00:00,579.3321678321678,3.0453846087822547
1996-04-21 00:00:00+00:00,512.8286713286714,4.0310489547836195
1996-04-22 00:00:00+00:00,459.6363636363636,5.1329720345410434
1996-04-23 00:00:00+00:00,467.94405594405595,5.4769230839255805
1996-04-24 00:00:00+00:00,407.97902097902096,6.884125871258182
1996-04-25 00:00:00+00:00,350.4982206405694,10.812313166377383
1996-04-26 00:00:00+00:00,349.4119718309859,14.267429595262232
1996-04-27 00:00:00+00:00,381.4468085106383,10.85514185783711
1996-04-28 00:00:00+00:00,393.1048951048951,7.954720272050871
1996-04-29 00:00:00+00:00,371.8076923076923,10.553741261675642
1996-04-30 00:00:00+00:00,382.6666666666667,10.90326317736977
1997-05-01 00:00:00+00:00,432.83098591549293,11.661267626453453
1997-05-02 00:00:00+00:00,560.6056338028169,3.4759859207650305
1997-05-03 00:00:00+00:00,526.493006993007,3.782447565685619
1997-05-04 00:00:00+00:00,434.72027972027973,4.685909082422723
1997-05-05 00:00:00+00:00,406.0104895104895,5.851223771388714
1997-05-06 00:00:00+00:00,377.96491228070175,5.152982458315398
1997-05-07 00:00:00+00:00,338.3811188811189,7.841713285112714
1997-05-08 00:00:00+00:00,325.7692307692308,9.471608380337695
1997-05-09 00:00:00+00:00,301.51236749116606,11.272402830764177
1997-05-10 00:00:00+00:00,296.1713286713287,15.416853131114186
1997-05-11 00:00:00+00:00,320.43706293706293,15.172482502210391
1997-05-12 00:00:00+00:00,303.56643356643355,11.633146831205675
1997-05-13 00:00:00+00:00,292.7473684210526,10.318350880606133
1997-05-14 00:00:00+00:00,300.99295774647885,15.18707750548779
1997-05-15 00:00:00+00:00,450.506993006993,12.244475524742287
1997-05-16 00:00:00+00:00,478.513986013986,5.574230751791201
1997-05-17 00:00:00+00:00,452.42657342657344,3.995804197721548
1997-05-18 00:00:00+00:00,379.7132867132867,6.3113636353632785
1997-05-19 00:00:00+00:00,333.06293706293707,6.3092307744326295
1997-05-20 00:00:00+00:00,315.76408450704224,13.954154943076658
1997-05-21 00:00:00+00:00,309.2692307692308,13.542762234494402
1997-05-22 00:00:00+00:00,328.48070175438596,13.73101751762524
1997-05-23 00:00:00+00:00,315.47902097902096,7.390664345734603
1997-05-24 00:00:00+00:00,321.7167832167832,12.064020990491747
1997-05-25 00:00:00+00:00,307.6048951048951,15.342727287665948
1997-05-26 00:00:00+00:00,321.0701754385965,16.710280702825177
1997-05-27 00:00:00+00:00,321.66783216783216,10.968356646024263
1997-05-28 00:00:00+00:00,331.5874125874126,12.346678332015351
1997-05-29 00:00:00+00:00,319.75174825174827,10.011468547207492
1997-05-30 00:00:00+00:00,334.125,11.19885711669922
1997-05-31 00:00:00+00:00,380.17894736842106,8.928631575065747
1997-06-01 00:00:00+00:00,389.38028169014086,6.731197162413261
1997-06-02 00:00:00+00:00,391.2027972027972,6.8150349847086655
1997-06-03 00:00:00+00:00,444.92657342657344,4.183671335240344
1997-06-04 00:00:00+00:00,406.4593639575972,3.5196819760352898
1997-06-05 00:00:00+00:00,348.70877192982454,6.132736817995707
1997-06-06 00:00:00+00:00,369.7062937062937,12.853076936481717
1997-06-07 00:00:00+00:00,404.1993006993007,8.180524467588304
1997-06-08 00:00:00+00:00,374.21754385964914,8.725578972331265
1997-06-09 00:00:00+00:00,376.86619718309856,9.568450690155299
1997-06-10 00:00:00+00:00,366.2561403508772,8.569263182188335
1997-06-11 00:00:00+00:00,347.8385964912281,13.249368431693629
1997-06-12 00:00:00+00:00,336.2811387900356,14.72494663971599
1997-06-13 00:00:00+00:00,320.95454545454544,9.012447535574854
1997-06-14 00:00:00+00:00,304.0979020979021,11.447517488386248
1997-06-15 00:00:00+00:00,326.65724381625444,17.168233194115306
1997-06-16 00:00:00+00:00,391.5,9.444230759894097
1997-06-17 00:00:00+00:00,384.2170818505338,4.447224194468976
1997-06-18 00:00:00+00:00,337.3811188811189,5.3979720360749255
1997-06-19 00:00:00+00:00,360.2791519434629,10.277102465343138
1997-06-20 00:00:00+00:00,311.7288732394366,10.321126768286799
1997-06-21 00:00:00+00:00,291.8706293706294,9.024475526142787
1997-06-22 00:00:00+00:00,369.5769230769231,14.993636346363521
1997-06-23 00:00:00+00:00,396.1048951048951,7.719160840227888
1997-06-24 00:00:00+00:00,381.52797202797206,6.474895116332528
1997-06-25 00:00:00+00:00,392.7307692307692,12.440594386387538
1997-06-26 00:00:00+00:00,368.44912280701755,7.151298255251165
1997-06-27 00:00:00+00:00,456.3228070175439,8.437894740857576
1997-06-28 00:00:00+00:00,441.11538461538464,4.22090909280977
1997-06-29 00:00:00+00:00,398.0944055944056,6.234895100126733
1997-06-30 00:00:00+00:00,360.7719298245614,5.645438585783306
1997-07-01 00:00:00+00:00,340.13028169014086,7.619119682782133
1997-07-02 00:00:00+00:00,290.7758007117438,11.685373674508092
1997-07-03 00:00:00+00:00,355.28521126760563,10.472957738688294
1997-07-04 00:00:00+00:00,394.61538461538464,6.861398610201749
1997-07-05 00:00:00+00:00,365.63928571428573,7.615749984128135
1997-07-06 00:00:00+00:00,342.2762237762238,8.344720240239496
1997-07-07 00:00:00+00:00,392.8456140350877,12.502245636990196
1997-07-08 00:00:00+00:00,410.2972027972028,5.556328689301764
1997-07-09 00:00:00+00:00,370.3824561403509,12.889859631187038
1997-07-10 00:00:00+00:00,420.8251748251748,6.5596153786132385
1997-07-11 00:00:00+00:00,384.1048951048951,5.975000008002861
1997-07-12 00:00:00+00:00,347.17832167832165,6.451888114422351
1997-07-13 00:00:00+00:00,338.8251748251748,7.837167809893201
1997-07-14 00:00:00+00:00,318.6982456140351,11.495122835928933
1997-07-15 00:00:00+00:00,353.22027972027973,11.991923097963934
1997-07-16 00:00:00+00:00,343.8181818181818,10.728111900649704
1997-07-17 00:00:00+00:00,352.4475524475524,10.025489482012661
1997-07-18 00:00:00+00:00,430.45454545454544,8.558356636887664
1997-07-19 00:00:00+00:00,423.0524475524476,8.298216768078037
1997-07-20 00:00:00+00:00,471.53146853146853,4.15884614741052
1997-07-21 00:00:00+00:00,447.34965034965035,4.3156293763981
1997-07-22 00:00:00+00:00,452.01779359430606,4.593772243350426
1997-07-23 00:00:00+00:00,390.35664335664336,8.091468545940373
1997-07-24 00:00:00+00:00,404.18531468531467,14.550139897353166
1997-07-25 00:00:00+00:00,416.11538461538464,6.951818191088163
1997-07-26 00:00:00+00:00,379.9125874125874,7.800804194870529
1997-07-27 00:00:00+00:00,376.5104895104895,8.082202793001295
1997-07-28 00:00:00+00:00,374.71378091872793,7.005017664744239
1997-07-29 00:00:00+00:00,342.1888111888112,6.4484615250900905
1997-07-30 00:00:00+00:00,338.3098591549296,10.85841546931737
1997-07-31 00:00:00+00:00,430.94736842105266,10.01143857889008
1997-08-01 00:00:00+00:00,415.38461538461536,8.344300693565316
1997-08-02 00:00:00+00:00,402.88421052631577,5.404526319838407
1997-08-03 00:00:00+00:00,436.6456140350877,8.58189474469737
1997-08-04 00:00:00+00:00,382.40625,13.634609393775463
1997-08-05 00:00:00+00:00,341.8881118881119,11.23723773856263
1997-08-06 00:00:00+00:00,311.49236641221376,7.983511447906494
1997-08-07 00:00:00+00:00,322.26573426573424,12.499020969951069
1997-08-08 00:00:00+00:00,344.11578947368423,8.725719292958578
1997-08-09 00:00:00+00:00,378.75174825174827,11.516573415769564
1997-08-10 00:00:00+00:00,413.0944055944056,5.200349639345716
1997-08-11 00:00:00+00:00,405.72027972027973,5.824965035165106
1997-08-12 00:00:00+00:00,380.6993006993007,7.0409090985785
1997-08-13 00:00:00+00:00,443.8251748251748,8.166258731088439
1997-08-14 00:00:00+00:00,463.7972027972028,7.513951049818026
1997-08-15 00:00:00+00:00,441.27972027972027,3.7893007068367273
1997-08-16 00:00:00+00:00,389.61538461538464,6.915629361059282
1997-08-17 00:00:00+00:00,376.29824561403507,6.454701733170894
1997-08-18 00:00:00+00:00,361.5034965034965,7.0384615301252245
1997-08-19 00:00:00+00:00,362.59090909090907,6.891328664926382
1997-08-20 00:00:00+00:00,356.3776223776224,6.77573428454099
1997-08-21 00:00:00+00:00,379.16491228070174,8.311192996041816
1997-08-22 00:00:00+00:00,410.13427561837455,7.122049472357275
1997-08-23 00:00:00+00:00,347.7062937062937,8.05989509529167
1997-08-24 00:00:00+00:00,331.5244755244755,11.040629373563753
1997-08-25 00:00:00+00:00,322.7832167832168,8.675314688182377
1997-08-26 00:00:00+00:00,304.46853146853147,8.206608390474653
1997-08-27 00:00:00+00:00,311.006993006993,12.823426570092048
1997-08-28 00:00:00+00:00,420.4825174825175,10.156538463139034
1997-08-29 00:00:00+00:00,413.75524475524475,8.924300698967247
1997-08-30 00:00:00+00:00,435.9300699300699,6.176433564899685
1997-08-31 00:00:00+00:00,422.5035211267606,5.457183114239867
1998-06-24 00:00:00+00:00,468.0,7.130000114440918
1998-10-29 00:00:00+00:00,586.15,4.2195357322692875
1998-10-30 00:00:00+00:00,504.9017543859649,3.04522807138008
1998-10-31 00:00:00+00:00,396.70175438596493,4.874000011410629
1998-11-01 00:00:00+00:00,386.9087719298246,5.941789482350935
1998-11-02 00:00:00+00:00,390.006993006993,6.172167849707437
1998-11-03 00:00:00+00:00,393.9017543859649,5.777403501878705
1998-11-04 00:00:00+00:00,367.779359430605,6.129679701930687
1998-11-05 00:00:00+00:00,385.45964912280704,6.807333337214955
1998-11-06 00:00:00+00:00,393.98943661971833,6.7949647785912095
1998-11-07 00:00:00+00:00,474.3881118881119,8.802237774108674
1998-11-08 00:00:00+00:00,549.5,9.997711268109335
1998-11-09 00:00:00+00:00,458.7157894736842,7.0569473785266545
1998-11-10 00:00:00+00:00,425.46830985915494,4.765528173933567
1998-11-11 00:00:00+00:00,350.65734265734267,5.320279726615319
1998-11-12 00:00:00+00:00,343.45454545454544,8.61657340376527
1998-11-13 00:00:00+00:00,391.7980769230769,9.032932687264223
1998-11-21 00:00:00+00:00,414.7,5.230357154778072
1998-11-22 00:00:00+00:00,383.2867132867133,6.044999999599857
1998-11-23 00:00:00+00:00,398.8636363636364,8.899160825289213
1998-11-24 00:00:00+00:00,479.4612676056338,5.711584522690572
1998-11-25 00:00:00+00:00,458.06293706293707,5.29643355966448
1998-11-26 00:00:00+00:00,479.55594405594405,6.946468533335866
1998-11-27 00:00:00+00:00,421.53846153846155,5.610979021845997
1998-11-28 00:00:00+00:00,420.0524475524476,5.226153841385474
1998-11-29 00:00:00+00:00,405.8356643356643,7.293916085383275
1998-11-30 00:00:00+00:00,438.8111888111888,9.667937062003396
1998-12-01 00:00:00+00:00,478.14736842105265,5.930912286356876
1998-12-02 00:00:00+00:00,421.59507042253523,3.833063389213992
1998-12-03 00:00:00+00:00,459.19649122807016,3.4364210597255775
1998-12-04 00:00:00+00:00,493.96153846153845,2.9637762295616255
1998-12-05 00:00:00+00:00,486.4195804195804,2.3440909064733066
1998-12-06 00:00:00+00:00,429.54545454545456,2.6617832096306593
1998-12-07 00:00:00+00:00,414.8111888111888,6.132167831167474
1998-12-08 00:00:00+00:00,407.7307692307692,4.262342652240833
1998-12-09 00:00:00+00:00,404.8986013986014,4.515384604047228
1998-12-10 00:00:00+00:00,363.6118881118881,7.568216769011705
1998-12-11 00:00:00+00:00,369.06666666666666,11.043052659954942
1998-12-12 00:00:00+00:00,384.65034965034965,8.148321683590229
1998-12-13 00:00:00+00:00,391.006993006993,8.756538461138318
1998-12-14 00:00:00+00:00,399.2062937062937,8.311048951182332
1998-12-15 00:00:00+00:00,376.2412587412587,7.550069920666568
1998-12-16 00:00:00+00:00,464.12587412587413,4.287167828399818
1998-12-17 00:00:00+00:00,368.3776223776224,4.246258733155844
1998-12-18 00:00:00+00:00,318.53146853146853,9.10255245062021
1998-12-19 00:00:00+00:00,337.27272727272725,8.591678332615565
1998-12-20 00:00:00+00:00,416.3251748251748,5.121083925654005
1998-12-21 00:00:00+00:00,346.95238095238096,10.461523809887114
1999-02-03 00:00:00+00:00,312.5238095238095,4.737619082132976
1999-02-04 00:00:00+00:00,342.6958041958042,11.790839155237158
1999-02-05 00:00:00+00:00,406.4055944055944,7.529790224728885
1999-02-06 00:00:00+00:00,429.0,6.294335662068187
1999-02-07 00:00:00+00:00,435.1188811188811,6.555454554257693
1999-02-08 00:00:00+00:00,430.6818181818182,5.247272719036449
1999-02-09 00:00:00+00:00,379.00701754385966,6.701017547072026
1999-02-10 00:00:00+00:00,347.5501858736059,7.884126376042135
1999-02-11 00:00:00+00:00,403.42652329749103,14.749677429917039
1999-02-12 00:00:00+00:00,516.3566433566433,5.760524482993813
1999-02-13 00:00:00+00:00,494.04912280701757,4.396421045169496
1999-02-14 00:00:00+00:00,445.9451219512195,6.1074999948827235
1999-02-18 00:00:00+00:00,663.771186440678,3.9486440824250044
1999-02-19 00:00:00+00:00,566.8041958041958,3.154650351175895
1999-02-20 00:00:00+00:00,451.9612676056338,1.5919014132568534
1999-02-21 00:00:00+00:00,395.5944055944056,4.665594400225819
1999-02-22 00:00:00+00:00,405.16783216783216,5.075944064380406
1999-02-23 00:00:00+00:00,394.9929328621908,6.034699642194876
1999-02-24 00:00:00+00:00,410.6083916083916,7.681433538456897
1999-02-25 00:00:00+00:00,431.96853146853147,3.7294755265429305
1999-02-26 00:00:00+00:00,373.17832167832165,4.0367832292209975
1999-02-27 00:00:00+00:00,351.34265734265733,4.904615378046369
1999-02-28 00:00:00+00:00,360.7902097902098,11.848007022084056
1999-03-01 00:00:00+00:00,434.259649122807,13.415193008121692
1999-03-02 00:00:00+00:00,517.7578947368421,4.936807026779443
1999-03-03 00:00:00+00:00,455.38461538461536,4.572062942531559
1999-03-04 00:00:00+00:00,503.7919075144509,6.904855500755971
1999-03-05 00:00:00+00:00,539.5964912280701,3.556842107103582
1999-03-06 00:00:00+00:00,485.6468531468532,4.169475526659639
1999-03-07 00:00:00+00:00,483.82167832167835,4.963671330805425
1999-03-08 00:00:00+00:00,419.54895104895104,4.801048960719076
1999-03-09 00:00:00+00:00,407.05263157894734,9.25838595273202
1999-03-10 00:00:00+00:00,450.8673835125448,8.596236544270669
1999-03-11 00:00:00+00:00,412.3122807017544,6.9895438754767705
1999-03-12 00:00:00+00:00,408.26666666666665,10.04968419827913
1999-03-13 00:00:00+00:00,476.4947368421053,4.685192977754693
1999-03-14 00:00:00+00:00,482.03846153846155,5.6067832124816785
1999-03-15 00:00:00+00:00,510.84965034965035,4.0207692334701965
1999-03-16 00:00:00+00:00,467.9157894736842,3.0456140309049373
1999-03-17 00:00:00+00:00,412.7368421052632,4.998070181461802
1999-03-18 00:00:00+00:00,431.47349823321554,4.747950521880241
1999-03-19 00:00:00+00:00,384.534965034965,4.638286725624458
1999-03-20 00:00:00+00:00,321.1118881118881,7.090734265900992
1999-03-21 00:00:00+00:00,329.2736842105263,7.058842094321
1999-03-22 00:00:00+00:00,315.5034965034965,5.251713281744844
1999-03-23 00:00:00+00:00,394.3811188811189,6.476153848054525
1999-03-24 00:00:00+00:00,404.26573426573424,5.456153835450019
1999-03-25 00:00:00+00:00,384.77972027972027,7.285000015805651
1999-03-26 00:00:00+00:00,434.42105263157896,4.938070170921192
1999-03-27 00:00:00+00:00,377.4825174825175,6.8953146734437745
1999-03-28 00:00:00+00:00,334.5034965034965,11.875384649196706
1999-03-29 00:00:00+00:00,451.5104895104895,9.754230734351632
1999-03-30 00:00:00+00:00,490.4755244755245,4.197202808373458
1999-03-31 00:00:00+00:00,454.2237762237762,5.441713299784627
1999-04-01 00:00:00+00:00,437.33916083916085,5.67657342907432
1999-04-02 00:00:00+00:00,408.7762237762238,6.644790202170819
1999-04-03 00:00:00+00:00,402.2832167832168,7.463251744116937
1999-04-04 00:00:00+00:00,425.5104895104895,6.178601405003688
1999-04-05 00:00:00+00:00,512.3591549295775,2.95746479109979
1999-04-06 00:00:00+00:00,449.6013986013986,2.9619930057258874
1999-04-07 00:00:00+00:00,381.541958041958,5.308496494393249
1999-04-08 00:00:00+00:00,369.7167832167832,9.611153854356779
1999-04-09 00:00:00+00:00,360.7237762237762,9.581468535469963
1999-04-10 00:00:00+00:00,488.2692307692308,5.162097902981551
1999-04-11 00:00:00+00:00,485.48070175438596,2.502421047813014
1999-04-12 00:00:00+00:00,417.94405594405595,3.104720278636559
1999-04-13 00:00:00+00:00,401.2132867132867,3.704370640374564
1999-04-14 00:00:00+00:00,395.3356643356643,5.1518881062527635
1999-04-15 00:00:00+00:00,395.6958041958042,3.7455244864617194
1999-04-16 00:00:00+00:00,424.34265734265733,10.515769234904042
1999-04-17 00:00:00+00:00,401.2307692307692,9.137937067271945
1999-04-18 00:00:00+00:00,380.1958041958042,7.113391617794971
1999-04-19 00:00:00+00:00,418.44055944055947,5.840944055077079
1999-04-20 00:00:00+00:00,531.6713286713286,6.755104901907328
1999-04-21 00:00:00+00:00,526.5692883895131,4.438726588134909
1999-04-22 00:00:00+00:00,466.7263157894737,3.4804210478799384
1999-04-23 00:00:00+00:00,446.73426573426576,6.0816433521417474
1999-04-24 00:00:00+00:00,427.47202797202794,5.307692297688731
1999-04-25 00:00:00+00:00,385.4825174825175,5.50667832864748
1999-04-26 00:00:00+00:00,398.7867132867133,4.119090903576438
1999-04-27 00:00:00+00:00,478.62587412587413,1.3257692263468162
1999-04-28 00:00:00+00:00,437.1048951048951,4.794790216676005
1999-04-29 00:00:00+00:00,487.2412587412587,8.010804195504088
1999-04-30 00:00:00+00:00,618.0944055944055,3.7513986008984226
2000-05-01 00:00:00+00:00,476.66783216783216,3.272587410845123
2000-05-02 00:00:00+00:00,604.6118881118881,1.7509790184822949
2000-05-03 00:00:00+00:00,529.2482517482517,5.324160838460589
2000-05-04 00:00:00+00:00,468.09859154929575,3.442183104199423
2000-05-05 00:00:00+00:00,426.6083916083916,4.882272726172334
2000-05-06 00:00:00+00:00,433.8041958041958,5.049930071497297
2000-05-07 00:00:00+00:00,397.6021126760563,5.421936607696641
2000-05-08 00:00:00+00:00,364.4078014184397,8.275886511971764
2000-05-09 00:00:00+00:00,339.3543859649123,11.09217539335552
2000-05-10 00:00:00+00:00,320.64912280701753,9.727122810430695
2000-05-11 00:00:00+00:00,297.1223776223776,9.875104910843856
2000-05-12 00:00:00+00:00,317.5174825174825,19.919335642061032
2000-05-13 00:00:00+00:00,491.42957746478874,9.5755281750585
2000-05-14 00:00:00+00:00,457.6713286713287,6.090069936705636
2000-05-15 00:00:00+00:00,413.5,10.214055946656874
2000-05-16 00:00:00+00:00,454.0104895104895,8.1695454545788
2000-05-17 00:00:00+00:00,509.25174825174827,4.4804895024199585
2000-05-18 00:00:00+00:00,509.4475524475524,3.5301748168218388
2000-05-19 00:00:00+00:00,510.78136200716847,3.1213978571703787
2000-05-20 00:00:00+00:00,467.006993006993,2.0219930064428104
2000-05-21 00:00:00+00:00,405.4055944055944,5.666748242778378
2000-05-22 00:00:00+00:00,458.44055944055947,4.731643348307043
2000-05-23 00:00:00+00:00,559.3109540636042,8.163780903226495
2000-05-24 00:00:00+00:00,639.301754385965,7.853403514309933
2000-05-25 00:00:00+00:00,553.8315789473684,2.4144912263803313
2000-05-26 00:00:00+00:00,438.8111888111888,4.20255245112039
2000-05-27 00:00:00+00:00,384.52097902097904,6.187097893728243
2000-05-28 00:00:00+00:00,386.258064516129,6.333189981385371
2000-05-29 00:00:00+00:00,390.3811188811189,12.388706311479314
2000-05-30 00:00:00+00:00,625.9265734265734,2.6138811244831217
2000-05-31 00:00:00+00:00,555.2902097902098,2.6513985924787455
2000-06-01 00:00:00+00:00,494.48943661971833,2.9827816990059866
2000-06-02 00:00:00+00:00,419.9755244755245,5.1432167875183215
2000-06-03 00:00:00+00:00,417.6188811188811,7.272447558549734
2000-06-04 00:00:00+00:00,471.7027972027972,4.147657346683783
2000-06-05 00:00:00+00:00,473.9475524475524,9.495699305634398
2000-06-06 00:00:00+00:00,461.74825174825173,6.624370619967268
2000-06-07 00:00:00+00:00,490.8181818181818,5.597482519549923
2000-06-08 00:00:00+00:00,674.5664335664336,7.557307713098459
2000-06-09 00:00:00+00:00,607.2377622377622,2.096783218892304
2000-06-10 00:00:00+00:00,542.527972027972,1.5713636356217044
2000-06-11 00:00:00+00:00,510.9300699300699,5.386783218050336
2000-06-12 00:00:00+00:00,530.9685314685315,3.33643356674201
2000-06-13 00:00:00+00:00,473.36013986013984,4.437272733324892
2000-06-14 00:00:00+00:00,433.64664310954066,13.73159015136557
2000-06-15 00:00:00+00:00,555.9440559440559,3.2473426615441596
2000-06-16 00:00:00+00:00,510.80350877192984,2.0603859646278515
2000-06-17 00:00:00+00:00,456.57894736842104,4.543333342200832
2000-06-18 00:00:00+00:00,399.10526315789474,4.652877209479349
2000-06-19 00:00:00+00:00,397.93356643356645,3.7069230854928077
2000-06-20 00:00:00+00:00,381.6993006993007,7.622832150726052
2000-06-21 00:00:00+00:00,354.1293706293706,6.086923080724436
2000-06-22 00:00:00+00:00,418.85664335664336,9.904720251376812
2000-06-23 00:00:00+00:00,481.26223776223776,9.640769229902254
2000-06-24 00:00:00+00:00,544.8701754385964,5.025719295049969
2000-06-25 00:00:00+00:00,483.8140350877193,3.29659650367603
2000-06-26 00:00:00+00:00,506.4315789473684,6.456105284941824
2000-06-27 00:00:00+00:00,516.1223776223776,3.5311888164573615
2000-06-28 00:00:00+00:00,455.73776223776224,5.42692307992415
2000-06-29 00:00:00+00:00,433.4230769230769,3.5442657303976848
2000-06-30 00:00:00+00:00,383.52097902097904,4.313076925444436
2000-07-01 00:00:00+00:00,405.33916083916085,6.905174828909494
2000-07-02 00:00:00+00:00,375.90909090909093,5.408846160748622
2000-07-03 00:00:00+00:00,343.97202797202794,11.093881130218506
2000-07-04 00:00:00+00:00,397.1713286713287,9.552482533288169
2000-07-05 00:00:00+00:00,449.83216783216784,6.086503496536841
2000-07-06 00:00:00+00:00,423.99642857142857,5.3083928457328255
2000-07-07 00:00:00+00:00,391.5524475524476,5.48486013345785
2000-07-08 00:00:00+00:00,363.5944055944056,5.899370621967982
2000-07-09 00:00:00+00:00,378.3228070175439,5.911859653707136
2000-07-10 00:00:00+00:00,453.1684210526316,10.542245565380966
2000-07-11 00:00:00+00:00,490.4315789473684,9.57140350760075
2000-07-12 00:00:00+00:00,493.99298245614034,2.600877196537821
2000-07-13 00:00:00+00:00,597.5804195804196,7.353951006502538
2000-07-14 00:00:00+00:00,652.3426573426574,4.581783220484541
2000-07-15 00:00:00+00:00,760.756183745583,4.205583053295477
2000-07-16 00:00:00+00:00,811.740350877193,1.9241052629654867
2000-07-17 00:00:00+00:00,649.972027972028,1.450384618935885
2000-07-18 00:00:00+00:00,571.6245614035088,2.9633333281466836
2000-07-19 00:00:00+00:00,545.1368421052632,3.8820000012715656
2000-07-20 00:00:00+00:00,543.1748251748252,4.051643361578455
2000-07-21 00:00:00+00:00,495.6478873239437,3.143626762108064
2000-07-22 00:00:00+00:00,433.9475524475524,5.813741251305267
2000-07-23 00:00:00+00:00,413.3286713286713,7.176573431158399
2000-07-24 00:00:00+00:00,377.06643356643355,3.002377625945565
2000-07-25 00:00:00+00:00,362.8877192982456,3.5932631471700835
2000-07-26 00:00:00+00:00,369.9965034965035,12.158251739048458
2000-07-27 00:00:00+00:00,352.86021505376345,8.721684592599082
2000-07-28 00:00:00+00:00,440.3286713286713,13.571923069186978
2000-07-29 00:00:00+00:00,487.67832167832165,8.400629362859926
2000-07-30 00:00:00+00:00,440.40909090909093,3.6767832190840393
2000-07-31 00:00:00+00:00,406.30545454545455,7.9687999898737125
2000-08-01 00:00:00+00:00,448.33916083916085,5.217937061836669
2000-08-02 00:00:00+00:00,440.1223776223776,4.739545467850212
2000-08-03 00:00:00+00:00,421.92657342657344,7.141468526600124
2000-08-04 00:00:00+00:00,435.5052631578947,5.812350866250824
2000-08-05 00:00:00+00:00,521.6608391608391,5.19293707567495
2000-08-06 00:00:00+00:00,517.2692307692307,3.4163986002648628
2000-08-07 00:00:00+00:00,447.85664335664336,3.840804199238757
2000-08-08 00:00:00+00:00,405.21754385964914,4.251964913753041
2000-08-09 00:00:00+00:00,372.6363636363636,4.565349660553299
2000-08-10 00:00:00+00:00,429.2315789473684,7.709649099383438
2000-08-11 00:00:00+00:00,456.5769230769231,3.379965017725538
2000-08-12 00:00:00+00:00,608.1538461538462,7.7857342616661445
2000-08-13 00:00:00+00:00,563.2140350877193,4.784385957215962
2000-08-14 00:00:00+00:00,484.27972027972027,4.3066083795124
2000-08-15 00:00:00+00:00,490.7867132867133,5.293951058721209
2000-08-16 00:00:00+00:00,408.0175438596491,4.902842092514038
2000-08-17 00:00:00+00:00,372.7097902097902,5.798496494760046
2000-08-18 00:00:00+00:00,316.0034965034965,8.0251048578249
2000-08-19 00:00:00+00:00,327.90909090909093,7.526048957051097
2000-08-20 00:00:00+00:00,320.27272727272725,6.674020971451606
2000-08-21 00:00:00+00:00,332.4965034965035,9.472342666212496
2000-08-22 00:00:00+00:00,309.92657342657344,9.240069942874507
2000-08-23 00:00:00+00:00,307.685393258427,12.448202275158314
2000-08-24 00:00:00+00:00,355.993006993007,8.901468520397907
2000-08-25 00:00:00+00:00,389.1719298245614,3.632456143697103
2000-08-26 00:00:00+00:00,382.65384615384613,4.185454545321164
2000-08-27 00:00:00+00:00,379.6993006993007,7.179090916693627
2000-08-28 00:00:00+00:00,513.137323943662,8.059225342643092
2000-08-29 00:00:00+00:00,600.513986013986,4.068216785684332
2000-08-30 00:00:00+00:00,580.3391608391609,3.2896853101837054
2000-08-31 00:00:00+00:00,538.0874125874126,3.58416083142474
2001-09-01 00:00:00+00:00,395.9895104895105,4.3800699360720765
2001-09-02 00:00:00+00:00,344.62587412587413,6.97286713373411
2001-09-03 00:00:00+00:00,441.0320284697509,10.721672565487356
2001-09-04 00:00:00+00:00,504.5174825174825,3.768916096720662
2001-09-05 00:00:00+00:00,454.006993006993,2.323531470932327
2001-09-06 00:00:00+00:00,379.1923076923077,3.55730770434533
2001-09-07 00:00:00+00:00,369.87412587412587,6.028636361335541
2001-09-08 00:00:00+00:00,332.02097902097904,3.8068531509879584
2001-09-09 00:00:00+00:00,314.7867132867133,4.496258742325789
2001-09-10 00:00:00+00:00,284.83916083916085,9.82531467684499
2001-09-11 00:00:00+00:00,321.493006993007,14.414825116004144
2001-09-12 00:00:00+00:00,381.513986013986,6.336188807354107
2001-09-13 00:00:00+00:00,385.06293706293707,9.62020975226289
2001-09-14 00:00:00+00:00,426.33216783216784,9.071293729168552
2001-09-15 00:00:00+00:00,539.7097902097902,6.8247552351518115
2001-09-16 00:00:00+00:00,496.61538461538464,4.538986009317679
2001-09-17 00:00:00+00:00,443.23776223776224,3.9361538511889798
2001-09-18 00:00:00+00:00,438.8916083916084,8.91293705093277
2001-09-19 00:00:00+00:00,416.85263157894735,5.569614038969341
2001-09-20 00:00:00+00:00,353.0120481927711,6.679116463565443
2001-09-21 00:00:00+00:00,335.52797202797206,8.56510490470833
2001-09-22 00:00:00+00:00,325.99649122807017,11.112912301849901
2001-09-23 00:00:00+00:00,452.4526315789474,11.28003509086475
2001-09-24 00:00:00+00:00,445.5524475524476,7.3174475398097005
2001-09-25 00:00:00+00:00,474.9475524475524,5.665069943958229
2001-09-26 00:00:00+00:00,578.3321678321678,4.891048955333816
2001-09-27 00:00:00+00:00,478.76140350877193,2.8048070071036357
2001-09-28 00:00:00+00:00,529.3321678321678,2.20545454250349
2001-09-29 00:00:00+00:00,600.4280701754386,4.276456143981532
2001-09-30 00:00:00+00:00,519.0769230769231,8.79818182891899
2001-10-01 00:00:00+00:00,500.16783216783216,6.489440570344458
2001-10-02 00:00:00+00:00,494.88461538461536,3.778951059688221
2001-10-03 00:00:00+00:00,528.8315789473684,7.710000017651341
2001-10-04 00:00:00+00:00,480.6245614035088,5.239649116783811
2001-10-05 00:00:00+00:00,399.01083032490976,6.526859192211275
2001-10-06 00:00:00+00:00,396.0769230769231,5.408216784884046
2001-10-07 00:00:00+00:00,356.986013986014,6.116643356276559
2001-10-08 00:00:00+00:00,377.729537366548,12.558718888360834
2001-10-09 00:00:00+00:00,427.7684210526316,9.403192998651873
2001-10-10 00:00:00+00:00,388.034965034965,4.554160837526922
2001-10-11 00:00:00+00:00,428.60915492957747,11.270140809072576
2001-10-12 00:00:00+00:00,493.36013986013984,9.065944082253463
2001-10-13 00:00:00+00:00,424.76223776223776,3.1192657297307793
2001-10-14 00:00:00+00:00,415.83916083916085,4.7505594521135714
2001-10-15 00:00:00+00:00,411.46153846153845,7.779545460547601
2001-10-16 00:00:00+00:00,371.0,7.789293300979129
2001-10-17 00:00:00+00:00,317.27272727272725,4.477832166048197
2001-10-18 00:00:00+00:00,307.98916967509024,8.565234661102295
2001-10-19 00:00:00+00:00,324.3041958041958,8.746923073188409
2001-10-20 00:00:00+00:00,367.6993006993007,7.702832165297928
2001-10-21 00:00:00+00:00,442.33916083916085,10.445034971603981
2001-10-22 00:00:00+00:00,579.6013986013986,7.863846151978819
2001-10-23 00:00:00+00:00,475.2692307692308,3.5809440496084575
2001-10-24 00:00:00+00:00,391.45104895104896,2.502202797394532
2001-10-25 00:00:00+00:00,419.8006993006993,9.215734273403674
2001-10-26 00:00:00+00:00,369.5769230769231,7.350629378032018
2001-10-27 00:00:00+00:00,384.006993006993,2.3955944099209527
2001-10-28 00:00:00+00:00,459.47202797202794,9.986993037737333
2001-10-29 00:00:00+00:00,416.534965034965,6.548146843910217
2001-10-30 00:00:00+00:00,391.66083916083915,2.8267832160829665
2001-10-31 00:00:00+00:00,350.1118881118881,6.4712587499118355
2001-11-01 00:00:00+00:00,339.5979020979021,6.258461531225618
2001-11-02 00:00:00+00:00,329.5104895104895,8.075524489362756
2001-11-03 00:00:00+00:00,318.3706293706294,9.55426574420262
2001-11-04 00:00:00+00:00,318.958041958042,9.011643348873912
2001-11-05 00:00:00+00:00,405.2649253731343,17.301791048761626
2001-11-06 00:00:00+00:00,726.1046931407942,6.757978367461194
2001-11-07 00:00:00+00:00,622.3321678321678,0.889405593067616
2001-11-08 00:00:00+00:00,515.5734265734266,1.6694055949891364
2001-11-09 00:00:00+00:00,481.96153846153845,2.420629371296276
2001-11-10 00:00:00+00:00,427.2307692307692,3.266503501188505
2001-11-11 00:00:00+00:00,431.486013986014,3.26024476339767
2001-11-12 00:00:00+00:00,422.76573426573424,3.790804201072746
2001-11-13 00:00:00+00:00,366.63986013986016,5.803811175006253
2001-11-14 00:00:00+00:00,316.0883392226148,11.223992947976075
2001-11-15 00:00:00+00:00,305.4507042253521,17.321866203361832
2001-11-16 00:00:00+00:00,361.7867132867133,8.691957999776294
2001-11-17 00:00:00+00:00,403.95104895104896,5.26909091505971
2001-11-18 00:00:00+00:00,387.17832167832165,6.6130419611097215
2001-11-19 00:00:00+00:00,440.2097902097902,7.940524500566763
2001-11-20 00:00:00+00:00,438.53146853146853,7.017797203330727
2001-11-21 00:00:00+00:00,369.280701754386,5.846596490291127
2001-11-22 00:00:00+00:00,416.25524475524475,5.550909096544439
2001-11-23 00:00:00+00:00,465.4526315789474,4.362491227869402
2001-11-24 00:00:00+00:00,779.416083916084,12.18066431957108
2001-11-25 00:00:00+00:00,667.0629370629371,1.7337412608565983
2001-11-26 00:00:00+00:00,554.8356643356643,1.002202795102046
2001-11-27 00:00:00+00:00,474.13684210526316,2.5839649079138773
2001-11-28 00:00:00+00:00,421.02097902097904,3.1351048971389557
2001-11-29 00:00:00+00:00,406.8531468531468,4.394965056772833
2001-11-30 00:00:00+00:00,363.0105263157895,5.315192996409902
2001-12-01 00:00:00+00:00,352.43356643356645,9.128321658481251
2001-12-02 00:00:00+00:00,355.4906367041198,11.767565600434493
2001-12-03 00:00:00+00:00,394.55594405594405,10.698426571759311
2001-12-04 00:00:00+00:00,481.4300699300699,5.078706302009262
2001-12-05 00:00:00+00:00,445.0944055944056,7.0244055944722845
2001-12-06 00:00:00+00:00,430.43706293706293,7.10202797309502
2001-12-07 00:00:00+00:00,459.07342657342656,4.467482516815612
2001-12-08 00:00:00+00:00,439.15734265734267,3.644790215925737
2001-12-09 00:00:00+00:00,392.3111888111888,3.3638111940630666
2001-12-10 00:00:00+00:00,364.97902097902096,5.375839170042451
2001-12-11 00:00:00+00:00,330.3157894736842,7.066526324288887
2001-12-12 00:00:00+00:00,335.9020979020979,14.8409440317354
2001-12-13 00:00:00+00:00,310.23508771929824,8.860842117510344
2001-12-14 00:00:00+00:00,318.52797202797206,15.324790182647172
2001-12-15 00:00:00+00:00,366.7867132867133,24.801888102418058
2001-12-16 00:00:00+00:00,507.34265734265733,8.447622387350856
2001-12-17 00:00:00+00:00,475.35087719298247,3.1277543898214373
2001-12-18 00:00:00+00:00,461.7097902097902,3.145699300549247
2001-12-19 00:00:00+00:00,398.33916083916085,3.7234265795954458
2001-12-20 00:00:00+00:00,370.2972027972028,4.31069930450066
2001-12-21 00:00:00+00:00,389.9160839160839,7.192342661477469
2001-12-22 00:00:00+00:00,381.0105263157895,5.425543861221849
2001-12-23 00:00:00+00:00,361.8,8.895789500286705
2001-12-24 00:00:00+00:00,519.1438596491228,7.452421044466789
2001-12-25 00:00:00+00:00,442.8636363636364,6.1920979031316055
2001-12-26 00:00:00+00:00,392.0531914893617,6.447588655965548
2001-12-27 00:00:00+00:00,367.3811188811189,7.081048955450525
2001-12-28 00:00:00+00:00,376.4195804195804,6.386818189721008
2001-12-29 00:00:00+00:00,401.4965034965035,30.476993014762453
2001-12-30 00:00:00+00:00,444.7535211267606,10.200422516171361
2001-12-31 00:00:00+00:00,547.3578947368421,5.532105266838743
2002-01-01 00:00:00+00:00,434.0804195804196,3.7482167915864424
2002-01-02 00:00:00+00:00,410.2832167832168,3.8178321806700914
2002-01-03 00:00:00+00:00,351.5944055944056,4.850594404694084
2002-01-04 00:00:00+00:00,319.2237762237762,6.045069947109356
2002-01-05 00:00:00+00:00,293.6188811188811,5.510559432990068
2002-01-06 00:00:00+00:00,301.75524475524475,11.757202802004514
2002-01-07 00:00:00+00:00,350.6888111888112,10.912657345925178
2002-01-08 00:00:00+00:00,383.65034965034965,6.868846145543185
2002-01-09 00:00:00+00:00,342.54895104895104,6.363671323636195
2002-01-10 00:00:00+00:00,489.16491228070174,9.26529824273628
2002-01-11 00:00:00+00:00,616.340350877193,4.914561406353064
2002-01-12 00:00:00+00:00,563.7937062937064,4.403846153012522
2002-01-13 00:00:00+00:00,518.43006993007,4.805454549255905
2002-01-14 00:00:00+00:00,465.25524475524475,4.398251744417044
2002-01-15 00:00:00+00:00,420.50704225352115,4.840492967148902
2002-01-16 00:00:00+00:00,379.64335664335664,6.196573427507094
2002-01-17 00:00:00+00:00,388.14335664335664,8.813706292972698
2002-01-18 00:00:00+00:00,334.12587412587413,8.718531490205885
2002-01-19 00:00:00+00:00,377.47902097902096,20.907342613993826
2002-01-20 00:00:00+00:00,456.75524475524475,7.535419551642625
2002-01-21 00:00:00+00:00,441.2902097902098,6.047622371386815
2002-01-22 00:00:00+00:00,380.02797202797206,5.556363633462599
2002-01-23 00:00:00+00:00,372.5874125874126,5.894230762561718
2002-01-24 00:00:00+00:00,368.65034965034965,5.921258719651015
2002-01-29 00:00:00+00:00,354.0,5.079999991825649
2002-01-30 00:00:00+00:00,330.55594405594405,6.190454551390001
2002-01-31 00:00:00+00:00,307.45454545454544,10.531748273155905
2002-02-01 00:00:00+00:00,345.8951048951049,18.692797133972594
2002-02-02 00:00:00+00:00,386.63120567375887,10.94436171460659
2002-02-03 00:00:00+00:00,370.29824561403507,7.080736833706236
2002-02-04 00:00:00+00:00,339.5531914893617,11.344397169478396
2002-02-05 00:00:00+00:00,355.0625,26.12093758583069
2002-02-11 00:00:00+00:00,559.78125,4.091562516987324
2002-02-12 00:00:00+00:00,514.7394366197183,5.11496479494471
2002-02-13 00:00:00+00:00,501.29122807017546,4.825228081251446
2002-02-14 00:00:00+00:00,416.2097902097902,4.379440556039343
2002-02-15 00:00:00+00:00,371.41052631578947,6.441438591271116
2002-02-16 00:00:00+00:00,338.7307692307692,7.0830419497056445
2002-02-17 00:00:00+00:00,407.6293706293706,11.051468530734935
2002-02-18 00:00:00+00:00,363.64335664335664,14.706293710461864
2002-02-19 00:00:00+00:00,395.25524475524475,7.110629378498851
2002-02-20 00:00:00+00:00,406.8666666666667,8.315508780563087
2002-02-21 00:00:00+00:00,434.6456140350877,5.026491227066308
2002-02-22 00:00:00+00:00,388.1468531468532,7.514895119867124
2002-02-23 00:00:00+00:00,359.4300699300699,5.622132864031759
2002-02-24 00:00:00+00:00,332.35664335664336,8.766643359110905
2002-02-25 00:00:00+00:00,333.4125874125874,9.66695807030151
2002-02-26 00:00:00+00:00,332.8006993006993,10.668076925344401
2002-02-27 00:00:00+00:00,334.9925373134328,10.28358206108435
2002-02-28 00:00:00+00:00,389.5244755244755,15.10646852079805
2002-03-01 00:00:00+00:00,393.72727272727275,8.032447547345729
2002-03-02 00:00:00+00:00,376.1363636363636,10.96695805012763
2002-03-03 00:00:00+00:00,348.3859649122807,14.213614056403177
2002-03-04 00:00:00+00:00,478.7027972027972,14.857867140869994
2002-03-05 00:00:00+00:00,657.6258741258741,4.746748250681204
2002-03-06 00:00:00+00:00,646.1789473684211,3.2390175417849894
2002-03-07 00:00:00+00:00,567.3321678321678,3.619930072264238
2002-03-08 00:00:00+00:00,473.43356643356645,3.6757342715363404
2002-03-09 00:00:00+00:00,413.4230769230769,4.896748255182813
2002-03-10 00:00:00+00:00,399.57342657342656,8.222727270393104
2002-03-11 00:00:00+00:00,379.513986013986,10.671678354690124
2002-03-12 00:00:00+00:00,452.1048951048951,7.106433578304477
2002-03-13 00:00:00+00:00,447.34965034965035,4.71811187600756
2002-03-14 00:00:00+00:00,394.48070175438596,4.096982465710556
2002-03-15 00:00:00+00:00,338.9125874125874,10.709650377293567
2002-03-16 00:00:00+00:00,312.09154929577466,13.95003520938712
2002-03-17 00:00:00+00:00,289.2974910394265,9.379390677243578
2002-03-18 00:00:00+00:00,376.7307692307692,27.768776283397543
2002-03-19 00:00:00+00:00,401.9612676056338,12.514084512918767
2002-03-20 00:00:00+00:00,454.6923076923077,5.448881129284839
2002-03-21 00:00:00+00:00,448.3041958041958,7.0199999938478
2002-03-22 00:00:00+00:00,433.79298245614035,5.842736843176056
2002-03-23 00:00:00+00:00,433.86713286713285,8.724405592971749
2002-03-24 00:00:00+00:00,442.7894736842105,9.064701783238796
2002-03-25 00:00:00+00:00,432.3881118881119,7.002832183262685
2002-03-26 00:00:00+00:00,490.09473684210525,5.173333335341069
2002-03-27 00:00:00+00:00,443.5122807017544,4.536947359955102
2002-03-28 00:00:00+00:00,369.3636363636364,5.5623426620776835
2002-03-29 00:00:00+00:00,330.13380281690144,11.676866225793328
2002-03-30 00:00:00+00:00,541.3951048951049,11.784720284121853
2002-03-31 00:00:00+00:00,697.4055944055945,5.850384624687941
2002-04-01 00:00:00+00:00,734.993006993007,2.81769230732551
2002-04-02 00:00:00+00:00,664.5543859649123,2.7417894735670925
2002-04-03 00:00:00+00:00,583.5559440559441,2.5703146878655976
2002-04-04 00:00:00+00:00,483.6842105263158,2.4117192975261754
2002-04-05 00:00:00+00:00,407.0944055944056,4.982307709597207
2002-04-06 00:00:00+00:00,368.5422535211268,5.606901398846801
2002-04-07 00:00:00+00:00,411.25524475524475,6.343846141041576
2002-04-08 00:00:00+00:00,361.513986013986,5.460629371496347
2002-04-09 00:00:00+00:00,322.3228070175439,10.31214036104972
2002-04-10 00:00:00+00:00,319.37894736842105,15.765263135809647
2002-04-11 00:00:00+00:00,452.11929824561406,11.37340346888492
2002-04-12 00:00:00+00:00,432.6013986013986,5.360419580986449
2002-04-13 00:00:00+00:00,391.9230769230769,9.169685310417123
2002-04-14 00:00:00+00:00,392.55594405594405,11.488181789438208
2002-04-15 00:00:00+00:00,343.6993006993007,13.118216804691128
2002-04-16 00:00:00+00:00,332.7902097902098,12.221748252015013
2002-04-17 00:00:00+00:00,459.54545454545456,15.871433569001152
2002-04-18 00:00:00+00:00,502.6818181818182,1.8877622432016825
2002-04-19 00:00:00+00:00,545.9614035087719,6.763859636532633
2002-04-20 00:00:00+00:00,548.9824561403509,4.455614032661706
2002-04-21 00:00:00+00:00,492.42657342657344,2.3793706277033664
2002-04-22 00:00:00+00:00,428.041958041958,4.443461544863828
2002-04-23 00:00:00+00:00,511.2561403508772,10.031508803785893
2002-04-24 00:00:00+00:00,488.0877192982456,5.616421050356146
2002-04-25 00:00:00+00:00,448.1489361702128,2.7813829843034137
2002-04-26 00:00:00+00:00,390.6818181818182,6.573391606757691
2002-04-27 00:00:00+00:00,425.46643109540634,9.831943466469593
2002-04-28 00:00:00+00:00,512.3263157894737,6.859087718160529
2002-04-29 00:00:00+00:00,508.92280701754385,4.080456149787233
2002-04-30 00:00:00+00:00,488.5359712230216,6.433525178929885
2003-05-01 00:00:00+00:00,633.2027972027972,4.211328679865057
2003-05-02 00:00:00+00:00,579.8986013986014,3.9740909129589586
2003-05-03 00:00:00+00:00,498.75174825174827,5.166433567767377
2003-05-04 00:00:00+00:00,418.33216783216784,5.102972033140543
2003-05-05 00:00:00+00:00,538.0314685314685,9.3259790260475
2003-05-06 00:00:00+00:00,717.0491803278688,4.3166803307220585
2003-05-07 00:00:00+00:00,723.3508771929825,4.2854035118169955
2003-05-08 00:00:00+00:00,744.8951048951049,3.3026223674520745
2003-05-09 00:00:00+00:00,805.7587412587412,3.0716433598028194
2003-05-10 00:00:00+00:00,612.4842105263158,3.382807015326985
2003-05-11 00:00:00+00:00,625.1993006993007,4.970244754652877
2003-05-12 00:00:00+00:00,673.3951048951049,3.5320978998304247
2003-05-13 00:00:00+00:00,715.8461538461538,3.977307702277924
2003-05-14 00:00:00+00:00,751.7797202797203,2.9137412659771793
2003-05-15 00:00:00+00:00,661.5104895104895,3.1573426531745006
2003-05-16 00:00:00+00:00,598.540350877193,2.8865263190185813
2003-05-17 00:00:00+00:00,514.7157894736843,3.5494736855490165
2003-05-18 00:00:00+00:00,434.4965034965035,6.755314663573579
2003-05-19 00:00:00+00:00,425.76140350877193,7.32824561303122
2003-05-20 00:00:00+00:00,420.5104895104895,7.302202799937108
2003-05-21 00:00:00+00:00,436.47202797202794,8.844790206088886
2003-05-22 00:00:00+00:00,491.1666666666667,6.144432627562935
2003-05-23 00:00:00+00:00,481.6713286713287,5.459720277286076
2003-05-24 00:00:00+00:00,502.993006993007,6.7690559442226705
2003-05-25 00:00:00+00:00,533.8127208480565,3.507420497732533
2003-05-26 00:00:00+00:00,485.06643356643355,4.803671331672402
2003-05-27 00:00:00+00:00,535.4842105263158,6.323894738314444
2003-05-28 00:00:00+00:00,674.7272727272727,4.809055932751902
2003-05-29 00:00:00+00:00,662.3345070422536,12.40690144308856
2003-05-30 00:00:00+00:00,659.8181818181819,12.00660840948145
2003-05-31 00:00:00+00:00,693.3496503496503,2.6570629369128835
2003-06-01 00:00:00+00:00,600.0629370629371,4.412132872151328
2003-06-02 00:00:00+00:00,710.3391608391609,5.340699306734792
2003-06-03 00:00:00+00:00,785.8380281690141,3.2541197160599937
2003-06-04 00:00:00+00:00,769.8280701754386,2.607719301759151
2003-06-05 00:00:00+00:00,608.9333333333333,2.503017542655008
2003-06-06 00:00:00+00:00,618.0419580419581,3.9031468479783387
2003-06-07 00:00:00+00:00,644.6958041958042,5.007167825332055
2003-06-08 00:00:00+00:00,725.2587412587412,4.274510497813458
2003-06-09 00:00:00+00:00,676.9125874125874,3.349055953792759
2003-06-10 00:00:00+00:00,694.4895104895105,3.2530069918065636
2003-06-11 00:00:00+00:00,644.5894736842105,2.482771925758897
2003-06-12 00:00:00+00:00,509.3710247349823,3.783568902066234
2003-06-13 00:00:00+00:00,435.8356643356643,7.847972020402655
2003-06-14 00:00:00+00:00,526.7676056338029,8.707042247476712
2003-06-15 00:00:00+00:00,549.6678321678322,9.29493005959304
2003-06-16 00:00:00+00:00,507.28771929824563,8.073333320910471
2003-06-17 00:00:00+00:00,500.59090909090907,7.781398613969762
2003-06-18 00:00:00+00:00,555.7614035087719,8.08108772143983
2003-06-19 00:00:00+00:00,559.1923076923077,4.60818181254647
2003-06-20 00:00:00+00:00,537.0804195804196,5.105804180765485
2003-06-21 00:00:00+00:00,531.0526315789474,4.759298251804553
2003-06-22 00:00:00+00:00,531.5804195804196,4.801048943212816
2003-06-23 00:00:00+00:00,506.23426573426576,4.6960139733094435
2003-06-24 00:00:00+00:00,543.7902097902098,5.100734263866931
2003-06-25 00:00:00+00:00,557.5547703180212,4.636537118008617
2003-06-26 00:00:00+00:00,592.8297101449275,6.820289846779644
2003-06-27 00:00:00+00:00,707.1801470588235,5.264999998842969
2003-06-28 00:00:00+00:00,731.9545454545455,4.654696959437746
2003-06-29 00:00:00+00:00,745.9248554913295,3.1285549133499235
2003-06-30 00:00:00+00:00,768.3297297297297,2.6904864891155347
2003-07-01 00:00:00+00:00,624.3636363636364,2.353181838989258
2003-07-02 00:00:00+00:00,484.4390243902439,5.6478048592078975
2003-07-03 00:00:00+00:00,549.1376811594203,5.747681163359379
2003-07-04 00:00:00+00:00,727.0666666666667,2.5111999956766766
2003-07-05 00:00:00+00:00,721.203125,1.9699999950826168
2003-07-06 00:00:00+00:00,696.3522727272727,2.826136364178224
2003-07-07 00:00:00+00:00,575.9387755102041,2.3157142814324825
2003-07-08 00:00:00+00:00,459.29842931937173,1.6959685829921542
2003-07-09 00:00:00+00:00,414.2608695652174,2.778152185937633
2003-07-10 00:00:00+00:00,362.6818181818182,10.080795461481268
2003-07-11 00:00:00+00:00,412.77972027972027,11.628846136006443
2003-07-12 00:00:00+00:00,625.0559440559441,3.6366083947095005
2003-07-13 00:00:00+00:00,561.2062937062936,4.7403146903831646
2003-07-14 00:00:00+00:00,489.28915662650604,7.11574296970444
2003-07-15 00:00:00+00:00,574.3461538461538,4.53702798089781
2003-07-16 00:00:00+00:00,594.916083916084,7.114370642008481
2003-07-17 00:00:00+00:00,607.6398601398602,3.6914685351865275
2003-07-18 00:00:00+00:00,536.9545454545455,5.267587415821902
2003-07-19 00:00:00+00:00,555.4125874125874,6.673531469765243
2003-07-20 00:00:00+00:00,632.0909090909091,2.784090909090909
2003-07-21 00:00:00+00:00,461.0839160839161,2.556048952616178
2003-07-22 00:00:00+00:00,449.45104895104896,2.9546153895504825
2003-07-23 00:00:00+00:00,437.8701754385965,5.183719317954883
2003-07-24 00:00:00+00:00,416.465034965035,5.668496491192104
2003-07-25 00:00:00+00:00,332.6771929824561,8.431333343606246
2003-07-26 00:00:00+00:00,406.37455830388694,22.56699650616191
2003-07-27 00:00:00+00:00,688.6293706293707,2.7977972034807808
2003-07-28 00:00:00+00:00,624.8697183098592,5.580739428459759
2003-07-29 00:00:00+00:00,735.2797202797203,3.9666783184438317
2003-07-30 00:00:00+00:00,750.3181818181819,3.1320979019978665
2003-07-31 00:00:00+00:00,753.8561403508772,2.8940000027940984
2003-08-01 00:00:00+00:00,751.8251748251748,2.539545448926779
2003-08-02 00:00:00+00:00,726.5901060070671,2.324416961349784
2003-08-03 00:00:00+00:00,615.5316901408451,2.879225348922568
2003-08-04 00:00:00+00:00,525.1258741258741,4.724090932132481
2003-08-05 00:00:00+00:00,443.85915492957747,6.117676062483183
2003-08-06 00:00:00+00:00,493.62277580071174,7.675231334577676
2003-08-07 00:00:00+00:00,537.259649122807,6.74656140762463
2003-08-08 00:00:00+00:00,712.8362989323844,4.818185056231624
2003-08-09 00:00:00+00:00,680.1302816901408,3.145598592892499
2003-08-10 00:00:00+00:00,595.3052631578947,2.9517193032984146
2003-08-11 00:00:00+00:00,562.8444444444444,5.243666662110223
2003-08-12 00:00:00+00:00,658.3936170212766,3.8913120597812303
2003-08-13 00:00:00+00:00,596.1194690265487,3.765530977628927
2003-08-14 00:00:00+00:00,549.4569288389513,4.311310870817092
2003-08-15 00:00:00+00:00,565.4105263157895,4.70859648470293
2003-08-16 00:00:00+00:00,538.1209964412811,3.949608542316749
2003-08-17 00:00:00+00:00,477.7062937062937,8.380594411930003
2003-08-18 00:00:00+00:00,487.2237762237762,4.580384610207765
2003-08-19 00:00:00+00:00,430.25088339222617,6.423462919969862
2003-08-20 00:00:00+00:00,425.23508771929824,10.865964889526367
2003-08-21 00:00:00+00:00,641.5929824561404,8.592491225192422
2003-08-22 00:00:00+00:00,744.2035087719298,3.7916842184568704
2003-08-23 00:00:00+00:00,734.5629370629371,2.3912936965902367
2003-08-24 00:00:00+00:00,590.7296296296296,3.47296296843776
2003-08-25 00:00:00+00:00,617.5419580419581,2.050804194453713
2003-08-26 00:00:00+00:00,509.6958041958042,3.1565035006383084
2003-08-27 00:00:00+00:00,452.82167832167835,3.780769229768873
2003-08-28 00:00:00+00:00,414.78169014084506,10.476514069127365
2003-08-29 00:00:00+00:00,499.6118881118881,6.390000016539247
2003-08-30 00:00:00+00:00,545.9545454545455,3.74076922873517
2003-08-31 00:00:00+00:00,426.6293706293706,4.805489509255736
2004-09-01 00:00:00+00:00,480.3916083916084,3.8436363668708533
2004-09-02 00:00:00+00:00,460.38461538461536,3.89653846850762
2004-09-03 00:00:00+00:00,381.87368421052633,5.143649118825009
2004-09-04 00:00:00+00:00,326.1013986013986,9.946048943312851
2004-09-05 00:00:00+00:00,335.8356643356643,11.921048907550064
2004-09-06 00:00:00+00:00,400.8356643356643,6.835594406494727
2004-09-07 00:00:00+00:00,425.5244755244755,4.9399300680293905
2004-09-08 00:00:00+00:00,398.03846153846155,3.6732517472513906
2004-09-09 00:00:00+00:00,351.9392857142857,4.674392851761409
2004-09-10 00:00:00+00:00,333.0042372881356,3.9046610166965903
2004-09-11 00:00:00+00:00,292.3320895522388,8.253358200414857
2004-09-12 00:00:00+00:00,303.3006993006993,4.950559454781192
2004-09-13 00:00:00+00:00,344.18531468531467,9.60195797640127
2004-09-14 00:00:00+00:00,574.0314685314685,10.043811176206683
2004-09-15 00:00:00+00:00,566.7132867132867,2.296083915692109
2004-09-16 00:00:00+00:00,534.7692307692307,4.226993023098766
2004-09-17 00:00:00+00:00,497.0502092050209,5.604560675481373
2004-09-18 00:00:00+00:00,450.54954954954957,3.3511711863784104
2004-09-19 00:00:00+00:00,373.780701754386,5.378684213286952
2004-09-20 00:00:00+00:00,395.9944751381216,9.880883946603173
2004-09-21 00:00:00+00:00,413.50993377483445,7.543377481548991
2004-09-22 00:00:00+00:00,463.6466165413534,7.12082704924103
2004-09-23 00:00:00+00:00,440.69444444444446,3.770416665408346
2004-09-24 00:00:00+00:00,419.81538461538463,3.7773077102807853
2004-09-25 00:00:00+00:00,382.8095238095238,3.7682142896311626
2004-09-26 00:00:00+00:00,362.0272727272727,4.327090909264305
2004-09-27 00:00:00+00:00,362.55625,9.427874985337258
2004-09-28 00:00:00+00:00,387.87368421052633,7.536000020880448
2004-09-29 00:00:00+00:00,390.3430656934307,6.253211670548376
2004-09-30 00:00:00+00:00,367.77272727272725,5.758787906531132
2004-10-01 00:00:00+00:00,325.53246753246754,9.562597404826771
2004-10-02 00:00:00+00:00,357.94055944055947,12.824335671805002
2004-10-03 00:00:00+00:00,372.8916083916084,11.019930065928639
2004-10-04 00:00:00+00:00,381.24475524475525,9.23489512263478
2004-10-05 00:00:00+00:00,350.2902097902098,5.929300690030718
2004-10-06 00:00:00+00:00,316.53333333333336,6.16852632656432
2004-10-07 00:00:00+00:00,280.4925373134328,9.709813441803206
2004-10-08 00:00:00+00:00,325.493006993007,16.31916087824148
2004-10-09 00:00:00+00:00,354.4877192982456,7.1683508889716965
2004-10-10 00:00:00+00:00,377.24475524475525,5.740769239572378
2004-10-11 00:00:00+00:00,415.40492957746477,6.697323938490639
2004-10-12 00:00:00+00:00,425.87412587412587,6.2449300639279235
2004-10-13 00:00:00+00:00,456.62105263157895,9.572666680185419
2004-10-14 00:00:00+00:00,525.993006993007,4.575664323526663
2004-10-15 00:00:00+00:00,484.6818181818182,3.61311187277307
2004-10-16 00:00:00+00:00,385.7867132867133,4.7396853095168
2004-10-17 00:00:00+00:00,308.9475524475524,6.922517478049218
2004-10-18 00:00:00+00:00,304.38461538461536,10.230489504087222
2004-10-19 00:00:00+00:00,337.2762237762238,11.315314704721624
2004-10-20 00:00:00+00:00,410.0944055944056,11.292797193660602
2004-10-21 00:00:00+00:00,420.17543859649123,6.637859649825514
2004-10-22 00:00:00+00:00,401.4456140350877,5.19621053076627
2004-10-23 00:00:00+00:00,369.55944055944053,6.647307695208729
2004-10-24 00:00:00+00:00,448.85263157894735,8.829929816932008
2004-10-25 00:00:00+00:00,471.72027972027973,9.45412584534892
2004-10-26 00:00:00+00:00,441.6219081272085,2.961802120343535
2004-10-27 00:00:00+00:00,392.6561403508772,6.076421037473176
2004-10-28 00:00:00+00:00,329.47202797202794,9.277447520436107
2004-10-29 00:00:00+00:00,327.006993006993,15.039440561841419
2004-10-30 00:00:00+00:00,417.5769230769231,8.054685339227422
2004-10-31 00:00:00+00:00,436.1293706293706,6.24839158575018
2004-11-01 00:00:00+00:00,402.4416961130742,3.6427561857675075
2004-11-02 00:00:00+00:00,356.6736842105263,7.561438598967435
2004-11-03 00:00:00+00:00,362.8612099644128,11.880462617636576
2004-11-04 00:00:00+00:00,432.3181818181818,8.431188826794392
2004-11-05 00:00:00+00:00,381.8456140350877,5.368771951240405
2004-11-06 00:00:00+00:00,337.7762237762238,4.89248251914978
2004-11-07 00:00:00+00:00,469.19787985865725,15.52289750634992
2004-11-08 00:00:00+00:00,677.8350877192983,3.125999990785331
2004-11-09 00:00:00+00:00,679.8601398601398,6.7388811261503845
2004-11-10 00:00:00+00:00,708.4125874125874,5.149685309900271
2004-11-11 00:00:00+00:00,607.4,4.877294104473264
2004-11-12 00:00:00+00:00,592.4645390070922,5.695070919204266
2004-11-13 00:00:00+00:00,486.09859154929575,4.5084507003636425
2004-11-14 00:00:00+00:00,480.8041958041958,3.6084615392284793
2004-11-15 00:00:00+00:00,430.25174825174827,4.009300706269857
2004-11-16 00:00:00+00:00,413.8951048951049,8.040629365227439
2004-11-17 00:00:00+00:00,407.8181818181818,4.507097908666918
2004-11-18 00:00:00+00:00,360.3811188811189,4.452587425291955
2004-11-19 00:00:00+00:00,358.5438596491228,12.564491218433046
2004-11-20 00:00:00+00:00,464.4475524475524,11.8910139957508
2004-11-21 00:00:00+00:00,599.9405594405595,4.3485314654303595
2004-11-22 00:00:00+00:00,534.3111888111888,3.5952447611135203
2004-11-23 00:00:00+00:00,436.6771653543307,5.74106298234519
2004-11-24 00:00:00+00:00,420.9055944055944,7.761748253882348
2004-11-25 00:00:00+00:00,514.4895104895105,5.816188819758542
2004-11-26 00:00:00+00:00,461.74825174825173,4.397972031489952
2004-11-27 00:00:00+00:00,414.54545454545456,4.697167833368261
2004-11-28 00:00:00+00:00,395.33216783216784,10.140209800713546
2004-11-29 00:00:00+00:00,526.6923076923077,8.920279731283655
2004-11-30 00:00:00+00:00,620.8356643356643,4.647027973528509
2004-12-01 00:00:00+00:00,614.4230769230769,2.6616083942093214
2004-12-02 00:00:00+00:00,484.53146853146853,2.656853149404059
2004-12-03 00:00:00+00:00,412.76491228070176,3.508631586610225
2004-12-04 00:00:00+00:00,340.67832167832165,5.048531454759878
2004-12-05 00:00:00+00:00,407.6923076923077,17.275594427869038
2004-12-06 00:00:00+00:00,424.16083916083915,6.886608390541343
2004-12-07 00:00:00+00:00,500.06315789473683,3.7219649080644572
2004-12-08 00:00:00+00:00,476.14503816793894,5.338091599122259
2004-12-09 00:00:00+00:00,419.7,5.70733335018158
2004-12-10 00:00:00+00:00,412.0699300699301,5.557027981831477
2004-12-11 00:00:00+00:00,497.9003558718861,8.112419933610964
2004-12-12 00:00:00+00:00,438.5104895104895,15.702272772789001
2004-12-13 00:00:00+00:00,405.8231046931408,4.4162454966603635
2004-12-14 00:00:00+00:00,392.3489932885906,5.90718121496623
2004-12-15 00:00:00+00:00,385.24852071005915,6.775562139657827
2004-12-16 00:00:00+00:00,462.95604395604397,9.6614285668174
2004-12-17 00:00:00+00:00,629.9757575757576,5.59824242736354
2004-12-18 00:00:00+00:00,589.0550458715596,3.4371559827699576
2004-12-19 00:00:00+00:00,464.9076923076923,4.427307693774884
2004-12-20 00:00:00+00:00,396.410447761194,6.040597029586337
2004-12-21 00:00:00+00:00,425.71153846153845,10.786057692307692
2004-12-22 00:00:00+00:00,528.2444444444444,8.759333303239611
2004-12-23 00:00:00+00:00,401.6521739130435,3.9565217507922132
2004-12-24 00:00:00+00:00,374.0163934426229,7.021803302843063
2004-12-25 00:00:00+00:00,464.84615384615387,9.576923071683108
2004-12-26 00:00:00+00:00,490.5268817204301,5.354032244733585
2004-12-27 00:00:00+00:00,484.8356643356643,7.898916078614188
2004-12-28 00:00:00+00:00,456.6713286713287,3.873951057454089
2004-12-29 00:00:00+00:00,426.56643356643355,8.741398635444108
2004-12-30 00:00:00+00:00,499.63986013986016,9.231503489134194
2004-12-31 00:00:00+00:00,450.33216783216784,4.85930069676646
2005-01-01 00:00:00+00:00,466.14335664335664,9.237552449419782
2005-01-02 00:00:00+00:00,728.6468531468531,3.959580426866358
2005-01-03 00:00:00+00:00,624.6503496503497,4.285209789142742
2005-01-04 00:00:00+00:00,718.1118881118881,3.237412590246934
2005-01-05 00:00:00+00:00,657.8531468531469,2.820699299965705
2005-01-06 00:00:00+00:00,546.978947368421,2.8657543839069834
2005-01-07 00:00:00+00:00,553.5454545454545,5.3583216721361335
2005-01-08 00:00:00+00:00,512.9090909090909,8.158881103242194
2005-01-09 00:00:00+00:00,454.5,4.432447550180075
2005-01-10 00:00:00+00:00,420.2412587412587,7.796118872982639
2005-01-11 00:00:00+00:00,428.6083916083916,7.650874121622606
2005-01-12 00:00:00+00:00,619.2902097902098,8.354580424882315
2005-01-13 00:00:00+00:00,716.8986013986014,2.720139861940504
2005-01-14 00:00:00+00:00,581.6013986013986,3.896923081024543
2005-01-15 00:00:00+00:00,627.8653846153846,6.896153844319857
2005-01-16 00:00:00+00:00,565.7061611374407,5.866113753115396
2005-01-17 00:00:00+00:00,623.534965034965,15.418286729942668
2005-01-18 00:00:00+00:00,664.1643356643357,4.321328689689403
2005-01-19 00:00:00+00:00,815.2517482517483,1.8116783180853704
2005-01-20 00:00:00+00:00,711.2985611510792,2.003597124553413
2005-01-21 00:00:00+00:00,690.4491228070175,9.408035113936977
2005-01-22 00:00:00+00:00,781.9545454545455,3.482867126073037
2005-01-23 00:00:00+00:00,659.7429577464789,2.0648943622347335
2005-01-24 00:00:00+00:00,570.193661971831,2.37186619765322
2005-01-25 00:00:00+00:00,446.7298245614035,3.515754393109104
2005-01-26 00:00:00+00:00,372.34965034965035,5.12391608661705
2005-01-27 00:00:00+00:00,336.3321554770318,9.126077720217486
2005-01-28 00:00:00+00:00,383.5979020979021,10.631293696957036
2005-01-29 00:00:00+00:00,472.2140350877193,10.959052679831522
2005-01-30 00:00:00+00:00,580.048951048951,4.678951036679995
2005-01-31 00:00:00+00:00,601.6877192982456,3.540421051937237
2005-02-01 00:00:00+00:00,550.3992932862191,1.6342402782962515
2005-02-02 00:00:00+00:00,488.3228070175439,4.279017547975506
2005-02-03 00:00:00+00:00,504.3531468531468,4.150699294530428
2005-02-04 00:00:00+00:00,453.1993006993007,3.436188814523337
2005-02-05 00:00:00+00:00,373.0874125874126,6.2023076961090515
2005-02-06 00:00:00+00:00,387.56382978723406,11.571382963911017
2005-02-07 00:00:00+00:00,543.339222614841,11.290318040039008
2005-02-08 00:00:00+00:00,682.3811188811189,4.472517484551543
2005-02-09 00:00:00+00:00,727.0769230769231,3.413111882609921
2005-02-10 00:00:00+00:00,706.2552447552448,2.9812587382910136
2005-02-11 00:00:00+00:00,614.8671328671329,3.2390909103246837
2005-02-12 00:00:00+00:00,529.3216783216783,2.5283566434066613
2005-02-13 00:00:00+00:00,393.7368421052632,5.69715789159139
2005-02-14 00:00:00+00:00,381.1993006993007,8.09395104521638
2005-02-15 00:00:00+00:00,374.6643356643357,8.769510505916355
2005-02-16 00:00:00+00:00,406.3251748251748,10.122307705712485
2005-02-17 00:00:00+00:00,398.88461538461536,8.825069922667284
2005-02-18 00:00:00+00:00,522.8251748251748,8.03220282130308
2005-02-19 00:00:00+00:00,521.2097902097902,4.4843706373984995
2005-02-20 00:00:00+00:00,458.0769230769231,4.558251742716436
2005-02-21 00:00:00+00:00,407.62105263157895,4.129157890353286
2005-02-22 00:00:00+00:00,367.041958041958,7.998881103275539
2005-02-23 00:00:00+00:00,384.97902097902096,7.358496491725628
2005-02-24 00:00:00+00:00,400.2937062937063,9.891538468274204
2005-02-25 00:00:00+00:00,502.7157894736842,7.327684198346055
2005-02-26 00:00:00+00:00,516.2210526315789,5.924631579717
2005-02-27 00:00:00+00:00,517.06993006993,5.318566434450083
2005-02-28 00:00:00+00:00,589.520979020979,3.7670279753791704
2005-03-01 00:00:00+00:00,628.5034965034965,3.400244759512948
2005-03-02 00:00:00+00:00,619.3298245614035,2.8396842069793164
2005-03-03 00:00:00+00:00,507.6188811188811,2.8112587470274706
2005-03-04 00:00:00+00:00,415.7437722419929,3.936975092226076
2005-03-05 00:00:00+00:00,384.9822695035461,11.291276615562168
2005-03-06 00:00:00+00:00,541.8006993006993,10.724825185495657
2005-03-07 00:00:00+00:00,651.013986013986,5.122797212400637
2005-03-08 00:00:00+00:00,730.1268115942029,2.9388043530609296
2005-03-09 00:00:00+00:00,692.0093023255814,3.6615814031556595
2005-03-10 00:00:00+00:00,634.3531468531469,2.5049300685629143
2005-03-11 00:00:00+00:00,525.6801619433198,2.317530369469029
2005-03-12 00:00:00+00:00,403.1888111888112,3.1840559452563735
2005-03-13 00:00:00+00:00,347.1643356643357,6.243251746351069
2005-03-14 00:00:00+00:00,377.45454545454544,11.037097885892107
2005-03-15 00:00:00+00:00,373.2043795620438,7.222992712563842
2005-03-16 00:00:00+00:00,387.9895104895105,7.147202796869345
2005-03-17 00:00:00+00:00,400.22456140350874,10.603473675041869
2005-03-18 00:00:00+00:00,415.13286713286715,7.553636363336256
2005-03-19 00:00:00+00:00,414.21754385964914,5.143438593964827
2005-03-20 00:00:00+00:00,370.0422535211268,4.393239441891791
2005-03-21 00:00:00+00:00,388.4887640449438,4.8923033475875854
2005-03-22 00:00:00+00:00,382.7808219178082,5.133196342481326
2005-03-23 00:00:00+00:00,319.5035211267606,10.104119722272308
2005-03-24 00:00:00+00:00,343.4755244755245,13.087937091613982
2005-03-25 00:00:00+00:00,561.7832167832167,8.055139845901437
2005-03-26 00:00:00+00:00,651.5352112676056,3.006267608051569
2005-03-27 00:00:00+00:00,580.0105263157894,2.8517894703045226
2005-03-28 00:00:00+00:00,509.04761904761904,1.9744047527275388
2005-03-29 00:00:00+00:00,479.5347593582888,4.091336896712767
2005-03-30 00:00:00+00:00,449.5845070422535,3.688415507195701
2005-03-31 00:00:00+00:00,472.46153846153845,4.227167823097923
2005-04-01 00:00:00+00:00,414.4526315789474,5.414245608396698
2005-04-02 00:00:00+00:00,351.6118881118881,7.1091958192678595
2005-04-03 00:00:00+00:00,344.6363636363636,12.786573393361552
2005-04-04 00:00:00+00:00,478.3636363636364,8.616643353775665
2005-04-05 00:00:00+00:00,617.0594405594405,3.7629370597692637
2005-04-06 00:00:00+00:00,543.9755244755245,3.880489511089725
2005-04-07 00:00:00+00:00,432.26223776223776,2.9379021004363373
2005-04-08 00:00:00+00:00,369.68531468531467,3.9584265872315094
2005-04-09 00:00:00+00:00,320.54895104895104,7.828531448657696
2005-04-10 00:00:00+00:00,336.1748251748252,9.009475519607117
2005-04-11 00:00:00+00:00,362.64335664335664,14.72269232123048
2005-04-12 00:00:00+00:00,480.465034965035,7.727272715601888
2005-04-13 00:00:00+00:00,587.6083916083916,6.161573430874965
2005-04-14 00:00:00+00:00,535.6188811188811,3.385174822140407
2005-04-15 00:00:00+00:00,487.534965034965,3.307272729340133
2005-04-16 00:00:00+00:00,449.1468531468532,2.8751748325107815
2005-04-17 00:00:00+00:00,393.34965034965035,4.525244746174845
2005-04-18 00:00:00+00:00,373.6958041958042,6.194265739067451
2005-04-19 00:00:00+00:00,356.25174825174827,11.809790147768034
2005-04-20 00:00:00+00:00,496.66783216783216,8.073916081781988
2005-04-21 00:00:00+00:00,494.36491228070173,2.4720701817880597
2005-04-22 00:00:00+00:00,453.74825174825173,5.214055941655086
2005-04-23 00:00:00+00:00,529.3706293706293,5.214615385015528
2005-04-24 00:00:00+00:00,544.06993006993,2.9979370653212487
2005-04-25 00:00:00+00:00,508.7167832167832,3.1953496478654286
2005-04-26 00:00:00+00:00,436.8286713286713,2.5711888112388293
2005-04-27 00:00:00+00:00,383.3178571428571,3.717321425676346
2005-04-28 00:00:00+00:00,349.82167832167835,4.678181819982462
2005-04-29 00:00:00+00:00,358.1223776223776,10.073741282616462
2005-04-30 00:00:00+00:00,547.520979020979,7.00783216619825
2006-05-01 00:00:00+00:00,307.9160839160839,5.744790203087813
2006-05-02 00:00:00+00:00,300.2062937062937,5.824650349316897
2006-05-03 00:00:00+00:00,288.0839160839161,10.821538491682572
2006-05-04 00:00:00+00:00,327.53146853146853,18.549125864789204
2006-05-05 00:00:00+00:00,343.07342657342656,13.933391622730069
2006-05-06 00:00:00+00:00,422.1013986013986,13.048986031458927
2006-05-07 00:00:00+00:00,612.1223776223776,4.351433569734747
2006-05-08 00:00:00+00:00,558.5769230769231,2.107867134409351
2006-05-09 00:00:00+00:00,460.02097902097904,2.5327622377789103
2006-05-10 00:00:00+00:00,389.40909090909093,7.903566445504035
2006-05-11 00:00:00+00:00,560.3601398601398,5.540944075250959
2006-05-12 00:00:00+00:00,617.1978417266187,2.3006115088359915
2006-05-13 00:00:00+00:00,601.5874125874126,2.5701398603566044
2006-05-14 00:00:00+00:00,513.1608391608391,3.357657343357593
2006-05-15 00:00:00+00:00,411.45104895104896,3.35059439635777
2006-05-16 00:00:00+00:00,349.42657342657344,3.800454545687962
2006-05-17 00:00:00+00:00,336.986013986014,10.604021007364446
2006-05-18 00:00:00+00:00,457.041958041958,10.305944086788418
2006-05-19 00:00:00+00:00,552.3811188811189,2.952727267792175
2006-05-20 00:00:00+00:00,506.8086642599278,3.0712996316730763
2006-05-21 00:00:00+00:00,459.8531468531468,3.728426574827074
2006-05-22 00:00:00+00:00,458.6958041958042,4.6867832137154535
2006-05-23 00:00:00+00:00,443.9825174825175,3.8665734271069505
2006-05-24 00:00:00+00:00,374.8356643356643,6.818146874020983
2006-05-25 00:00:00+00:00,332.61538461538464,9.717867127665272
2006-05-26 00:00:00+00:00,336.9890510948905,5.973686126026794
2006-05-27 00:00:00+00:00,302.9755244755245,6.346818172014677
2006-05-28 00:00:00+00:00,321.3531468531468,9.772167831034093
2006-05-29 00:00:00+00:00,308.90909090909093,5.550769225700752
2006-05-30 00:00:00+00:00,320.7307692307692,17.180384557563944
2006-05-31 00:00:00+00:00,366.1017543859649,11.71722805625514
2006-06-01 00:00:00+00:00,463.6245614035088,8.20698246872216
2006-06-02 00:00:00+00:00,562.1510416666666,3.951927080129584
2006-06-03 00:00:00+00:00,538.8142857142857,2.868000004546983
2006-06-04 00:00:00+00:00,413.41754385964913,3.769964909971806
2006-06-05 00:00:00+00:00,360.03846153846155,5.1042307665298035
2006-06-06 00:00:00+00:00,426.46534653465346,9.539009868508519
2006-06-07 00:00:00+00:00,614.0140186915888,4.684953270671524
2006-06-08 00:00:00+00:00,623.2323943661971,3.5616549299636358
2006-06-09 00:00:00+00:00,619.3951048951049,2.5702797145276635
2006-06-10 00:00:00+00:00,556.1643356643357,2.830839165440806
2006-06-11 00:00:00+00:00,467.3811188811189,3.958111898048774
2006-06-12 00:00:00+00:00,387.8811188811189,4.262587415588485
2006-06-13 00:00:00+00:00,353.4347826086956,6.111557969148608
2006-06-14 00:00:00+00:00,391.84965034965035,7.857482502510497
2006-06-15 00:00:00+00:00,576.0565371024735,4.811201403082049
2006-06-16 00:00:00+00:00,579.0664335664336,2.0805594458446635
2006-06-17 00:00:00+00:00,573.6433566433567,2.801048953633208
2006-06-18 00:00:00+00:00,548.0314685314685,2.5672727235547312
2006-06-19 00:00:00+00:00,449.493006993007,2.2175174814004164
2006-06-20 00:00:00+00:00,370.6188811188811,4.75534965358414
2006-06-21 00:00:00+00:00,334.85664335664336,7.144230750057247
2006-06-22 00:00:00+00:00,327.38461538461536,12.195209775771295
2006-06-23 00:00:00+00:00,322.993006993007,4.9866433343687255
2006-06-24 00:00:00+00:00,300.965034965035,8.420034975438686
2006-06-25 00:00:00+00:00,307.44055944055947,7.731118879118166
2006-06-26 00:00:00+00:00,284.14335664335664,6.8547202823879
2006-06-27 00:00:00+00:00,310.22027972027973,12.573006988405348
2006-06-28 00:00:00+00:00,501.8531468531468,8.488461531125582
2006-06-29 00:00:00+00:00,551.1713286713286,4.839580421681171
2006-06-30 00:00:00+00:00,490.7097902097902,3.855944054943698
2006-07-01 00:00:00+00:00,435.1923076923077,3.552622377455651
2006-07-02 00:00:00+00:00,362.7237762237762,6.645349638445394
2006-07-03 00:00:00+00:00,307.3986013986014,9.104475506535778
2006-07-04 00:00:00+00:00,398.7027972027972,14.578251745317365
2006-07-05 00:00:00+00:00,617.5524475524476,2.905979026030827
2006-07-06 00:00:00+00:00,578.1783216783217,2.796608386756657
2006-07-07 00:00:00+00:00,505.1713286713287,3.193216787351595
2006-07-08 00:00:00+00:00,410.0,2.99727272862321
2006-07-09 00:00:00+00:00,359.4055944055944,4.639475528176848
2006-07-10 00:00:00+00:00,390.6083916083916,7.555454560926744
2006-07-11 00:00:00+00:00,384.4895104895105,10.374160844962914
2006-07-12 00:00:00+00:00,508.63986013986016,5.549825163571151
2006-07-13 00:00:00+00:00,473.46666666666664,2.6121403597948842
2006-07-14 00:00:00+00:00,429.34265734265733,6.374965046252404
2006-07-15 00:00:00+00:00,430.7867132867133,3.3435664414525865
2006-07-16 00:00:00+00:00,368.9125874125874,5.135454545487891
2006-07-17 00:00:00+00:00,351.3706293706294,6.0784964911587585
2006-07-18 00:00:00+00:00,317.2412587412587,7.633041965377914
2006-07-19 00:00:00+00:00,283.8041958041958,9.250489523360779
2006-07-20 00:00:00+00:00,295.1293706293706,9.281783222318529
2006-07-21 00:00:00+00:00,283.05594405594405,7.371993001524385
2006-07-22 00:00:00+00:00,307.534965034965,7.49104894958176
2006-07-23 00:00:00+00:00,317.47202797202794,7.493706291372126
2006-07-24 00:00:00+00:00,338.3916083916084,7.723181816247793
2006-07-25 00:00:00+00:00,344.75524475524475,11.814055964663313
2006-07-26 00:00:00+00:00,344.9160839160839,7.377552452620926
2006-07-27 00:00:00+00:00,377.95087719298243,11.543508777283785
2006-07-28 00:00:00+00:00,613.8006993006993,3.5904895067214966
2006-07-29 00:00:00+00:00,480.8133802816901,2.8475000027199866
2006-07-30 00:00:00+00:00,403.4375,6.055441173560479
2006-07-31 00:00:00+00:00,496.9125874125874,8.571118875816985
2006-08-01 00:00:00+00:00,579.2657342657343,5.738916076563455
2006-08-02 00:00:00+00:00,543.1118881118881,3.254650346049062
2006-08-03 00:00:00+00:00,516.1157894736842,2.5074736825206823
2006-08-04 00:00:00+00:00,406.9475524475524,4.351118892639667
2006-08-05 00:00:00+00:00,369.1142857142857,5.48228571840695
2006-08-06 00:00:00+00:00,342.62587412587413,10.078111873640047
2006-08-07 00:00:00+00:00,529.6013986013986,11.3532866698045
2006-08-08 00:00:00+00:00,593.0314685314685,2.7005594443608
2006-08-09 00:00:00+00:00,507.5104895104895,2.964125864989274
2006-08-10 00:00:00+00:00,436.7867132867133,3.4569930125783372
2006-08-11 00:00:00+00:00,449.7972027972028,4.034300704936047
2006-08-12 00:00:00+00:00,430.7027972027972,3.609825176792545
2006-08-13 00:00:00+00:00,354.65734265734267,5.731853162492071
2006-08-14 00:00:00+00:00,309.5543859649123,6.211263161374812
2006-08-15 00:00:00+00:00,300.0,11.49328671802174
2006-08-16 00:00:00+00:00,302.2237762237762,8.353846166517352
2006-08-17 00:00:00+00:00,324.1468531468532,12.801573399897222
2006-08-18 00:00:00+00:00,365.2237762237762,8.39772727106001
2006-08-19 00:00:00+00:00,423.1578947368421,9.317122803236309
2006-08-20 00:00:00+00:00,406.42105263157896,7.238000010607536
2006-08-21 00:00:00+00:00,408.1363636363636,3.6499300707470286
2006-08-22 00:00:00+00:00,466.96153846153845,5.54311189618144
2006-08-23 00:00:00+00:00,462.7937062937063,3.1079720321235125
2006-08-24 00:00:00+00:00,416.98,3.8072800121307373
2006-08-25 00:00:00+00:00,347.65034965034965,4.702867139469493
2006-08-26 00:00:00+00:00,332.32167832167835,5.6048601557324815
2006-08-27 00:00:00+00:00,433.47902097902096,13.898111898165483
2006-08-28 00:00:00+00:00,621.3877551020408,2.6854081701259225
2006-08-29 00:00:00+00:00,528.7674418604652,3.5948837247005727
2006-08-30 00:00:00+00:00,491.8703703703704,3.721481488810645
2006-08-31 00:00:00+00:00,403.64285714285717,5.738095249448504
2007-09-01 00:00:00+00:00,474.4350877192982,6.786596492298862
2007-09-02 00:00:00+00:00,596.61,3.919599999189377
2007-09-03 00:00:00+00:00,632.26,2.2190999990701674
2007-09-04 00:00:00+00:00,577.5297029702971,1.422079209348943
2007-09-05 00:00:00+00:00,486.1363636363636,3.9661538584249003
2007-09-06 00:00:00+00:00,452.4160839160839,4.664615386432701
2007-09-07 00:00:00+00:00,512.6363636363636,3.4249650323307597
2007-09-08 00:00:00+00:00,475.1888111888112,2.5208391597220947
2007-09-09 00:00:00+00:00,363.458041958042,5.36891607888095
2007-09-10 00:00:00+00:00,314.6923076923077,5.786713275042447
2007-09-11 00:00:00+00:00,300.3636363636364,6.534160837426886
2007-09-12 00:00:00+00:00,295.8356643356643,7.064825169690005
2007-09-13 00:00:00+00:00,282.44405594405595,10.897587399382692
2007-09-14 00:00:00+00:00,311.0769230769231,20.551818099055257
2007-09-15 00:00:00+00:00,385.4475524475524,6.688601395466945
2007-09-16 00:00:00+00:00,362.5034965034965,4.918741265376965
2007-09-17 00:00:00+00:00,323.64335664335664,7.577972041977035
2007-09-18 00:00:00+00:00,335.36013986013984,7.241748261284995
2007-09-19 00:00:00+00:00,323.5804195804196,7.279440561374584
2007-09-20 00:00:00+00:00,370.12587412587413,13.689475536346436
2007-09-21 00:00:00+00:00,484.25174825174827,8.885804179665092
2007-09-22 00:00:00+00:00,605.6363636363636,3.598846161282146
2007-09-23 00:00:00+00:00,647.9125874125874,2.513566433549761
2007-09-24 00:00:00+00:00,645.6853146853147,2.3160839143332903
2007-09-25 00:00:00+00:00,565.8286713286714,1.9403146805463138
2007-09-26 00:00:00+00:00,457.4020979020979,2.2390559444894325
2007-09-27 00:00:00+00:00,433.006993006993,9.813041967111868
2007-09-28 00:00:00+00:00,577.9020979020979,5.274405584468708
2007-09-29 00:00:00+00:00,632.5594405594405,3.5127272830976475
2007-09-30 00:00:00+00:00,621.3006993006993,1.8739160803648143
2007-10-01 00:00:00+00:00,511.1818181818182,2.4646153870996064
2007-10-02 00:00:00+00:00,438.9055944055944,2.881433568217538
2007-10-03 00:00:00+00:00,523.7202797202797,4.145594422633831
2007-10-04 00:00:00+00:00,543.0664335664336,2.8501748275923564
2007-10-05 00:00:00+00:00,464.1643356643357,2.7131118853609046
2007-10-06 00:00:00+00:00,385.0244755244755,3.9119580617317786
2007-10-07 00:00:00+00:00,344.0,4.32328671675462
2007-10-08 00:00:00+00:00,310.5524475524476,5.633986026257068
2007-10-09 00:00:00+00:00,305.5017543859649,5.634491231148703
2007-10-10 00:00:00+00:00,302.6842105263158,5.803122810731854
2007-10-11 00:00:00+00:00,288.6118881118881,7.579055954526354
2007-10-12 00:00:00+00:00,309.3122807017544,13.082561387513813
2007-10-13 00:00:00+00:00,330.77543859649126,10.560596492834259
2007-10-14 00:00:00+00:00,315.9300699300699,11.623496492425879
2007-10-15 00:00:00+00:00,306.36013986013984,9.31423078883778
2007-10-16 00:00:00+00:00,318.84265734265733,7.863951049484573
2007-10-17 00:00:00+00:00,327.56643356643355,6.376608402578981
2007-10-18 00:00:00+00:00,424.41901408450707,10.747746492775393
2007-10-19 00:00:00+00:00,626.0297397769517,4.048475844709404
2007-10-20 00:00:00+00:00,634.0769230769231,2.2881818234503686
2007-10-21 00:00:00+00:00,497.7964912280702,2.6720350859457986
2007-10-22 00:00:00+00:00,453.70106761565836,3.971814953135426
2007-10-23 00:00:00+00:00,425.4965034965035,5.323426585097413
2007-10-24 00:00:00+00:00,377.2062937062937,6.325664326027557
2007-10-25 00:00:00+00:00,488.05594405594405,7.799685331908139
2007-10-26 00:00:00+00:00,659.4771929824561,2.7110526373511865
2007-10-27 00:00:00+00:00,568.979020979021,2.7203496490325128
2007-10-28 00:00:00+00:00,492.97535211267603,3.1854225401307494
2007-10-29 00:00:00+00:00,475.7307692307692,3.93982516635548
2007-10-30 00:00:00+00:00,513.4718309859155,3.0612324018713455
2007-10-31 00:00:00+00:00,445.11538461538464,3.029265731364697
2007-11-01 00:00:00+00:00,369.87412587412587,4.604020970684665
2007-11-02 00:00:00+00:00,337.0034965034965,5.945139842433529
2007-11-03 00:00:00+00:00,314.82167832167835,6.3698601505973125
2007-11-04 00:00:00+00:00,309.3286713286713,8.703216777814852
2007-11-05 00:00:00+00:00,308.3356643356643,7.542902107838984
2007-11-06 00:00:00+00:00,298.1048951048951,6.332622379689783
2007-11-07 00:00:00+00:00,295.7762237762238,7.060279721980328
2007-11-08 00:00:00+00:00,302.7097902097902,9.216958066800258
2007-11-09 00:00:00+00:00,345.53846153846155,11.506468511127926
2007-11-10 00:00:00+00:00,410.93706293706293,5.292412591147256
2007-11-11 00:00:00+00:00,378.1468531468532,4.906503504806465
2007-11-12 00:00:00+00:00,372.65384615384613,7.604090917360533
2007-11-13 00:00:00+00:00,547.0594405594405,6.826993010260842
2007-11-14 00:00:00+00:00,632.2912280701754,2.8153684214541785
2007-11-15 00:00:00+00:00,594.6643356643357,2.658426571559239
2007-11-16 00:00:00+00:00,552.4716312056737,2.9436170205156853
2007-11-17 00:00:00+00:00,460.34965034965035,2.3260489489648726
2007-11-18 00:00:00+00:00,389.2307692307692,2.9579370676220713
2007-11-19 00:00:00+00:00,381.36407766990294,3.6937864069799775
2007-11-20 00:00:00+00:00,473.88235294117646,6.8584558744640916
2007-11-21 00:00:00+00:00,634.5585585585585,1.7443243189974948
2007-11-22 00:00:00+00:00,535.451048951049,5.116678321903402
2007-11-23 00:00:00+00:00,590.6443661971831,2.3582042241600196
2007-11-24 00:00:00+00:00,516.9055944055945,3.8636363694717835
2007-11-25 00:00:00+00:00,598.6631205673759,2.9417375922203064
2007-11-26 00:00:00+00:00,573.025,2.3704285630158015
2007-11-27 00:00:00+00:00,468.6726618705036,3.6496043153803983
2007-11-28 00:00:00+00:00,423.3556338028169,3.3292253596681944
2007-11-29 00:00:00+00:00,382.0174825174825,4.105524487428732
2007-11-30 00:00:00+00:00,343.1643356643357,6.573916081781988
2007-12-01 00:00:00+00:00,346.3986013986014,6.247132862364496
2007-12-02 00:00:00+00:00,347.2587412587413,5.668286725357696
2007-12-03 00:00:00+00:00,322.4507042253521,4.49514085222298
2007-12-04 00:00:00+00:00,300.37894736842105,7.962456162770589
2007-12-05 00:00:00+00:00,358.9020979020979,6.573601377593888
2007-12-06 00:00:00+00:00,342.14084507042253,7.041197172352965
2007-12-07 00:00:00+00:00,318.57342657342656,6.0481468564146885
2007-12-08 00:00:00+00:00,287.1489361702128,8.673617033248252
2007-12-09 00:00:00+00:00,334.1958041958042,7.474825157152189
2007-12-10 00:00:00+00:00,372.13986013986016,12.338076936615098
2007-12-11 00:00:00+00:00,600.5454545454545,5.044090915393163
2007-12-12 00:00:00+00:00,596.6842105263158,2.487263164185641
2007-12-13 00:00:00+00:00,535.3321678321678,2.330419582086843
2007-12-14 00:00:00+00:00,478.65384615384613,3.0183566500256944
2007-12-15 00:00:00+00:00,424.81468531468533,3.472237765372216
2007-12-16 00:00:00+00:00,364.9195804195804,6.126048934209597
2007-12-17 00:00:00+00:00,522.3566433566433,11.253881086836328
2007-12-18 00:00:00+00:00,636.3846153846154,3.140419581553319
2007-12-19 00:00:00+00:00,604.43006993007,2.957587418439505
2007-12-20 00:00:00+00:00,641.1433566433567,3.55234266161085
2007-12-21 00:00:00+00:00,638.8216783216783,2.3701398539376424
2007-12-22 00:00:00+00:00,590.7937062937064,2.8805594398425174
2007-12-23 00:00:00+00:00,536.986013986014,2.7530069918065636
2007-12-24 00:00:00+00:00,418.7167832167832,3.336538462372093
2007-12-25 00:00:00+00:00,368.02097902097904,5.044090907056849
2007-12-26 00:00:00+00:00,349.33216783216784,6.497552444884827
2007-12-27 00:00:00+00:00,386.3745173745174,6.936370658138084
2007-12-28 00:00:00+00:00,431.66083916083915,2.8793356618681156
2007-12-29 00:00:00+00:00,362.75174825174827,4.973216782083044
2007-12-30 00:00:00+00:00,354.4895104895105,6.804650356719544
2007-12-31 00:00:00+00:00,347.3531468531468,7.4237062906051845
2008-01-01 00:00:00+00:00,353.84965034965035,5.230489513257167
2008-01-02 00:00:00+00:00,348.22727272727275,5.381433556129882
2008-01-03 00:00:00+00:00,328.7062937062937,4.192412582310763
2008-01-04 00:00:00+00:00,300.90909090909093,8.51465037027439
2008-01-05 00:00:00+00:00,555.8076923076923,9.950454541853258
2008-01-06 00:00:00+00:00,634.2027972027972,3.2646153927682997
2008-01-07 00:00:00+00:00,647.0244755244755,1.8721678252820368
2008-01-08 00:00:00+00:00,610.6118881118881,1.71024475064311
2008-01-09 00:00:00+00:00,553.3006993006993,1.698496503429813
2008-01-10 00:00:00+00:00,482.76223776223776,2.2206643332134592
2008-01-11 00:00:00+00:00,426.52797202797206,3.5137762181408756
2008-01-12 00:00:00+00:00,437.6748251748252,5.447552448386079
2008-01-13 00:00:00+00:00,493.7964912280702,6.117403505559553
2008-01-14 00:00:00+00:00,661.7097902097902,3.250559447528599
2008-01-15 00:00:00+00:00,669.3368421052631,2.472736850537752
2008-01-16 00:00:00+00:00,629.3543859649122,2.7188771950571162
2008-01-17 00:00:00+00:00,600.5629370629371,3.7382517552875973
2008-01-18 00:00:00+00:00,628.7482517482517,3.065699301399551
2008-01-19 00:00:00+00:00,617.0,2.9787323957597707
2008-01-20 00:00:00+00:00,589.7797202797203,2.7775874104533163
2008-01-21 00:00:00+00:00,536.2097902097902,2.4037062955069377
2008-01-22 00:00:00+00:00,447.23776223776224,2.8953146859482453
2008-01-23 00:00:00+00:00,430.66783216783216,4.51300699685837
2008-01-24 00:00:00+00:00,422.3041958041958,5.3833566449738885
2008-01-25 00:00:00+00:00,509.36713286713285,4.461853149887565
2008-01-26 00:00:00+00:00,463.9055944055944,3.3825524536879747
2008-01-27 00:00:00+00:00,403.63157894736844,4.927684220096522
2008-01-28 00:00:00+00:00,388.8986013986014,4.8376922974219685
2008-01-29 00:00:00+00:00,400.03146853146853,4.309265741101512
2008-01-30 00:00:00+00:00,367.60915492957747,4.789788736423976
2008-01-31 00:00:00+00:00,368.88028169014086,10.65028167106736
2008-02-01 00:00:00+00:00,544.1783216783217,5.620804183132998
2008-02-02 00:00:00+00:00,602.3216783216783,3.0481818230835707
2008-02-03 00:00:00+00:00,608.2167832167833,2.609510487192994
2008-02-04 00:00:00+00:00,554.472027972028,1.7186363624942886
2008-02-05 00:00:00+00:00,460.3977695167286,2.457583644133075
2008-02-06 00:00:00+00:00,363.70935960591135,6.917044354189793
2008-02-07 00:00:00+00:00,370.8811188811189,8.073671335940594
2008-02-08 00:00:00+00:00,405.0,4.212121215733615
2008-02-09 00:00:00+00:00,387.4195804195804,7.784720290790904
2008-02-10 00:00:00+00:00,548.9263157894737,9.081228083894963
2008-02-11 00:00:00+00:00,691.5951417004048,2.8075303650095393
2008-02-12 00:00:00+00:00,642.344262295082,3.1332786988690904
2008-02-13 00:00:00+00:00,610.0116279069767,3.0375581321328187
2008-02-14 00:00:00+00:00,621.9689119170985,3.032124343931366
2008-02-15 00:00:00+00:00,629.8427947598253,2.7656768576026485
2008-02-16 00:00:00+00:00,579.6363636363636,2.106993000407319
2008-02-17 00:00:00+00:00,528.9685314685315,2.3018531465863847
2008-02-18 00:00:00+00:00,519.8657243816255,4.724346299895971
2008-02-19 00:00:00+00:00,601.248,3.4921200075149534
2008-02-20 00:00:00+00:00,515.7291666666666,2.4216666420300803
2008-02-21 00:00:00+00:00,486.58579881656806,3.725207104485416
2008-02-22 00:00:00+00:00,466.57342657342656,3.6377972026804946
2008-02-23 00:00:00+00:00,441.5244755244755,3.8192657357329254
2008-02-24 00:00:00+00:00,442.8551236749117,3.574947001656037
2008-02-25 00:00:00+00:00,403.1363636363636,4.043007009512895
2008-02-26 00:00:00+00:00,366.5524475524476,5.365839167908355
2008-02-27 00:00:00+00:00,377.2412587412587,8.121888103185
2008-02-28 00:00:00+00:00,480.27972027972027,9.199370644309305
2008-02-29 00:00:00+00:00,677.9125874125874,3.3015034986542653
2008-03-01 00:00:00+00:00,714.0524475524476,1.8139160850664953
2008-03-02 00:00:00+00:00,650.6258741258741,1.3780769216013955
2008-03-03 00:00:00+00:00,546.4090909090909,1.2940559447645308
2008-03-04 00:00:00+00:00,436.5104895104895,2.181643349932624
2008-03-05 00:00:00+00:00,420.16083916083915,5.74416084056134
2008-03-06 00:00:00+00:00,397.9300699300699,3.316783218117027
2008-03-07 00:00:00+00:00,340.9755244755245,5.1438811008746805
2008-03-08 00:00:00+00:00,387.47902097902096,11.439895111364084
2008-03-09 00:00:00+00:00,584.8321678321678,7.532237764838692
2008-03-10 00:00:00+00:00,652.8321678321678,2.8261538560573873
2008-03-11 00:00:00+00:00,679.8391608391609,2.348321677087904
2008-03-12 00:00:00+00:00,652.4475524475524,2.1524125837779544
2008-03-13 00:00:00+00:00,608.3006993006993,2.3025874195398983
2008-03-14 00:00:00+00:00,607.527972027972,2.796258735906828
2008-03-15 00:00:00+00:00,596.7587412587412,2.3076923035241506
2008-03-16 00:00:00+00:00,568.7762237762238,2.663741253889524
2008-03-17 00:00:00+00:00,498.9300699300699,3.797832165981506
2008-03-18 00:00:00+00:00,489.2132867132867,3.811538463705903
2008-03-19 00:00:00+00:00,493.986013986014,3.829615399970875
2008-03-20 00:00:00+00:00,536.3951048951049,3.3210139828962046
2008-03-21 00:00:00+00:00,483.0,4.213566435800566
2008-03-22 00:00:00+00:00,430.965034965035,4.0125874139212225
2008-03-23 00:00:00+00:00,461.82167832167835,4.757132866999486
2008-03-24 00:00:00+00:00,445.034965034965,3.2424125925644294
2008-03-25 00:00:00+00:00,381.506993006993,6.552552469126828
2008-03-26 00:00:00+00:00,474.0874125874126,8.05335663915514
2008-03-27 00:00:00+00:00,621.3251748251748,3.338846162482575
2008-03-28 00:00:00+00:00,648.0035587188612,1.6689679745677528
2008-03-29 00:00:00+00:00,568.0174825174826,1.8050699325708242
2008-03-30 00:00:00+00:00,498.35664335664336,2.2841258795111328
2008-03-31 00:00:00+00:00,400.6223776223776,3.7820279719112637
2008-04-01 00:00:00+00:00,399.78245614035086,4.062350866250824
2008-04-02 00:00:00+00:00,382.9157894736842,2.7554035065466898
2008-04-03 00:00:00+00:00,358.3578947368421,5.021824559830783
2008-04-04 00:00:00+00:00,447.07042253521126,7.66014083170555
2008-04-05 00:00:00+00:00,610.2552447552448,3.799825183161489
2008-04-06 00:00:00+00:00,673.8482490272373,2.8561478607385538
2008-04-07 00:00:00+00:00,607.7614035087719,2.789122808188723
2008-04-08 00:00:00+00:00,662.965034965035,2.5509090936267294
2008-04-09 00:00:00+00:00,692.6280701754386,1.823789470237598
2008-04-10 00:00:00+00:00,622.4175438596491,2.4232631616425095
2008-04-11 00:00:00+00:00,539.1678321678322,2.2289510473504768
2008-04-12 00:00:00+00:00,561.979020979021,2.9333566360540324
2008-04-13 00:00:00+00:00,595.0804195804196,2.726748248080274
2008-04-14 00:00:00+00:00,469.43356643356645,1.9429021073388053
2008-04-15 00:00:00+00:00,378.9020979020979,5.083286704716983
2008-04-16 00:00:00+00:00,473.24825174825173,7.477482528119654
2008-04-17 00:00:00+00:00,530.7902097902098,2.835629370662716
2008-04-18 00:00:00+00:00,518.1678321678322,3.1379720206027266
2008-04-19 00:00:00+00:00,518.8146853146853,3.110384617235277
2008-04-20 00:00:00+00:00,504.75524475524475,3.214440563341954
2008-04-21 00:00:00+00:00,439.9195804195804,3.3747202833215675
2008-04-22 00:00:00+00:00,356.2762237762238,8.761083903846208
2008-04-23 00:00:00+00:00,568.5594405594405,5.726853145169211
2008-04-24 00:00:00+00:00,583.3006993006993,2.829335662868473
2008-04-25 00:00:00+00:00,553.4507042253521,2.056091545753076
2008-04-26 00:00:00+00:00,486.93706293706293,3.051888112421636
2008-04-27 00:00:00+00:00,487.8286713286713,3.564650348016432
2008-04-28 00:00:00+00:00,472.8076923076923,4.918636369538474
2008-04-29 00:00:00+00:00,421.95104895104896,2.804580422964963
2008-04-30 00:00:00+00:00,421.16783216783216,4.215944060912499
2009-05-01 00:00:00+00:00,313.30035335689047,11.130989408324549
2009-05-02 00:00:00+00:00,311.1725352112676,11.932500009805384
2009-05-03 00:00:00+00:00,337.7785714285714,7.426285719871521
2009-05-04 00:00:00+00:00,352.43809523809523,5.335333338237944
2009-05-05 00:00:00+00:00,341.8382352941176,6.718529406715842
2009-05-06 00:00:00+00:00,386.7027972027972,9.336223785693829
2009-05-07 00:00:00+00:00,455.8456140350877,4.435964908934476
2009-05-08 00:00:00+00:00,489.43809523809523,4.2727619080316455
2009-05-09 00:00:00+00:00,485.25892857142856,3.2777678540774753
2009-05-10 00:00:00+00:00,400.34944237918216,3.588438658022969
2009-05-11 00:00:00+00:00,385.7762237762238,3.957587418022689
2009-05-12 00:00:00+00:00,339.76190476190476,4.546031760790991
2009-05-13 00:00:00+00:00,303.82819383259914,9.060132156909825
2009-05-14 00:00:00+00:00,357.13286713286715,5.422972008898542
2009-05-15 00:00:00+00:00,354.23426573426576,6.040000000200071
2009-05-16 00:00:00+00:00,366.43706293706293,6.3419930217983005
2009-05-17 00:00:00+00:00,333.25174825174827,5.126783234256131
2009-05-18 00:00:00+00:00,306.15734265734267,8.223951042948903
2009-05-19 00:00:00+00:00,289.81468531468533,9.026223777891039
2009-05-20 00:00:00+00:00,298.6958041958042,10.120000007269265
2009-05-21 00:00:00+00:00,338.1013986013986,6.85192306558569
2009-05-22 00:00:00+00:00,368.4020979020979,5.433181804376883
2009-05-23 00:00:00+00:00,368.44405594405595,4.966608394276012
2009-05-24 00:00:00+00:00,356.9755244755245,5.183881114412855
2009-05-25 00:00:00+00:00,334.3706293706294,5.044020982889029
2009-05-26 00:00:00+00:00,311.72727272727275,5.856958047493355
2009-05-27 00:00:00+00:00,282.36713286713285,7.544860139593378
2009-05-28 00:00:00+00:00,382.76573426573424,9.645209820954117
2009-05-29 00:00:00+00:00,388.8111888111888,3.621993015696119
2009-05-30 00:00:00+00:00,351.1188811188811,6.767272740810901
2009-05-31 00:00:00+00:00,322.05594405594405,7.348041954574051
2009-06-01 00:00:00+00:00,316.66083916083915,6.428111889979222
2009-06-02 00:00:00+00:00,303.55944055944053,7.8096853136182665
2009-06-03 00:00:00+00:00,304.6713286713287,8.609930073464668
2009-06-04 00:00:00+00:00,313.3636363636364,5.776188810388525
2009-06-05 00:00:00+00:00,316.24825174825173,6.386643366380171
2009-06-06 00:00:00+00:00,315.5979020979021,7.900804182866237
2009-06-07 00:00:00+00:00,335.2972027972028,7.659510489110346
2009-06-08 00:00:00+00:00,341.5104895104895,5.3067832301546645
2009-06-09 00:00:00+00:00,306.52797202797206,9.551818192421972
2009-06-10 00:00:00+00:00,348.7692307692308,6.242097889626776
2009-06-11 00:00:00+00:00,334.27272727272725,5.719405606076434
2009-06-12 00:00:00+00:00,287.5874125874126,7.538426579295338
2009-06-13 00:00:00+00:00,286.1993006993007,9.339755216678538
2009-06-14 00:00:00+00:00,317.1818181818182,7.226643348907257
2009-06-15 00:00:00+00:00,302.96853146853147,6.65020978367412
2009-06-16 00:00:00+00:00,309.3041958041958,7.4427622598367975
2009-06-17 00:00:00+00:00,300.63986013986016,8.552097895762303
2009-06-18 00:00:00+00:00,303.67832167832165,7.590979016744173
2009-06-19 00:00:00+00:00,313.2307692307692,7.484545449276904
2009-06-20 00:00:00+00:00,323.3776223776224,13.767657376669504
2009-06-21 00:00:00+00:00,334.17832167832165,6.093181831019741
2009-06-22 00:00:00+00:00,304.22027972027973,5.2803846189192125
2009-06-23 00:00:00+00:00,288.23776223776224,6.6973076983765285
2009-06-24 00:00:00+00:00,356.56293706293707,14.477832186472165
2009-06-25 00:00:00+00:00,466.3076923076923,3.9784965039966824
2009-06-26 00:00:00+00:00,424.1188811188811,2.946433558747485
2009-06-27 00:00:00+00:00,399.458041958042,4.612797208182462
2009-06-28 00:00:00+00:00,379.23776223776224,6.427027976179456
2009-06-29 00:00:00+00:00,527.3636363636364,3.779790208889888
2009-06-30 00:00:00+00:00,474.9055944055944,2.546258742575879
2009-07-01 00:00:00+00:00,415.54895104895104,3.62702797176121
2009-07-02 00:00:00+00:00,367.5174825174825,4.210419585654786
2009-07-03 00:00:00+00:00,346.3021582733813,5.117517993604537
2009-07-04 00:00:00+00:00,335.6818181818182,6.74590909147596
2009-07-05 00:00:00+00:00,345.0769230769231,7.061433573702832
2009-07-06 00:00:00+00:00,354.4055944055944,4.371538463172379
2009-07-07 00:00:00+00:00,341.9965034965035,8.328216773646695
2009-07-08 00:00:00+00:00,329.3636363636364,9.727762218955514
2009-07-09 00:00:00+00:00,328.3776223776224,11.083846137240217
2009-07-10 00:00:00+00:00,411.958041958042,6.018671305863173
2009-07-11 00:00:00+00:00,445.05944055944053,2.7755244766081963
2009-07-12 00:00:00+00:00,372.0128755364807,4.924377679824829
2009-07-13 00:00:00+00:00,387.7,9.554727242209694
2009-07-14 00:00:00+00:00,521.013986013986,2.885279722980686
2009-07-15 00:00:00+00:00,454.55944055944053,3.5978671270650584
2009-07-16 00:00:00+00:00,372.5839160839161,3.9368181695471276
2009-07-17 00:00:00+00:00,336.3706293706294,4.510979021345819
2009-07-18 00:00:00+00:00,284.25524475524475,7.666153847754418
2009-07-19 00:00:00+00:00,281.2411347517731,8.406453915521608
2009-07-20 00:00:00+00:00,313.534965034965,10.63363633956109
2009-07-21 00:00:00+00:00,322.4895104895105,7.405349663087538
2009-07-22 00:00:00+00:00,425.07659574468084,5.633744668453298
2009-07-23 00:00:00+00:00,499.13286713286715,4.254965038983138
2009-07-24 00:00:00+00:00,545.1608391608391,2.5366783183771413
2009-07-25 00:00:00+00:00,473.9624060150376,2.6111278175411368
2009-07-26 00:00:00+00:00,407.7972027972028,2.735314678478908
2009-07-27 00:00:00+00:00,369.486013986014,5.204335661201211
2009-07-28 00:00:00+00:00,393.5684210526316,3.466421052029258
2009-07-29 00:00:00+00:00,372.6666666666667,4.31695123028949
2009-07-30 00:00:00+00:00,339.3809523809524,7.051142851511638
2009-07-31 00:00:00+00:00,373.29411764705884,6.37320261531406
2009-08-01 00:00:00+00:00,392.7794871794872,5.673589745545999
2009-08-02 00:00:00+00:00,360.8290598290598,8.209401707363943
2009-08-03 00:00:00+00:00,371.4507042253521,6.1791549375359445
2009-08-04 00:00:00+00:00,351.3909465020576,5.604197531570623
2009-08-05 00:00:00+00:00,371.1121495327103,7.152523330438917
2009-08-06 00:00:00+00:00,489.72222222222223,4.088055570920308
2009-08-07 00:00:00+00:00,458.6604938271605,4.549382701332187
2009-08-08 00:00:00+00:00,486.0,3.748296297038043
2009-08-09 00:00:00+00:00,431.6357142857143,2.8495714366436005
2009-08-10 00:00:00+00:00,367.8021978021978,4.609450540699801
2009-08-11 00:00:00+00:00,346.390243902439,6.153089418643859
2009-08-12 00:00:00+00:00,354.43243243243245,7.726216180904491
2009-08-13 00:00:00+00:00,335.68939393939394,6.368901511033376
2009-08-14 00:00:00+00:00,310.2097902097902,7.015349646548291
2009-08-15 00:00:00+00:00,302.45104895104896,6.527307698776672
2009-08-16 00:00:00+00:00,301.4492753623188,6.6073550832444345
2009-08-17 00:00:00+00:00,295.3857142857143,11.875928550107139
2009-08-18 00:00:00+00:00,334.4965034965035,7.5834615363941325
2009-08-19 00:00:00+00:00,367.74825174825173,12.673356657261616
2009-08-20 00:00:00+00:00,482.06293706293707,5.39335665044251
2009-08-21 00:00:00+00:00,505.5524475524476,3.1338461520788554
2009-08-22 00:00:00+00:00,495.36013986013984,3.350874137211513
2009-08-23 00:00:00+00:00,468.82167832167835,2.1078321621134566
2009-08-24 00:00:00+00:00,376.74825174825173,3.620524470622723
2009-08-25 00:00:00+00:00,342.8881118881119,5.690314690549891
2009-08-26 00:00:00+00:00,353.7937062937063,5.899720279486863
2009-08-27 00:00:00+00:00,371.34265734265733,7.148776224443129
2009-08-28 00:00:00+00:00,360.33216783216784,4.661993012561664
2009-08-29 00:00:00+00:00,331.1048951048951,6.888076937282002
2009-08-30 00:00:00+00:00,409.34265734265733,11.271153840985331
2009-08-31 00:00:00+00:00,422.2307692307692,3.821853143351895
2010-09-01 00:00:00+00:00,345.0979020979021,7.030419573083624
2010-09-02 00:00:00+00:00,404.2867132867133,7.24905596496342
2010-09-03 00:00:00+00:00,405.52797202797206,2.8469929970227756
2010-09-04 00:00:00+00:00,368.84265734265733,3.4175874094863037
2010-09-05 00:00:00+00:00,331.7307692307692,6.371958059864444
2010-09-06 00:00:00+00:00,384.4055944055944,8.56227275374886
2010-09-07 00:00:00+00:00,419.07342657342656,6.000594403360274
2010-09-08 00:00:00+00:00,403.3111888111888,5.55965034153078
2010-09-09 00:00:00+00:00,385.5174825174825,5.549475535646185
2010-09-10 00:00:00+00:00,433.90909090909093,3.6848251819610596
2010-09-11 00:00:00+00:00,363.04545454545456,4.064720283855092
2010-09-12 00:00:00+00:00,326.5769230769231,6.294895113764943
2010-09-13 00:00:00+00:00,313.4125874125874,9.557937056868226
2010-09-14 00:00:00+00:00,347.93706293706293,12.831048977124942
2010-09-15 00:00:00+00:00,360.8881118881119,8.185699297831608
2010-09-16 00:00:00+00:00,416.9263157894737,8.458596500597501
2010-09-17 00:00:00+00:00,475.96153846153845,4.537902090099308
2010-09-18 00:00:00+00:00,423.3076923076923,3.6323426670127814
2010-09-19 00:00:00+00:00,334.986013986014,7.192237773975292
2010-09-20 00:00:00+00:00,323.4736842105263,8.536456131516841
2010-09-21 00:00:00+00:00,412.24475524475525,5.569965039933478
2010-09-22 00:00:00+00:00,338.54895104895104,4.783181829886003
2010-09-23 00:00:00+00:00,394.1923076923077,10.753741286017679
2010-09-24 00:00:00+00:00,525.8881118881119,5.659930071630678
2010-09-25 00:00:00+00:00,563.4440559440559,2.233216787968482
2010-09-26 00:00:00+00:00,467.7062937062937,2.7232867168796644
2010-09-27 00:00:00+00:00,480.965034965035,3.4913636391813103
2010-09-28 00:00:00+00:00,511.2832167832168,2.8694755264095493
2010-09-29 00:00:00+00:00,475.2972027972028,2.393531474200162
2010-09-30 00:00:00+00:00,405.8076923076923,3.089265741668381
2010-10-01 00:00:00+00:00,369.52797202797206,4.009685317119518
2010-10-02 00:00:00+00:00,338.3916083916084,4.658251755721086
2010-10-03 00:00:00+00:00,320.52797202797206,6.346608402012111
2010-10-04 00:00:00+00:00,304.3041958041958,9.958181803043072
2010-10-05 00:00:00+00:00,323.9755244755245,10.046678326346658
2010-10-06 00:00:00+00:00,341.64335664335664,6.87164335317545
2010-10-07 00:00:00+00:00,323.1923076923077,7.916118886920955
2010-10-08 00:00:00+00:00,347.0699300699301,7.598671324603208
2010-10-09 00:00:00+00:00,352.5769230769231,6.070139864941577
2010-10-10 00:00:00+00:00,330.02797202797206,11.651223774556513
2010-10-11 00:00:00+00:00,359.5244755244755,14.411398600865077
2010-10-12 00:00:00+00:00,396.7025089605735,4.684551973923988
2010-10-13 00:00:00+00:00,351.02097902097904,6.205209782907179
2010-10-14 00:00:00+00:00,331.11538461538464,5.620174818105631
2010-10-15 00:00:00+00:00,325.1643356643357,11.529825177226034
2010-10-16 00:00:00+00:00,340.0769230769231,9.775419570349314
2010-10-17 00:00:00+00:00,380.1013986013986,6.329020965349424
2010-10-18 00:00:00+00:00,373.0394265232975,5.250752693436052
2010-10-19 00:00:00+00:00,420.5543859649123,8.076350860428391
2010-10-20 00:00:00+00:00,430.6923076923077,4.343286711852867
2010-10-21 00:00:00+00:00,382.21754385964914,5.430736848764252
2010-10-22 00:00:00+00:00,427.14736842105265,7.231684201223809
2010-10-23 00:00:00+00:00,630.1643356643357,4.831643362145324
2010-10-24 00:00:00+00:00,651.6223776223776,2.308741255240007
2010-10-25 00:00:00+00:00,611.1503496503497,2.107447555015137
2010-10-26 00:00:00+00:00,593.9508771929825,2.2272982417491445
2010-10-27 00:00:00+00:00,539.6257668711656,2.006073618227719
2010-10-28 00:00:00+00:00,444.986013986014,2.500279721680221
2010-10-29 00:00:00+00:00,376.1294117647059,3.859764709192164
2010-10-30 00:00:00+00:00,369.97767857142856,6.088526758764472
2010-10-31 00:00:00+00:00,361.26223776223776,9.89594407848545
2010-11-01 00:00:00+00:00,328.07342657342656,9.177482516615541
2010-11-02 00:00:00+00:00,331.52097902097904,9.574055935119416
2010-11-03 00:00:00+00:00,330.61538461538464,7.72192308119127
2010-11-04 00:00:00+00:00,306.54545454545456,9.021853176863877
2010-11-05 00:00:00+00:00,326.7062937062937,9.182307712681643
2010-11-06 00:00:00+00:00,293.66083916083915,7.667237757802843
2010-11-07 00:00:00+00:00,288.26635514018693,8.007383172757157
2010-11-08 00:00:00+00:00,318.013986013986,9.926328664059406
2010-11-09 00:00:00+00:00,320.9825174825175,5.8139510488176676
2010-11-10 00:00:00+00:00,293.23776223776224,11.96667832928104
2010-11-11 00:00:00+00:00,414.1013986013986,7.113006991939945
2010-11-12 00:00:00+00:00,499.07342657342656,3.9504545435205207
2010-11-13 00:00:00+00:00,461.36013986013984,4.110244757645614
2010-11-14 00:00:00+00:00,526.6083916083916,3.9236013997684824
2010-11-15 00:00:00+00:00,616.6748251748252,1.7333916040150437
2010-11-16 00:00:00+00:00,520.972027972028,2.847832167482043
2010-11-17 00:00:00+00:00,476.5,3.2955594437939304
2010-11-18 00:00:00+00:00,513.513986013986,3.97465033797951
2010-11-19 00:00:00+00:00,423.4125874125874,4.028356637571242
2010-11-20 00:00:00+00:00,391.7587412587413,6.41986016460232
2010-11-21 00:00:00+00:00,398.9195804195804,5.0139510523189195
2010-11-22 00:00:00+00:00,409.46853146853147,7.535664336664693
2010-11-23 00:00:00+00:00,471.34615384615387,4.631608391975189
2010-11-24 00:00:00+00:00,453.513986013986,3.909720282454591
2010-11-25 00:00:00+00:00,442.45104895104896,3.2317832199843615
2010-11-26 00:00:00+00:00,357.03846153846155,5.793671337040988
2010-11-27 00:00:00+00:00,377.14335664335664,7.874930059159552
2010-11-28 00:00:00+00:00,447.50224215246635,7.290896858335076
2010-11-29 00:00:00+00:00,385.2382978723404,4.421787244715589
2010-11-30 00:00:00+00:00,359.34965034965035,6.370699283959982
2010-12-01 00:00:00+00:00,352.41785714285714,5.902250012329646
2010-12-02 00:00:00+00:00,327.6188811188811,5.477692308125796
2010-12-03 00:00:00+00:00,287.57342657342656,8.793461534526799
2010-12-04 00:00:00+00:00,290.2832167832168,8.753391615994326
2010-12-05 00:00:00+00:00,282.36713286713285,9.586818156542478
2010-12-06 00:00:00+00:00,305.993006993007,11.048985993111884
2010-12-07 00:00:00+00:00,360.14335664335664,9.349090902955382
2010-12-08 00:00:00+00:00,384.3811188811189,5.7483915874174425
2010-12-09 00:00:00+00:00,355.59090909090907,6.056188813456289
2010-12-10 00:00:00+00:00,338.76223776223776,7.24587412647434
2010-12-11 00:00:00+00:00,337.9895104895105,7.033531482403095
2010-12-12 00:00:00+00:00,351.4421052631579,10.043087683225933
2010-12-13 00:00:00+00:00,460.965034965035,5.570559451630065
2010-12-14 00:00:00+00:00,615.7342657342657,3.8878321726839027
2010-12-15 00:00:00+00:00,561.1013986013986,2.688461538378175
2010-12-16 00:00:00+00:00,491.1748251748252,2.8448951110973226
2010-12-17 00:00:00+00:00,458.81468531468533,4.494440548903459
2010-12-18 00:00:00+00:00,396.0839160839161,5.877937080143215
2010-12-19 00:00:00+00:00,366.76573426573424,6.294720267916059
2010-12-20 00:00:00+00:00,394.59090909090907,6.032622348595332
2010-12-21 00:00:00+00:00,383.10714285714283,3.5928928473166057
2010-12-22 00:00:00+00:00,328.3855421686747,5.337028104138661
2010-12-23 00:00:00+00:00,310.2132867132867,7.866153861259247
2010-12-24 00:00:00+00:00,326.7692307692308,6.800586073389857
2010-12-25 00:00:00+00:00,351.0874125874126,9.152937115489186
2010-12-26 00:00:00+00:00,396.4825174825175,3.7746853136516116
2010-12-27 00:00:00+00:00,347.7167832167832,6.087307682404151
2010-12-28 00:00:00+00:00,353.0174825174825,7.707622383024309
2010-12-29 00:00:00+00:00,374.458041958042,4.055349649249257
2010-12-30 00:00:00+00:00,340.7909836065574,7.985204915531346
2010-12-31 00:00:00+00:00,338.77272727272725,6.842867120996222
2011-01-01 00:00:00+00:00,327.72027972027973,8.433881122749169
2011-01-02 00:00:00+00:00,338.2307692307692,12.641048946580687
2011-01-03 00:00:00+00:00,357.1293706293706,8.57241260005044
2011-01-04 00:00:00+00:00,429.1923076923077,3.4963636306615977
2011-01-05 00:00:00+00:00,360.2412587412587,6.732132862497877
2011-01-06 00:00:00+00:00,361.83916083916085,10.709755263962112
2011-01-07 00:00:00+00:00,559.583916083916,2.8109440499252374
2011-01-08 00:00:00+00:00,602.843137254902,3.218156865531323
2011-01-09 00:00:00+00:00,587.6826923076923,2.994182693843658
2011-01-10 00:00:00+00:00,536.7097902097902,2.997867138235719
2011-01-11 00:00:00+00:00,471.8006993006993,4.057027981414661
2011-01-12 00:00:00+00:00,495.73776223776224,4.415594407728502
2011-01-13 00:00:00+00:00,458.47528517110266,6.509543745236705
2011-01-14 00:00:00+00:00,522.2797202797203,3.1900349617838026
2011-01-15 00:00:00+00:00,478.3636363636364,3.0749300689130394
2011-01-16 00:00:00+00:00,453.486013986014,6.184545437772791
2011-01-17 00:00:00+00:00,466.0779220779221,3.7909090782140757
2011-01-18 00:00:00+00:00,426.1017543859649,4.898947376953928
2011-01-19 00:00:00+00:00,500.6456140350877,4.550070181227567
2011-01-20 00:00:00+00:00,431.95104895104896,3.5345804174463233
2011-01-21 00:00:00+00:00,386.34982332155477,5.4960070549388655
2011-01-22 00:00:00+00:00,384.4020979020979,5.126818181751491
2011-01-23 00:00:00+00:00,356.1013986013986,4.993321685524253
2011-01-24 00:00:00+00:00,367.0104895104895,7.319965007421854
2011-01-25 00:00:00+00:00,337.38380281690144,8.183556327517604
2011-01-26 00:00:00+00:00,309.1628959276018,10.190633508414704
2011-01-27 00:00:00+00:00,315.5940594059406,8.30683168444303
2011-01-28 00:00:00+00:00,315.95104895104896,8.56587410806776
2011-01-29 00:00:00+00:00,326.4160839160839,6.211153841518856
2011-01-30 00:00:00+00:00,329.6888111888112,4.085069932304062
2011-01-31 00:00:00+00:00,314.0355871886121,11.450142315698264
2011-02-01 00:00:00+00:00,431.99649122807017,8.607157923882468
2011-02-02 00:00:00+00:00,427.1673469387755,5.061183680320273
2011-02-03 00:00:00+00:00,342.36013986013984,3.9116084133828437
2011-02-04 00:00:00+00:00,403.86973180076626,13.637701135028825
2011-02-05 00:00:00+00:00,603.0521327014218,2.4054976317554853
2011-02-06 00:00:00+00:00,540.8426573426574,2.1025874035341756
2011-02-07 00:00:00+00:00,470.93706293706293,1.7710489528579312
2011-02-08 00:00:00+00:00,424.98943661971833,3.5287323946684177
2011-02-09 00:00:00+00:00,357.25524475524475,4.008111893713891
2011-02-10 00:00:00+00:00,387.1223776223776,7.734440555105676
2011-02-11 00:00:00+00:00,377.34615384615387,6.735454570997011
2011-02-12 00:00:00+00:00,399.7027972027972,4.7084615355605015
2011-02-13 00:00:00+00:00,351.7972027972028,5.491328669594718
2011-02-14 00:00:00+00:00,348.493006993007,12.829755239553386
2011-02-15 00:00:00+00:00,448.33916083916085,7.130944041522233
2011-02-16 00:00:00+00:00,425.03097345132744,2.747123887053633
2011-02-17 00:00:00+00:00,350.1030303030303,5.306969687432954
2011-02-18 00:00:00+00:00,527.6398601398602,8.190804208492066
2011-02-19 00:00:00+00:00,491.8881118881119,1.9789160907893748
2011-02-20 00:00:00+00:00,454.1923076923077,2.7433216749996574
2011-02-21 00:00:00+00:00,394.3041958041958,4.962342657826164
2011-02-22 00:00:00+00:00,409.0979020979021,4.359055960095012
2011-02-23 00:00:00+00:00,357.22027972027973,4.410454548322237
2011-02-24 00:00:00+00:00,344.38524590163934,5.180532789621197
2011-02-25 00:00:00+00:00,354.42435424354244,5.751439114778244
2011-02-26 00:00:00+00:00,334.541958041958,6.731363635796767
2011-02-27 00:00:00+00:00,327.2132867132867,6.828916089518087
2011-02-28 00:00:00+00:00,295.7722419928826,15.333345179031753
2011-03-01 00:00:00+00:00,416.32167832167835,16.34279716598404
2011-03-02 00:00:00+00:00,655.8617021276596,2.764290786804037
2011-03-03 00:00:00+00:00,621.3741258741259,3.5064685369704987
2011-03-04 00:00:00+00:00,576.2657342657343,2.6553496497494358
2011-03-05 00:00:00+00:00,502.43356643356645,3.1172377617209106
2011-03-06 00:00:00+00:00,506.7543859649123,4.5398596537740605
2011-03-07 00:00:00+00:00,404.4964788732394,4.718380289178499
2011-03-08 00:00:00+00:00,376.0421052631579,3.266807024102462
2011-03-09 00:00:00+00:00,319.66783216783216,6.657867134034217
2011-03-10 00:00:00+00:00,343.4195804195804,17.998671368285493
2011-03-11 00:00:00+00:00,405.96853146853147,9.601048950548773
2011-03-12 00:00:00+00:00,538.2342657342657,4.4642657458365385
2011-03-13 00:00:00+00:00,560.9681978798586,4.125653720154779
2011-03-14 00:00:00+00:00,558.630996309963,2.6337638398378096
2011-03-15 00:00:00+00:00,460.3776223776224,2.6306993065180477
2011-03-16 00:00:00+00:00,359.61052631578946,4.733087722878707
2011-03-17 00:00:00+00:00,387.4140350877193,6.429964917166191
2011-03-18 00:00:00+00:00,371.65384615384613,4.814370614665371
2011-03-19 00:00:00+00:00,356.041958041958,5.521258748494661
2011-03-20 00:00:00+00:00,350.34965034965035,8.041993010294187
2011-03-21 00:00:00+00:00,336.90526315789475,6.464315798408107
2011-03-22 00:00:00+00:00,357.17832167832165,10.635384637992699
2011-03-23 00:00:00+00:00,469.025,10.25674991607666
2011-03-24 00:00:00+00:00,476.23776223776224,9.740909076237179
2011-03-25 00:00:00+00:00,451.9895104895105,10.58513984313378
2011-03-26 00:00:00+00:00,410.2832167832168,7.28779720759892
2011-03-27 00:00:00+00:00,364.7132867132867,8.591748245946178
2011-03-28 00:00:00+00:00,368.47902097902096,16.013881103142158
2011-03-29 00:00:00+00:00,362.1363636363636,28.063286784645562
2011-03-30 00:00:00+00:00,383.1223776223776,6.5915384684409295
2011-03-31 00:00:00+00:00,349.2692307692308,9.820314724128563
2011-04-01 00:00:00+00:00,405.54895104895104,13.890244718198176
2011-04-02 00:00:00+00:00,577.8636363636364,7.438881103809063
2011-04-03 00:00:00+00:00,616.9265734265734,3.368776216373577
2011-04-04 00:00:00+00:00,554.8461538461538,2.6711538434028625
2011-04-05 00:00:00+00:00,513.4769230769231,7.32465386390686
2011-04-06 00:00:00+00:00,556.1201413427561,12.851448792029606
2011-04-07 00:00:00+00:00,529.4035087719299,7.0405613974521035
2011-04-08 00:00:00+00:00,443.6118881118881,13.880664311922514
2011-04-09 00:00:00+00:00,440.45454545454544,7.864370616165908
2011-04-10 00:00:00+00:00,390.8811188811189,12.523111883576933
2011-04-11 00:00:00+00:00,389.65384615384613,39.522692276881294
2011-04-12 00:00:00+00:00,576.9755244755245,11.132447583692057
2011-04-13 00:00:00+00:00,555.7972027972028,5.294125880394782
2011-04-14 00:00:00+00:00,472.86013986013984,5.65038462702211
2011-04-15 00:00:00+00:00,407.8233215547703,12.802791519636822
2011-04-16 00:00:00+00:00,355.6666666666667,23.714526296916763
2011-04-17 00:00:00+00:00,335.8986013986014,24.706398643813767
2011-04-18 00:00:00+00:00,375.94146341463414,35.63868288179723
2011-04-19 00:00:00+00:00,398.1714285714286,12.165142808641706
2011-04-20 00:00:00+00:00,519.9880952380952,10.81523814371654
2011-04-21 00:00:00+00:00,453.3333333333333,11.315362363621809
2011-04-22 00:00:00+00:00,437.11032028469754,8.70217080981706
2011-04-23 00:00:00+00:00,389.6293706293706,12.472797212900815
2011-04-24 00:00:00+00:00,440.27272727272725,7.90755244985327
2011-04-25 00:00:00+00:00,511.8951048951049,3.4522727219374865
2011-04-26 00:00:00+00:00,416.3811188811189,5.751853148420374
2011-04-27 00:00:00+00:00,371.8745519713262,8.63254480806303
2011-04-28 00:00:00+00:00,343.6421052631579,19.91399997744644
2011-04-29 00:00:00+00:00,387.0979020979021,15.738986056167763
2011-04-30 00:00:00+00:00,646.6212121212121,3.458257578990676
2012-05-01 00:00:00+00:00,314.53146853146853,6.8449300727644165
2012-05-02 00:00:00+00:00,290.8356643356643,8.645174807601876
2012-05-03 00:00:00+00:00,302.9063670411985,15.958614252926258
2012-05-04 00:00:00+00:00,312.5964912280702,12.924561433624802
2012-05-05 00:00:00+00:00,302.82608695652175,14.194637699403625
2012-05-06 00:00:00+00:00,309.7733333333333,10.304666684468588
2012-05-07 00:00:00+00:00,310.02222222222224,23.772666528489854
2012-05-08 00:00:00+00:00,338.0062893081761,17.70773580239254
2012-05-09 00:00:00+00:00,500.6728110599078,10.594285770495366
2012-05-10 00:00:00+00:00,574.7096774193549,2.8833333369224303
2012-05-11 00:00:00+00:00,546.9642857142857,2.2478571356762025
2012-05-12 00:00:00+00:00,540.6748251748252,2.7866433558764157
2012-05-13 00:00:00+00:00,462.4020979020979,3.895139860106515
2012-05-14 00:00:00+00:00,445.66083916083915,3.1362937067772125
2012-05-15 00:00:00+00:00,392.8076923076923,6.339965025861781
2012-05-16 00:00:00+00:00,391.6818181818182,4.571958040024017
2012-05-17 00:00:00+00:00,364.9125874125874,6.933426577728111
2012-05-18 00:00:00+00:00,408.0034965034965,4.4537412615922785
2012-05-19 00:00:00+00:00,391.0,4.827762238629214
2012-05-20 00:00:00+00:00,401.96153846153845,5.386118889688612
2012-05-21 00:00:00+00:00,348.09090909090907,7.93986014386157
2012-05-22 00:00:00+00:00,397.06643356643355,12.047447559716819
2012-05-23 00:00:00+00:00,598.7438596491228,3.0379649070271273
2012-05-24 00:00:00+00:00,521.6818181818181,3.245524470205907
2012-05-25 00:00:00+00:00,463.3111888111888,3.055979024280201
2012-05-26 00:00:00+00:00,396.05594405594405,3.5596852969456387
2012-05-27 00:00:00+00:00,357.47902097902096,5.852692315628478
2012-05-28 00:00:00+00:00,367.4225352112676,7.911690151187735
2012-05-29 00:00:00+00:00,396.2762237762238,6.870699296464453
2012-05-30 00:00:00+00:00,433.24825174825173,4.355804187851352
2012-05-31 00:00:00+00:00,395.9895104895105,7.945384607448444
2012-06-01 00:00:00+00:00,356.84410646387835,7.13673002638291
2012-06-02 00:00:00+00:00,350.3805970149254,7.322798520771425
2012-06-03 00:00:00+00:00,354.2587412587413,10.293216828699713
2012-06-04 00:00:00+00:00,506.0944055944056,8.032972024037289
2012-06-05 00:00:00+00:00,673.1923076923077,3.312482517916006
2012-06-06 00:00:00+00:00,696.0979020979021,2.154755246805978
2012-06-07 00:00:00+00:00,609.6923076923077,1.6778321643392522
2012-06-08 00:00:00+00:00,564.5524475524476,2.052062927426158
2012-06-09 00:00:00+00:00,470.04545454545456,2.8722028002872335
2012-06-10 00:00:00+00:00,421.2832167832168,2.9807342641003483
2012-06-11 00:00:00+00:00,394.95438596491226,4.405578952086599
2012-06-12 00:00:00+00:00,389.1468531468532,3.5255944053609887
2012-06-13 00:00:00+00:00,369.84615384615387,5.589895105028486
2012-06-14 00:00:00+00:00,356.72027972027973,4.8504895038538045
2012-06-15 00:00:00+00:00,314.47902097902096,8.091958050961262
2012-06-16 00:00:00+00:00,387.7062937062937,13.567062904784729
2012-06-17 00:00:00+00:00,437.84265734265733,10.49821681117678
2012-06-18 00:00:00+00:00,460.75174825174827,2.2611888103134983
2012-06-19 00:00:00+00:00,417.9825174825175,1.8387412585682803
2012-06-20 00:00:00+00:00,376.67832167832165,3.2147202685579552
2012-06-21 00:00:00+00:00,353.83916083916085,4.505594411930004
2012-06-22 00:00:00+00:00,411.43356643356645,2.6969580450258053
2012-06-23 00:00:00+00:00,396.9948979591837,3.6687244870224776
2012-06-24 00:00:00+00:00,357.3985765124555,7.489039135997405
2012-06-25 00:00:00+00:00,381.3951048951049,7.693496503613212
2012-06-26 00:00:00+00:00,419.02097902097904,5.208251755554359
2012-06-27 00:00:00+00:00,421.63986013986016,7.037902092600202
2012-06-28 00:00:00+00:00,440.5874125874126,4.2135314607953696
2012-06-29 00:00:00+00:00,392.37894736842105,7.528175446025112
2012-06-30 00:00:00+00:00,556.1538461538462,10.781573401464449
2012-07-01 00:00:00+00:00,629.3111888111888,3.918216783683617
2012-07-02 00:00:00+00:00,625.506993006993,2.911993002558088
2012-07-03 00:00:00+00:00,552.4055944055945,2.495174827692392
2012-07-04 00:00:00+00:00,514.9545454545455,3.1128321560946377
2012-07-05 00:00:00+00:00,486.2062937062937,5.147482523342946
2012-07-06 00:00:00+00:00,454.0874125874126,5.185874127841496
2012-07-07 00:00:00+00:00,456.4456140350877,4.469929824795639
2012-07-08 00:00:00+00:00,461.0416666666667,4.905729165093766
2012-07-09 00:00:00+00:00,427.75563909774434,4.403646622385297
2012-07-10 00:00:00+00:00,447.8978102189781,6.813467134524436
2012-07-11 00:00:00+00:00,517.9855595667871,2.7742238328775346
2012-07-12 00:00:00+00:00,434.55837563451774,3.607969552732361
2012-07-13 00:00:00+00:00,363.55281690140845,2.971091551470085
2012-07-14 00:00:00+00:00,468.6714285714286,7.372999988283429
2012-07-15 00:00:00+00:00,595.9580419580419,6.0771328558871796
2012-07-16 00:00:00+00:00,477.8881118881119,1.049860141910873
2012-07-17 00:00:00+00:00,471.1048951048951,1.9339160794144743
2012-07-18 00:00:00+00:00,461.7097902097902,1.6430069958413398
2012-07-19 00:00:00+00:00,406.37412587412587,3.77318181774833
2012-07-20 00:00:00+00:00,436.8286713286713,8.085944043172823
2012-07-21 00:00:00+00:00,467.59090909090907,5.161433572535748
2012-07-22 00:00:00+00:00,479.8076923076923,4.560699287828032
2012-07-23 00:00:00+00:00,463.51601423487546,4.860498235743241
2012-07-24 00:00:00+00:00,523.3111888111888,4.451083901878837
2012-07-25 00:00:00+00:00,451.0699300699301,3.437587421257179
2012-07-26 00:00:00+00:00,376.84265734265733,3.5453146737772268
2012-07-27 00:00:00+00:00,341.0769230769231,6.918776236214004
2012-07-28 00:00:00+00:00,370.38461538461536,12.69241256897266
2012-07-29 00:00:00+00:00,364.9230769230769,7.477972042310488
2012-07-30 00:00:00+00:00,416.2167832167832,5.256503491968542
2012-07-31 00:00:00+00:00,388.4300699300699,4.546083907981019
2012-08-01 00:00:00+00:00,403.6993006993007,4.674895106495677
2012-08-02 00:00:00+00:00,424.8068181818182,8.958712123560183
2012-08-03 00:00:00+00:00,444.16438356164383,3.075159812082439
2012-08-04 00:00:00+00:00,404.53146853146853,4.620419576451495
2012-08-05 00:00:00+00:00,355.5839160839161,4.766013987414487
2012-08-06 00:00:00+00:00,369.2412587412587,5.649090894452342
2012-08-07 00:00:00+00:00,404.2587412587413,6.971538487847869
2012-08-08 00:00:00+00:00,380.33916083916085,6.841958056796681
2012-08-09 00:00:00+00:00,341.73426573426576,5.84618881365636
2012-08-10 00:00:00+00:00,311.81468531468533,8.820244752443754
2012-08-11 00:00:00+00:00,330.6468531468532,7.086853154889353
2012-08-12 00:00:00+00:00,362.4475524475524,10.492657381337839
2012-08-13 00:00:00+00:00,444.63286713286715,5.1022028072730645
2012-08-14 00:00:00+00:00,489.34965034965035,3.968916096053757
2012-08-15 00:00:00+00:00,459.26223776223776,3.9068881214915456
2012-08-16 00:00:00+00:00,492.34965034965035,5.445769234137102
2012-08-17 00:00:00+00:00,408.74825174825173,5.217797199746112
2012-08-18 00:00:00+00:00,399.6013986013986,7.559440561733045
2012-08-19 00:00:00+00:00,486.14335664335664,6.274685324801432
2012-08-20 00:00:00+00:00,552.8986013986014,3.739825179526856
2012-08-21 00:00:00+00:00,450.7979797979798,3.2849494977430864
2012-08-22 00:00:00+00:00,387.26573426573424,6.221118896157591
2012-08-23 00:00:00+00:00,402.9825174825175,5.239230771164794
2012-08-24 00:00:00+00:00,392.82167832167835,9.665244762714092
2012-08-25 00:00:00+00:00,536.9020979020979,5.727867138135683
2012-08-26 00:00:00+00:00,554.9965034965035,3.5478671343176513
2012-08-27 00:00:00+00:00,598.3461538461538,1.3830769232936673
2012-08-28 00:00:00+00:00,479.5940959409594,1.5850553475182874
2012-08-29 00:00:00+00:00,499.95104895104896,1.3511888099300278
2012-08-30 00:00:00+00:00,425.15384615384613,2.4895804215978075
2012-08-31 00:00:00+00:00,341.1363636363636,5.000629365027367
2013-09-01 00:00:00+00:00,495.24475524475525,2.8869580401407253
2013-09-02 00:00:00+00:00,454.6468531468532,3.705664335014103
2013-09-03 00:00:00+00:00,411.1029411764706,6.409227943595718
2013-09-04 00:00:00+00:00,462.0933333333333,3.396222227944268
2013-09-05 00:00:00+00:00,434.56293706293707,3.150629373697134
2013-09-06 00:00:00+00:00,393.33916083916085,3.9881818173648593
2013-09-07 00:00:00+00:00,370.83916083916085,4.5847552389531705
2013-09-08 00:00:00+00:00,379.6188811188811,4.940384611383185
2013-09-09 00:00:00+00:00,356.2132867132867,4.383636353732823
2013-09-10 00:00:00+00:00,353.0699300699301,7.556958050160975
2013-09-11 00:00:00+00:00,392.77972027972027,6.398426572759669
2013-09-12 00:00:00+00:00,396.5699300699301,8.596363642832616
2013-09-13 00:00:00+00:00,494.1293706293706,6.000069935838659
2013-09-14 00:00:00+00:00,510.1958041958042,2.159405594105487
2013-09-15 00:00:00+00:00,414.84265734265733,3.8359790306824904
2013-09-16 00:00:00+00:00,375.2307692307692,3.85213286226446
2013-09-17 00:00:00+00:00,385.15034965034965,8.053636356667205
2013-09-18 00:00:00+00:00,453.8041958041958,5.535979025013797
2013-09-19 00:00:00+00:00,530.6048951048951,2.7877972034307628
2013-09-20 00:00:00+00:00,470.3951048951049,2.5399650385329773
2013-09-21 00:00:00+00:00,417.22027972027973,3.753531477668069
2013-09-22 00:00:00+00:00,400.013986013986,4.250069939173185
2013-09-23 00:00:00+00:00,372.541958041958,4.475559443860621
2013-09-24 00:00:00+00:00,402.38576779026215,8.949962526671449
2013-09-25 00:00:00+00:00,412.43617021276594,3.928900714461685
2013-09-26 00:00:00+00:00,338.2042253521127,5.136021122966014
2013-09-27 00:00:00+00:00,314.7420494699647,6.689293290195533
2013-09-28 00:00:00+00:00,312.93706293706293,4.7980769147406095
2013-09-29 00:00:00+00:00,320.54285714285714,5.5023214519023895
2013-09-30 00:00:00+00:00,304.47777777777776,6.597777764002482
2013-10-01 00:00:00+00:00,328.74460431654677,10.316402851248817
2013-10-02 00:00:00+00:00,594.020979020979,8.779510525139896
2013-10-03 00:00:00+00:00,482.05944055944053,1.3334965055639094
2013-10-04 00:00:00+00:00,377.05944055944053,3.113286720289217
2013-10-05 00:00:00+00:00,345.7132867132867,3.422237768873468
2013-10-06 00:00:00+00:00,296.43,7.060199990272522
2013-10-07 00:00:00+00:00,300.25,9.766999983787537
2013-10-08 00:00:00+00:00,357.1685393258427,18.522415737087808
2013-10-09 00:00:00+00:00,530.9204545454545,5.103522755882957
2013-10-10 00:00:00+00:00,465.2910798122066,2.7931455379360717
2013-10-11 00:00:00+00:00,404.1993006993007,2.555314689666241
2013-10-12 00:00:00+00:00,367.8251748251748,5.3951748334444485
2013-10-13 00:00:00+00:00,336.2692307692308,5.926993003258338
2013-10-14 00:00:00+00:00,408.5034965034965,8.325104865994486
2013-10-15 00:00:00+00:00,522.4055944055945,3.3877622364284274
2013-10-16 00:00:00+00:00,480.96853146853147,2.9904195803862352
2013-10-17 00:00:00+00:00,436.7307692307692,3.362202788566376
2013-10-18 00:00:00+00:00,373.15034965034965,3.5233216835902286
2013-10-19 00:00:00+00:00,340.34965034965035,4.267132866632688
2013-10-20 00:00:00+00:00,301.83916083916085,6.270000007602718
2013-10-21 00:00:00+00:00,292.0996441281139,9.038647690701739
2013-10-22 00:00:00+00:00,333.5769230769231,9.935139812789597
2013-10-23 00:00:00+00:00,350.8111888111888,4.384195808764105
2013-10-24 00:00:00+00:00,340.73851590106005,5.18957596448622
2013-10-25 00:00:00+00:00,325.7307692307692,4.7266783122416145
2013-10-26 00:00:00+00:00,284.4020979020979,6.1445454659161864
2013-10-27 00:00:00+00:00,290.7027972027972,9.821153857491232
2013-10-28 00:00:00+00:00,288.11538461538464,8.306258751795841
2013-10-29 00:00:00+00:00,321.8706293706294,13.413811205150363
2013-10-30 00:00:00+00:00,343.44055944055947,11.565909093910165
2013-10-31 00:00:00+00:00,374.36013986013984,7.384860125038173
2013-11-01 00:00:00+00:00,370.3531468531468,6.232762246698766
2013-11-02 00:00:00+00:00,342.2692307692308,7.358461550065687
2013-11-03 00:00:00+00:00,379.6713286713287,5.580349655834945
2013-11-04 00:00:00+00:00,375.3776223776224,3.2360839118490685
2013-11-05 00:00:00+00:00,341.6363636363636,4.092167838470085
2013-11-06 00:00:00+00:00,343.31468531468533,6.819195804896054
2013-11-07 00:00:00+00:00,366.3776223776224,7.925000009003219
2013-11-08 00:00:00+00:00,385.9963503649635,6.232554738538979
2013-11-09 00:00:00+00:00,505.74475524475525,6.2266084139163675
2013-11-10 00:00:00+00:00,572.0,2.0781818157309417
2013-11-11 00:00:00+00:00,486.86713286713285,4.404860154732124
2013-11-12 00:00:00+00:00,421.66083916083915,2.3993706361397162
2013-11-13 00:00:00+00:00,381.1888111888112,3.5930419643442115
2013-11-14 00:00:00+00:00,356.34265734265733,4.643496517534857
2013-11-15 00:00:00+00:00,336.3986013986014,12.785524443312958
2013-11-16 00:00:00+00:00,469.1643356643357,8.065489526812014
2013-11-17 00:00:00+00:00,477.6993006993007,2.2713636345379835
2013-11-18 00:00:00+00:00,391.33916083916085,3.4790559461066772
2013-11-19 00:00:00+00:00,380.2307692307692,4.37646853006803
2013-11-20 00:00:00+00:00,383.57342657342656,4.218986025223365
2013-11-21 00:00:00+00:00,345.73426573426576,3.90237762211086
2013-11-22 00:00:00+00:00,318.16783216783216,6.236363637697447
2013-11-23 00:00:00+00:00,344.3041958041958,6.44821677424691
2013-11-24 00:00:00+00:00,316.8041958041958,5.976083927221231
2013-11-25 00:00:00+00:00,303.45454545454544,5.925734254863713
2013-11-26 00:00:00+00:00,297.465034965035,6.442622373987745
2013-11-27 00:00:00+00:00,293.0446096654275,7.329219330642303
2013-11-28 00:00:00+00:00,288.7167832167832,9.12370631411359
2013-11-29 00:00:00+00:00,310.8776223776224,12.594440546902744
2013-11-30 00:00:00+00:00,399.63286713286715,7.083181810545755
2013-12-01 00:00:00+00:00,490.92657342657344,3.913566442844751
2013-12-02 00:00:00+00:00,438.2412587412587,1.7647552419375707
2013-12-03 00:00:00+00:00,391.6048951048951,4.932552462691194
2013-12-04 00:00:00+00:00,369.5804195804196,4.584825176459092
2013-12-05 00:00:00+00:00,349.493006993007,4.448496508431601
2013-12-06 00:00:00+00:00,354.2097902097902,6.272937071906937
2013-12-07 00:00:00+00:00,331.66083916083915,11.177447534107662
2013-12-08 00:00:00+00:00,554.2027972027972,5.703566421578814
2013-12-09 00:00:00+00:00,453.0944055944056,3.010314686315043
2013-12-10 00:00:00+00:00,396.7937062937063,4.064965040533693
2013-12-11 00:00:00+00:00,357.6643356643357,4.797342661377433
2013-12-12 00:00:00+00:00,305.23776223776224,6.4571678471731975
2013-12-13 00:00:00+00:00,294.7972027972028,14.38741257474139
2013-12-14 00:00:00+00:00,452.84965034965035,8.480244730735992
2013-12-15 00:00:00+00:00,491.7937062937063,6.70524475937123
2013-12-16 00:00:00+00:00,447.8916083916084,2.266643354525933
2013-12-17 00:00:00+00:00,397.9298245614035,3.012596497619361
2013-12-18 00:00:00+00:00,356.8357142857143,5.075178576367242
2013-12-19 00:00:00+00:00,363.64285714285717,5.068500016842569
2013-12-20 00:00:00+00:00,356.1293706293706,4.595384616118211
2013-12-21 00:00:00+00:00,347.27272727272725,4.8611538501886224
2013-12-22 00:00:00+00:00,339.7937062937063,5.1948601457622505
2013-12-23 00:00:00+00:00,300.81052631578945,7.350947353296113
2013-12-24 00:00:00+00:00,294.52296819787983,8.881130764425432
2013-12-25 00:00:00+00:00,300.77272727272725,12.373041971580133
2013-12-26 00:00:00+00:00,285.3041958041958,9.091048935910205
2013-12-27 00:00:00+00:00,302.7368421052632,7.591964930818792
2013-12-28 00:00:00+00:00,314.68070175438595,8.260982449849447
2013-12-29 00:00:00+00:00,359.15734265734267,4.527727269626164
2013-12-30 00:00:00+00:00,320.2421052631579,7.043473693780732
2013-12-31 00:00:00+00:00,376.54545454545456,6.00174826258546
2014-01-01 00:00:00+00:00,445.88421052631577,10.01196488999484
2014-01-02 00:00:00+00:00,562.8006993006993,4.604370632371702
2014-01-03 00:00:00+00:00,519.4020979020979,3.550559439025559
2014-01-04 00:00:00+00:00,496.3964912280702,3.0587368442301166
2014-01-05 00:00:00+00:00,446.434628975265,2.8408127214377843
2014-01-06 00:00:00+00:00,365.340782122905,3.6717877208187595
2014-01-07 00:00:00+00:00,391.30357142857144,9.496339250888143
2014-01-08 00:00:00+00:00,356.06643356643355,8.430839167608248
2014-01-09 00:00:00+00:00,419.8881118881119,4.566398604766472
2014-01-10 00:00:00+00:00,419.56293706293707,6.035804190835752
2014-01-11 00:00:00+00:00,407.7902097902098,5.046503503005821
2014-01-12 00:00:00+00:00,559.5244755244755,2.3366083886239912
2014-01-13 00:00:00+00:00,683.0629370629371,1.2672027961149082
2014-01-14 00:00:00+00:00,627.8356643356643,1.9832517463010508
2014-01-15 00:00:00+00:00,498.013986013986,1.1362937063603968
2014-01-16 00:00:00+00:00,398.05944055944053,3.4140909130756674
2014-01-17 00:00:00+00:00,378.2412587412587,3.405419583087201
2014-01-18 00:00:00+00:00,309.66783216783216,7.8766783184104865
2014-01-19 00:00:00+00:00,307.8421052631579,7.799543887690494
2014-01-20 00:00:00+00:00,321.85664335664336,8.380944060278939
2014-01-21 00:00:00+00:00,364.38461538461536,12.379685332725098
2014-01-22 00:00:00+00:00,521.9020979020979,3.282027967743107
2014-01-23 00:00:00+00:00,436.9632653061224,4.3333061276649945
2014-01-24 00:00:00+00:00,380.2237762237762,5.305909081772491
2014-01-25 00:00:00+00:00,367.6888111888112,5.990734267901708
2014-01-26 00:00:00+00:00,367.93706293706293,6.079160832024955
2014-01-27 00:00:00+00:00,344.15384615384613,6.206678331315101
2014-01-28 00:00:00+00:00,339.6223776223776,6.929125855852674
2014-01-29 00:00:00+00:00,450.8706293706294,3.618076918008444
2014-01-30 00:00:00+00:00,379.8951048951049,3.387902103103958
2014-01-31 00:00:00+00:00,348.43706293706293,4.3388111858101155
2014-02-01 00:00:00+00:00,329.16783216783216,8.419545452077905
2014-02-02 00:00:00+00:00,394.3916083916084,6.023986019454636
2014-02-03 00:00:00+00:00,388.5567765567766,8.7568498251639
2014-02-04 00:00:00+00:00,358.92657342657344,9.577062928593243
2014-02-05 00:00:00+00:00,377.5944055944056,6.284055957427392
2014-02-06 00:00:00+00:00,399.8181818181818,3.1441258736006863
2014-02-07 00:00:00+00:00,397.22027972027973,4.5044755316697636
2014-02-08 00:00:00+00:00,460.54895104895104,5.3772727413610975
2014-02-09 00:00:00+00:00,438.6643356643357,4.9293007042024515
2014-02-10 00:00:00+00:00,487.3041958041958,3.636923077223184
2014-02-11 00:00:00+00:00,468.5944055944056,4.966223779779214
2014-02-12 00:00:00+00:00,446.2132867132867,1.8007692261175676
2014-02-13 00:00:00+00:00,378.8916083916084,4.31709789396166
2014-02-14 00:00:00+00:00,342.1083916083916,6.33975525335832
2014-02-15 00:00:00+00:00,379.8829268292683,11.711512232989799
2014-02-16 00:00:00+00:00,413.0874125874126,8.531643355226183
2014-02-17 00:00:00+00:00,408.1118881118881,3.083111888878829
2014-02-18 00:00:00+00:00,393.1993006993007,5.061363622025176
2014-02-19 00:00:00+00:00,483.3076923076923,7.64398602880798
2014-02-20 00:00:00+00:00,587.3041958041958,3.538566436384108
2014-02-21 00:00:00+00:00,497.5874125874126,2.0732517473764354
2014-02-22 00:00:00+00:00,449.74825174825173,3.286363640865246
2014-02-23 00:00:00+00:00,473.6932773109244,9.25466386009665
2014-02-24 00:00:00+00:00,486.8,3.330285715083687
2014-02-25 00:00:00+00:00,415.9895104895105,3.841923072621539
2014-02-26 00:00:00+00:00,376.4160839160839,6.063741250471636
2014-02-27 00:00:00+00:00,402.6048951048951,10.92559443487154
2014-02-28 00:00:00+00:00,419.2097902097902,7.305699306768137
2014-03-01 00:00:00+00:00,396.8881118881119,4.946608390007819
2014-03-02 00:00:00+00:00,382.8531468531468,3.903216782149735
2014-03-03 00:00:00+00:00,353.513986013986,4.716573425106235
2014-03-04 00:00:00+00:00,386.1048951048951,6.0451398646081245
2014-03-05 00:00:00+00:00,438.72027972027973,4.699405595972822
2014-03-06 00:00:00+00:00,464.54895104895104,2.7656643323965007
2014-03-07 00:00:00+00:00,428.5874125874126,2.4711888090713874
2014-03-08 00:00:00+00:00,384.4020979020979,3.711398600698351
2014-03-09 00:00:00+00:00,343.9825174825175,6.856153829948052
2014-03-10 00:00:00+00:00,325.15034965034965,8.888846143975957
2014-03-11 00:00:00+00:00,330.40425531914894,6.85315603229171
2014-03-12 00:00:00+00:00,308.3986013986014,11.022027986866611
2014-03-13 00:00:00+00:00,387.6363636363636,10.385174810469568
2014-03-14 00:00:00+00:00,436.34265734265733,3.5483566372544617
2014-03-15 00:00:00+00:00,402.2132867132867,3.058006997708674
2014-03-16 00:00:00+00:00,351.66783216783216,4.646888117690186
2014-03-17 00:00:00+00:00,301.3776223776224,8.867377629646889
2014-03-18 00:00:00+00:00,327.30281690140845,10.36080986345318
2014-03-19 00:00:00+00:00,335.39084507042253,8.716514122318214
2014-03-20 00:00:00+00:00,330.0236220472441,11.819566948207344
2014-03-21 00:00:00+00:00,356.2864583333333,7.5583333385487395
2014-03-22 00:00:00+00:00,447.3776223776224,5.6337762245765095
2014-03-23 00:00:00+00:00,477.9438596491228,2.7391228073521665
2014-03-24 00:00:00+00:00,434.93706293706293,3.38524476631538
2014-03-25 00:00:00+00:00,386.1818181818182,8.327867121963234
2014-03-26 00:00:00+00:00,402.5839160839161,9.456818195489737
2014-03-27 00:00:00+00:00,403.18531468531467,4.129055945189683
2014-03-28 00:00:00+00:00,430.8916083916084,3.0075524436843977
2014-03-29 00:00:00+00:00,426.43356643356645,3.1133566444570366
2014-03-30 00:00:00+00:00,433.2902097902098,4.306468527633827
2014-03-31 00:00:00+00:00,393.8181818181818,5.639720279853661
2014-04-01 00:00:00+00:00,408.94055944055947,4.877027967593053
2014-04-02 00:00:00+00:00,418.34615384615387,3.813286725040916
2014-04-03 00:00:00+00:00,382.1363636363636,6.768321672519604
2014-04-04 00:00:00+00:00,434.5699300699301,3.4816433541424625
2014-04-05 00:00:00+00:00,459.18531468531467,8.305384601746406
2014-04-06 00:00:00+00:00,390.63286713286715,8.207552438015705
2014-04-07 00:00:00+00:00,377.3636363636364,8.600279718845874
2014-04-08 00:00:00+00:00,421.513986013986,3.5809790212791284
2014-04-09 00:00:00+00:00,461.45454545454544,1.5629720264798277
2014-04-10 00:00:00+00:00,396.534965034965,2.357832173784296
2014-04-11 00:00:00+00:00,361.2867132867133,7.203531480335689
2014-04-12 00:00:00+00:00,350.1013986013986,6.9402097913768745
2014-04-13 00:00:00+00:00,350.88461538461536,7.472342667879758
2014-04-14 00:00:00+00:00,374.5104895104895,4.989475531177921
2014-04-15 00:00:00+00:00,347.7762237762238,5.051853158257225
2014-04-16 00:00:00+00:00,305.486013986014,10.459265730597757
2014-04-17 00:00:00+00:00,384.93333333333334,8.933859639418753
2014-04-18 00:00:00+00:00,437.90909090909093,5.2753846211866895
2014-04-19 00:00:00+00:00,501.2327272727273,4.508654535466975
2014-04-20 00:00:00+00:00,634.5174825174826,3.8399300829513923
2014-04-21 00:00:00+00:00,562.2482517482517,3.8018881186738716
2014-04-22 00:00:00+00:00,455.9230769230769,4.240699304150534
2014-04-23 00:00:00+00:00,405.8251748251748,5.263601398134565
2014-04-24 00:00:00+00:00,438.965034965035,4.026923074172093
2014-04-25 00:00:00+00:00,424.25174825174827,3.201783215249335
2014-04-26 00:00:00+00:00,364.44444444444446,4.754962972358421
2014-04-27 00:00:00+00:00,350.11538461538464,4.746258742325789
2014-04-28 00:00:00+00:00,321.7097902097902,6.51769231582855
2014-04-29 00:00:00+00:00,289.6083916083916,9.006258742792623
2014-04-30 00:00:00+00:00,305.42402826855124,10.752190819056212
2015-05-01 00:00:00+00:00,425.34965034965035,5.345000006102182
2015-05-02 00:00:00+00:00,416.7902097902098,5.553671327087429
2015-05-03 00:00:00+00:00,397.24825174825173,4.6989860134524895
2015-05-04 00:00:00+00:00,380.55944055944053,5.43447552527581
2015-05-05 00:00:00+00:00,370.0524475524476,5.027202799603655
2015-05-06 00:00:00+00:00,459.7027972027972,9.801188803219295
2015-05-07 00:00:00+00:00,415.47202797202794,5.085454550656405
2015-05-08 00:00:00+00:00,371.013986013986,5.26416083545118
2015-05-09 00:00:00+00:00,398.513986013986,4.799825173574728
2015-05-10 00:00:00+00:00,379.5874125874126,6.52667832541299
2015-05-11 00:00:00+00:00,359.4160839160839,7.740699277891146
2015-05-12 00:00:00+00:00,394.6643356643357,13.21188809321477
2015-05-13 00:00:00+00:00,659.7902097902098,3.9729020903994154
2015-05-14 00:00:00+00:00,643.4965034965035,1.9428671285822674
2015-05-15 00:00:00+00:00,515.513986013986,2.1693006970665674
2015-05-16 00:00:00+00:00,431.986013986014,4.526188812055788
2015-05-17 00:00:00+00:00,379.4965034965035,8.630314688582521
2015-05-18 00:00:00+00:00,399.6888111888112,11.239755268697138
2015-05-19 00:00:00+00:00,515.0631578947368,5.650245615473965
2015-05-20 00:00:00+00:00,454.66783216783216,3.0498601410772417
2015-05-21 00:00:00+00:00,389.6818181818182,2.8863636438663187
2015-05-22 00:00:00+00:00,359.84265734265733,4.050069929002882
2015-05-23 00:00:00+00:00,328.1818181818182,6.6360839363578314
2015-05-24 00:00:00+00:00,331.12587412587413,7.648601391932347
2015-05-25 00:00:00+00:00,318.84615384615387,8.933286726891577
2015-05-26 00:00:00+00:00,310.23426573426576,13.663916070978125
2015-05-27 00:00:00+00:00,310.7062937062937,7.5277972154684
2015-05-28 00:00:00+00:00,332.3636363636364,9.892027989967719
2015-05-29 00:00:00+00:00,391.6188811188811,7.296223767153867
2015-05-30 00:00:00+00:00,385.4160839160839,6.026468514145671
2015-05-31 00:00:00+00:00,359.2762237762238,7.523251747751569
2015-06-01 00:00:00+00:00,345.6713286713287,6.640349635711083
2015-06-02 00:00:00+00:00,339.46153846153845,6.645769231802934
2015-06-03 00:00:00+00:00,313.72030651341,9.366513403896171
2015-06-04 00:00:00+00:00,296.8425925925926,7.251666673907527
2015-06-05 00:00:00+00:00,289.63513513513516,9.313648668495384
2015-06-06 00:00:00+00:00,320.925,9.861250001192094
2015-06-07 00:00:00+00:00,315.112,14.808559951782227
2015-06-08 00:00:00+00:00,579.2705882352941,4.9770588313832
2015-06-09 00:00:00+00:00,601.0769230769231,3.942179484245105
2015-06-10 00:00:00+00:00,603.0375,3.1898749962449076
2015-06-11 00:00:00+00:00,556.5612244897959,2.6002040748693505
2015-06-12 00:00:00+00:00,484.4671052631579,9.62401316667858
2015-06-13 00:00:00+00:00,494.66990291262135,5.70174756906565
2015-06-14 00:00:00+00:00,553.0874125874126,7.452937065304576
2015-06-15 00:00:00+00:00,567.1258741258741,2.9810489478644793
2015-06-16 00:00:00+00:00,519.0594405594405,4.156993008160091
2015-06-17 00:00:00+00:00,489.66269841269843,4.09833334173475
2015-06-18 00:00:00+00:00,417.6993006993007,3.2379370652712307
2015-06-19 00:00:00+00:00,367.74475524475525,3.5035314584945465
2015-06-20 00:00:00+00:00,304.7692307692308,7.804860132557529
2015-06-21 00:00:00+00:00,329.11538461538464,12.08583921152395
2015-06-22 00:00:00+00:00,497.1713286713287,18.911223820039442
2015-06-23 00:00:00+00:00,635.3811188811189,3.3883216636372615
2015-06-24 00:00:00+00:00,645.6993006993007,2.4757692330367083
2015-06-25 00:00:00+00:00,619.4020979020979,5.105629380974737
2015-06-26 00:00:00+00:00,516.4895104895105,2.2042657313021747
2015-06-27 00:00:00+00:00,590.013986013986,1.7313286701699238
2015-06-28 00:00:00+00:00,466.8006993006993,2.7464335644161784
2015-06-29 00:00:00+00:00,412.3531468531468,4.362307708580177
2015-06-30 00:00:00+00:00,395.3356643356643,5.740699313737296
2015-07-01 00:00:00+00:00,398.034965034965,5.406293694789593
2015-07-02 00:00:00+00:00,361.0979020979021,4.1699650362655
2015-07-03 00:00:00+00:00,307.52097902097904,8.73979021119071
2015-07-04 00:00:00+00:00,399.85664335664336,15.765489504887508
2015-07-05 00:00:00+00:00,501.06643356643355,5.240559439559083
2015-07-06 00:00:00+00:00,498.0769230769231,3.0279020967183414
2015-07-07 00:00:00+00:00,453.2762237762238,2.391503501188505
2015-07-08 00:00:00+00:00,392.22027972027973,4.638181829785967
2015-07-09 00:00:00+00:00,380.45454545454544,4.825174831010245
2015-07-10 00:00:00+00:00,363.75524475524475,8.393461544196922
2015-07-11 00:00:00+00:00,589.083916083916,8.01206294139782
2015-07-12 00:00:00+00:00,594.6223776223776,2.5953146836140775
2015-07-13 00:00:00+00:00,545.4335664335664,5.824230745955781
2015-07-14 00:00:00+00:00,475.1643356643357,3.460629368161822
2015-07-15 00:00:00+00:00,536.4580419580419,3.0840209772536804
2015-07-16 00:00:00+00:00,491.86013986013984,2.6339160804148323
2015-07-17 00:00:00+00:00,415.93356643356645,3.4569580409076663
2015-07-18 00:00:00+00:00,333.7902097902098,5.281713287313502
2015-07-19 00:00:00+00:00,292.1048951048951,11.207657327185144
2015-07-20 00:00:00+00:00,307.9300699300699,13.018111919189666
2015-07-21 00:00:00+00:00,393.68110236220474,14.185708676736185
2015-07-22 00:00:00+00:00,372.5128205128205,14.081752074070465
2015-07-23 00:00:00+00:00,446.493006993007,6.5093007121052775
2015-07-24 00:00:00+00:00,431.63380281690144,3.587218311051248
2015-07-25 00:00:00+00:00,423.2027972027972,4.343251738514933
2015-07-26 00:00:00+00:00,432.43356643356645,3.6408041953206896
2015-07-27 00:00:00+00:00,487.05594405594405,6.221643353675629
2015-07-28 00:00:00+00:00,458.35664335664336,4.721503508674515
2015-07-29 00:00:00+00:00,396.86013986013984,5.170454558792648
2015-07-30 00:00:00+00:00,388.46853146853147,7.622167837369692
2015-07-31 00:00:00+00:00,506.6748251748252,7.054195832539271
2015-08-01 00:00:00+00:00,568.6713286713286,3.2313636432994497
2015-08-02 00:00:00+00:00,580.2097902097902,2.61891608763408
2015-08-03 00:00:00+00:00,509.95104895104896,2.6631468576151174
2015-08-04 00:00:00+00:00,457.6888111888112,3.1693356620681867
2015-08-05 00:00:00+00:00,405.52097902097904,4.929755248389878
2015-08-06 00:00:00+00:00,503.33216783216784,5.324895121000863
2015-08-07 00:00:00+00:00,525.0034965034965,5.083531471815976
2015-08-08 00:00:00+00:00,505.9230769230769,5.356564099972065
2015-08-09 00:00:00+00:00,531.5734265734266,5.467272727639525
2015-08-10 00:00:00+00:00,505.3251748251748,4.684055956927213
2015-08-11 00:00:00+00:00,431.6958041958042,3.9836713217355153
2015-08-12 00:00:00+00:00,406.53333333333336,6.6206274528129425
2015-08-13 00:00:00+00:00,376.3333333333333,5.925151523573574
2015-08-14 00:00:00+00:00,347.7237762237762,6.397552441883754
2015-08-15 00:00:00+00:00,457.3636363636364,11.836643328199854
2015-08-16 00:00:00+00:00,529.1188811188811,7.027972012133032
2015-08-17 00:00:00+00:00,565.4895104895105,3.7784964988281677
2015-08-18 00:00:00+00:00,487.9825174825175,2.76125874010833
2015-08-19 00:00:00+00:00,481.7307692307692,4.685349651149936
2015-08-20 00:00:00+00:00,499.97902097902096,4.298146858915582
2015-08-21 00:00:00+00:00,465.33916083916085,3.2969580413578274
2015-08-22 00:00:00+00:00,396.47202797202794,7.944370634905942
2015-08-23 00:00:00+00:00,489.8041958041958,7.896573438511028
2015-08-24 00:00:00+00:00,473.72027972027973,3.422377618042739
2015-08-25 00:00:00+00:00,411.0244755244755,6.123286709918842
2015-08-26 00:00:00+00:00,412.05944055944053,7.0131818222832845
2015-08-27 00:00:00+00:00,385.66083916083915,6.737972035274639
2015-08-28 00:00:00+00:00,392.5769230769231,9.309930051123345
2015-08-29 00:00:00+00:00,462.458041958042,7.959405583935184
2015-08-30 00:00:00+00:00,433.8181818181818,3.724300697966889
2015-08-31 00:00:00+00:00,396.13986013986016,4.937762244598015
2016-09-01 00:00:00+00:00,538.8914728682171,5.06767442244892
2016-09-02 00:00:00+00:00,610.4195804195804,4.760629377165041
2016-09-03 00:00:00+00:00,649.8671328671329,3.433671325236767
2016-09-04 00:00:00+00:00,651.5,2.5982867200057824
2016-09-05 00:00:00+00:00,562.0979020979021,3.1764685228154375
2016-09-06 00:00:00+00:00,514.9026217228464,2.486779026324383
2016-09-07 00:00:00+00:00,471.09090909090907,3.9368181862197558
2016-09-08 00:00:00+00:00,462.91984732824426,5.016335881393374
2016-09-09 00:00:00+00:00,381.9316239316239,4.0635897613998155
2016-09-10 00:00:00+00:00,366.8181818181818,4.382657338689257
2016-09-11 00:00:00+00:00,354.7097902097902,4.363706298641391
2016-09-12 00:00:00+00:00,304.965034965035,9.381468514462451
2016-09-13 00:00:00+00:00,286.1748251748252,8.366573410434322
2016-09-14 00:00:00+00:00,319.36013986013984,7.9765734180703864
2016-09-15 00:00:00+00:00,301.1048951048951,7.816013968074238
2016-09-16 00:00:00+00:00,294.07719298245615,9.150350891916375
2016-09-17 00:00:00+00:00,305.7832167832168,11.932657321849904
2016-09-18 00:00:00+00:00,334.5979020979021,8.206573436310242
2016-09-19 00:00:00+00:00,387.61921708185054,10.70099642947051
2016-09-20 00:00:00+00:00,661.8875,3.154458333551884
2016-09-21 00:00:00+00:00,500.8926553672316,2.837005654297306
2016-09-22 00:00:00+00:00,456.1118881118881,3.640944069082087
2016-09-23 00:00:00+00:00,374.3111888111888,6.113706294473235
2016-09-24 00:00:00+00:00,356.7237762237762,6.901223777057408
2016-09-25 00:00:00+00:00,373.2027972027972,9.009790193784488
2016-09-26 00:00:00+00:00,418.9074733096085,7.94889678140552
2016-09-27 00:00:00+00:00,548.0174825174826,5.037692305091378
2016-09-28 00:00:00+00:00,629.6573426573426,4.469930066928997
2016-09-29 00:00:00+00:00,665.2377622377622,3.1409440565776157
2016-09-30 00:00:00+00:00,615.1048951048951,2.629720278553196
2016-10-01 00:00:00+00:00,524.2762237762238,3.143706289204684
2016-10-02 00:00:00+00:00,493.041958041958,3.91737763448195
2016-10-03 00:00:00+00:00,496.7132867132867,3.6457342730535496
2016-10-04 00:00:00+00:00,516.3741258741259,3.619510493495248
2016-10-05 00:00:00+00:00,492.25174825174827,3.559265739434249
2016-10-06 00:00:00+00:00,431.38461538461536,5.037692313427692
2016-10-07 00:00:00+00:00,425.6958041958042,3.970909089475245
2016-10-08 00:00:00+00:00,408.7062937062937,4.759510496279576
2016-10-09 00:00:00+00:00,354.5944055944056,6.9676923101598565
2016-10-10 00:00:00+00:00,354.1643356643357,9.439195794659062
2016-10-11 00:00:00+00:00,390.27972027972027,4.912622377589033
2016-10-12 00:00:00+00:00,363.97902097902096,6.479615379046727
2016-10-13 00:00:00+00:00,410.493006993007,6.28692309464608
2016-10-14 00:00:00+00:00,366.2867132867133,7.752622387625954
2016-10-15 00:00:00+00:00,495.1118881118881,4.9246153823145615
2016-10-16 00:00:00+00:00,631.4020979020979,3.8567482524818475
2016-10-17 00:00:00+00:00,721.2377622377622,2.2744055923882063
2016-10-18 00:00:00+00:00,605.548951048951,2.285979018344746
2016-10-19 00:00:00+00:00,484.3706293706294,2.4100699324707886
2016-10-20 00:00:00+00:00,387.0804195804196,4.828776213672612
2016-10-21 00:00:00+00:00,353.43706293706293,6.069335664068903
2016-10-22 00:00:00+00:00,341.458041958042,9.306188841799756
2016-10-23 00:00:00+00:00,422.34965034965035,5.154965041400669
2016-10-24 00:00:00+00:00,388.0244755244755,10.496993001524386
2016-10-25 00:00:00+00:00,570.6293706293707,8.695524496632023
2016-10-26 00:00:00+00:00,669.8391608391609,2.996013993149871
2016-10-27 00:00:00+00:00,577.3916083916084,3.223041960826287
2016-10-28 00:00:00+00:00,576.2797202797203,3.4238811131123894
2016-10-29 00:00:00+00:00,601.3076923076923,3.8590209809216587
2016-10-30 00:00:00+00:00,575.6048951048951,2.5036713335063907
2016-10-31 00:00:00+00:00,487.25174825174827,2.9894755165893714
2016-11-01 00:00:00+00:00,462.1958041958042,4.347902112907463
2016-11-02 00:00:00+00:00,414.6713286713287,5.000524488779215
2016-11-03 00:00:00+00:00,391.52097902097904,7.128041965978129
2016-11-04 00:00:00+00:00,376.2132867132867,6.5075874161887
2016-11-05 00:00:00+00:00,357.1643356643357,6.089195805829721
2016-11-06 00:00:00+00:00,331.013986013986,5.996118880652047
2016-11-07 00:00:00+00:00,304.3986013986014,7.4339510419152
2016-11-08 00:00:00+00:00,286.47902097902096,8.687377606238519
2016-11-09 00:00:00+00:00,332.2762237762238,12.045664328795214
2016-11-10 00:00:00+00:00,385.04545454545456,8.284930065795258
2016-11-11 00:00:00+00:00,448.7692307692308,8.334230770597925
2016-11-12 00:00:00+00:00,622.9125874125874,5.26328670895183
2016-11-13 00:00:00+00:00,668.2447552447552,2.487097901481015
2016-11-14 00:00:00+00:00,600.0979020979021,2.8139160871505737
2016-11-15 00:00:00+00:00,528.3531468531469,2.2847202807873277
2016-11-16 00:00:00+00:00,429.10546875,3.4257031329907477
2016-11-17 00:00:00+00:00,370.3720930232558,4.623488370762315
2016-11-18 00:00:00+00:00,338.6764705882353,5.444411761620465
2016-11-19 00:00:00+00:00,325.44897959183675,8.21744898387364
2016-11-20 00:00:00+00:00,336.8666666666667,6.856555514865452
2016-11-21 00:00:00+00:00,336.976,9.846160007476806
2016-11-22 00:00:00+00:00,415.82608695652175,7.903912964074508
2016-11-23 00:00:00+00:00,423.64864864864865,4.800810825180363
2016-11-24 00:00:00+00:00,467.8636363636364,7.864090946587649
2016-11-25 00:00:00+00:00,625.3456790123457,2.4212345561863464
2016-11-26 00:00:00+00:00,613.3253012048193,2.5263855356767952
2016-11-27 00:00:00+00:00,540.3693693693693,2.287567567180943
2016-11-28 00:00:00+00:00,460.8484848484849,4.326060591322003
2016-11-29 00:00:00+00:00,408.05454545454546,3.3402727300470527
2016-11-30 00:00:00+00:00,379.3805970149254,4.152686567448858
2016-12-01 00:00:00+00:00,372.8916083916084,5.0462937054934205
2016-12-02 00:00:00+00:00,352.9055944055944,4.387097895562232
2016-12-03 00:00:00+00:00,312.68531468531467,6.346748267020379
2016-12-04 00:00:00+00:00,309.8076923076923,6.581923091328227
2016-12-05 00:00:00+00:00,325.31468531468533,8.507062941998035
2016-12-06 00:00:00+00:00,352.0944055944056,10.265419551542589
2016-12-07 00:00:00+00:00,392.1048951048951,8.415104871029621
2016-12-08 00:00:00+00:00,581.9567307692307,7.588750013938317
2016-12-09 00:00:00+00:00,663.8009708737864,3.5063592230232015
2016-12-10 00:00:00+00:00,668.0244755244755,2.4800349653183997
2016-12-11 00:00:00+00:00,605.479020979021,3.150244757845685
2016-12-12 00:00:00+00:00,520.8216783216783,3.720804191969491
2016-12-13 00:00:00+00:00,509.02797202797206,2.8888461568972446
2016-12-14 00:00:00+00:00,474.53846153846155,3.005664341933244
2016-12-15 00:00:00+00:00,405.1048951048951,3.5574825047613023
2016-12-16 00:00:00+00:00,380.84265734265733,4.423986024789877
2016-12-17 00:00:00+00:00,387.0530035335689,7.138268554589773
2016-12-18 00:00:00+00:00,414.0524475524476,7.146398600164827
2016-12-19 00:00:00+00:00,371.3286713286713,8.164090896819856
2016-12-20 00:00:00+00:00,354.9230769230769,6.421713300518222
2016-12-21 00:00:00+00:00,533.3741258741259,7.421853143852074
2016-12-22 00:00:00+00:00,636.1853146853147,3.3431818201825334
2016-12-23 00:00:00+00:00,706.4440559440559,2.1767482474133684
2016-12-24 00:00:00+00:00,646.7167832167833,2.920629369629013
2016-12-25 00:00:00+00:00,647.2937062937064,3.58538462315406
2016-12-26 00:00:00+00:00,681.2867132867133,2.6110139897653273
2016-12-27 00:00:00+00:00,580.3881118881119,2.625174825008099
2016-12-28 00:00:00+00:00,460.4125874125874,3.111293711445548
2016-12-29 00:00:00+00:00,390.493006993007,4.470769240305974
2016-12-30 00:00:00+00:00,351.9825174825175,4.870139854771274
2016-12-31 00:00:00+00:00,420.3076923076923,9.638181809778814
2017-01-01 00:00:00+00:00,519.9895104895105,4.707132869667107
2017-01-02 00:00:00+00:00,408.63286713286715,4.471363630328145
2017-01-03 00:00:00+00:00,453.29122807017546,10.047543806778757
2017-01-04 00:00:00+00:00,475.24825174825173,6.8997202994940166
2017-01-05 00:00:00+00:00,599.3286713286714,5.172237767623021
2017-01-06 00:00:00+00:00,704.2167832167833,2.2569580378232303
2017-01-07 00:00:00+00:00,700.3181818181819,1.9403846103411455
2017-01-08 00:00:00+00:00,677.7342657342657,2.217027973461818
2017-01-09 00:00:00+00:00,645.0287081339712,2.100861241657768
2017-01-10 00:00:00+00:00,570.6188811188811,2.5828321722003964
2017-01-11 00:00:00+00:00,494.34615384615387,3.3862587488614597
2017-01-12 00:00:00+00:00,403.3951048951049,5.048706278100714
2017-01-13 00:00:00+00:00,382.8986013986014,6.16489509769253
2017-01-14 00:00:00+00:00,376.5,3.814405591337831
2017-01-15 00:00:00+00:00,340.0804195804196,6.909510488276715
2017-01-16 00:00:00+00:00,320.43356643356645,9.064370628837105
2017-01-17 00:00:00+00:00,312.84615384615387,7.893461534193346
2017-01-18 00:00:00+00:00,485.2412587412587,10.408216784050415
2017-01-19 00:00:00+00:00,598.9755244755245,3.156538455636351
2017-01-20 00:00:00+00:00,540.1993006993007,2.9208391579714688
2017-01-21 00:00:00+00:00,502.65034965034965,4.730979026614369
2017-01-22 00:00:00+00:00,508.3951048951049,3.15622378354306
2017-01-23 00:00:00+00:00,449.93356643356645,3.388986015236461
2017-01-24 00:00:00+00:00,348.58704453441294,4.395506076967186
2017-01-25 00:00:00+00:00,356.7165991902834,6.744777300097199
2017-01-26 00:00:00+00:00,437.0769230769231,7.653951067190904
2017-01-27 00:00:00+00:00,598.5104895104895,4.375839159205244
2017-01-28 00:00:00+00:00,533.048951048951,4.2579021137077495
2017-01-29 00:00:00+00:00,461.5804195804196,3.662762235928249
2017-01-30 00:00:00+00:00,449.26573426573424,7.27164335475935
2017-01-31 00:00:00+00:00,638.7972027972028,5.802027983265323
2017-02-01 00:00:00+00:00,681.8111888111888,3.0611888182746783
2017-02-02 00:00:00+00:00,671.2692307692307,2.5769230794239713
2017-02-03 00:00:00+00:00,622.1258741258741,2.538846151812093
2017-02-04 00:00:00+00:00,557.5734265734266,2.359440556981347
2017-02-05 00:00:00+00:00,581.0561403508772,3.607122812773052
2017-02-06 00:00:00+00:00,556.534965034965,2.3437062981245402
2017-02-07 00:00:00+00:00,506.513986013986,3.0079370582853997
2017-02-08 00:00:00+00:00,474.7902097902098,3.503496512666449
2017-02-09 00:00:00+00:00,437.006993006993,4.173706292272447
2017-02-10 00:00:00+00:00,423.5174825174825,3.9189510478840006
2017-02-11 00:00:00+00:00,396.2097902097902,3.570874137478275
2017-02-12 00:00:00+00:00,362.25174825174827,3.5479021097396637
2017-02-13 00:00:00+00:00,328.8111888111888,6.672622370553183
2017-02-14 00:00:00+00:00,311.0524475524476,7.143636366704127
2017-02-15 00:00:00+00:00,320.27272727272725,7.436433568701044
2017-02-16 00:00:00+00:00,374.2237762237762,8.317867129832715
2017-02-17 00:00:00+00:00,492.50643776824035,6.460944228929511
2017-02-18 00:00:00+00:00,522.2169811320755,5.164528302426608
2017-02-19 00:00:00+00:00,553.9857142857143,2.9189999852861677
2017-02-20 00:00:00+00:00,510.66326530612247,3.8369387899126326
2017-02-21 00:00:00+00:00,439.5242718446602,3.295825251097818
2017-02-22 00:00:00+00:00,408.3274336283186,6.38911501707229
2017-02-23 00:00:00+00:00,540.2035398230089,6.44876107494388
2017-02-24 00:00:00+00:00,593.9755244755245,3.185629373663789
2017-02-25 00:00:00+00:00,493.6818181818182,2.9737412646100236
2017-02-26 00:00:00+00:00,410.2027972027972,3.3902797127937103
2017-02-27 00:00:00+00:00,362.66783216783216,10.294615405422824
2017-02-28 00:00:00+00:00,391.8986013986014,5.438007012113824
2017-03-01 00:00:00+00:00,522.93006993007,9.52954543053687
2017-03-02 00:00:00+00:00,663.8986013986014,2.985454552240305
2017-03-03 00:00:00+00:00,668.2797202797203,2.5955594407094944
2017-03-04 00:00:00+00:00,635.5909090909091,2.7109790152603095
2017-03-05 00:00:00+00:00,602.5419580419581,3.1185314671976583
2017-03-06 00:00:00+00:00,589.6118881118881,3.348216785834386
2017-03-07 00:00:00+00:00,566.7097902097902,2.782272729423496
2017-03-08 00:00:00+00:00,525.465034965035,3.50087412837502
2017-03-09 00:00:00+00:00,511.0839160839161,2.994790216425916
2017-03-10 00:00:00+00:00,456.93356643356645,3.938671339641918
2017-03-11 00:00:00+00:00,372.42657342657344,5.334160843929211
2017-03-12 00:00:00+00:00,375.965034965035,5.485174839313213
2017-03-13 00:00:00+00:00,350.33216783216784,5.491888122958737
2017-03-14 00:00:00+00:00,336.4315789473684,5.342350877795303
2017-03-15 00:00:00+00:00,363.04895104895104,6.840839170909428
2017-03-16 00:00:00+00:00,382.64335664335664,4.144965040100204
2017-03-17 00:00:00+00:00,345.95714285714286,4.802619049662636
2017-03-18 00:00:00+00:00,316.7902097902098,5.561538467040429
2017-03-19 00:00:00+00:00,315.55944055944053,5.799755238152884
2017-03-20 00:00:00+00:00,317.9183673469388,7.129306127587143
2017-03-21 00:00:00+00:00,527.8286713286714,9.19055946473475
2017-03-22 00:00:00+00:00,640.7167832167833,2.939440554672188
2017-03-23 00:00:00+00:00,596.0384615384615,2.92458042815015
2017-03-24 00:00:00+00:00,540.3881118881119,2.5084265728930495
2017-03-25 00:00:00+00:00,459.8811188811189,2.680349649249257
2017-03-26 00:00:00+00:00,369.541958041958,5.903426576327611
2017-03-27 00:00:00+00:00,550.4685314685315,7.9221678297002835
2017-03-28 00:00:00+00:00,653.8391608391609,2.8366783190440463
2017-03-29 00:00:00+00:00,614.5629370629371,2.8800349673191152
2017-03-30 00:00:00+00:00,598.6118881118881,3.710664330662547
2017-03-31 00:00:00+00:00,650.2293906810036,2.596379931682327
2017-04-01 00:00:00+00:00,560.3636363636364,2.442727271910314
2017-04-02 00:00:00+00:00,470.46285714285716,3.1885142803192137
2017-04-03 00:00:00+00:00,425.5524475524476,3.0143006994174075
2017-04-04 00:00:00+00:00,420.2307692307692,6.316643358944179
2017-04-05 00:00:00+00:00,424.4755244755245,4.5438112007988085
2017-04-06 00:00:00+00:00,459.2972027972028,3.777132876269467
2017-04-07 00:00:00+00:00,410.3881118881119,5.328007004477761
2017-04-08 00:00:00+00:00,534.3181818181819,5.086573424456003
2017-04-09 00:00:00+00:00,476.5839160839161,5.226188819308381
2017-04-10 00:00:00+00:00,433.67832167832165,4.658251743216614
2017-04-11 00:00:00+00:00,441.8111888111888,5.479999999066333
2017-04-12 00:00:00+00:00,441.8776223776224,2.6667482461129035
2017-04-13 00:00:00+00:00,391.8982456140351,3.8184210559778045
2017-04-14 00:00:00+00:00,407.034965034965,4.1607692177062265
2017-04-15 00:00:00+00:00,326.64335664335664,5.663636361802374
2017-04-16 00:00:00+00:00,341.7307692307692,5.048007004744523
2017-04-17 00:00:00+00:00,312.1223776223776,5.927097918270351
2017-04-18 00:00:00+00:00,318.3006993006993,11.46744755598215
2017-04-19 00:00:00+00:00,416.63286713286715,6.965489506721497
2017-04-20 00:00:00+00:00,557.1573426573426,4.330419582503659
2017-04-21 00:00:00+00:00,527.6468531468531,5.020629371379639
2017-04-22 00:00:00+00:00,690.0734265734266,4.878986021855495
2017-04-23 00:00:00+00:00,719.4685314685315,3.3023076961924147
2017-04-24 00:00:00+00:00,650.56993006993,2.403041959225715
2017-04-25 00:00:00+00:00,561.1048951048951,2.875804196287702
2017-04-26 00:00:00+00:00,503.73776223776224,2.5725874154717774
2017-04-27 00:00:00+00:00,443.2692307692308,2.4762587393080437
2017-04-28 00:00:00+00:00,386.4475524475524,3.878146868485671
2017-04-29 00:00:00+00:00,370.56293706293707,5.59328671935555
2017-04-30 00:00:00+00:00,365.22727272727275,5.6715034946695075
2018-05-01 00:00:00+00:00,386.0181818181818,4.101636374213479
2018-05-02 00:00:00+00:00,354.46853146853147,6.0711188816524055
2018-05-03 00:00:00+00:00,340.73426573426576,5.982657345858487
2018-05-04 00:00:00+00:00,350.5492227979275,5.237564793522494
2018-05-05 00:00:00+00:00,371.2637362637363,6.949780228373768
2018-05-06 00:00:00+00:00,620.1428571428571,3.990612259932927
2018-05-07 00:00:00+00:00,608.3692307692307,3.2470769276985756
2018-05-08 00:00:00+00:00,613.2448979591836,2.9239795925665875
2018-05-09 00:00:00+00:00,596.8865979381443,2.706185564552386
2018-05-10 00:00:00+00:00,526.980198019802,2.6261386186769693
2018-05-11 00:00:00+00:00,457.36290322580646,3.8170967803847407
2018-05-12 00:00:00+00:00,455.6237623762376,3.603069329025722
2018-05-13 00:00:00+00:00,441.03053435114504,6.019541994305968
2018-05-14 00:00:00+00:00,371.59615384615387,4.278461543413309
2018-05-15 00:00:00+00:00,342.6776859504132,5.515041329643943
2018-05-16 00:00:00+00:00,319.5174825174825,7.86157342437264
2018-05-17 00:00:00+00:00,402.9160839160839,9.97139858615982
2018-05-18 00:00:00+00:00,409.42657342657344,3.6134265798788805
2018-05-19 00:00:00+00:00,374.96153846153845,3.736818189387555
2018-05-20 00:00:00+00:00,363.67832167832165,3.8074825226843774
2018-05-21 00:00:00+00:00,317.66783216783216,6.705139845401257
2018-05-22 00:00:00+00:00,324.4230769230769,12.369090942236094
2018-05-23 00:00:00+00:00,454.3776223776224,7.95297203280709
2018-05-24 00:00:00+00:00,455.6013986013986,3.2655944036437083
2018-05-25 00:00:00+00:00,380.85664335664336,3.819020984889744
2018-05-26 00:00:00+00:00,337.13986013986016,5.723321681256061
2018-05-27 00:00:00+00:00,354.9300699300699,5.288986008484047
2018-05-28 00:00:00+00:00,386.86013986013984,6.954195801194731
2018-05-29 00:00:00+00:00,378.7027972027972,7.119405576399156
2018-05-30 00:00:00+00:00,352.8636363636364,4.90342658216303
2018-05-31 00:00:00+00:00,396.63986013986016,7.1307342644338005
2018-06-01 00:00:00+00:00,628.9265734265734,4.450244758929406
2018-06-02 00:00:00+00:00,639.0708333333333,3.0430416822433473
2018-06-03 00:00:00+00:00,643.56993006993,2.0263636383143337
2018-06-04 00:00:00+00:00,572.5629370629371,1.984125877385373
2018-06-05 00:00:00+00:00,422.5524475524476,4.792937057835239
2018-06-06 00:00:00+00:00,409.7132867132867,4.1794755333787075
2018-06-07 00:00:00+00:00,383.55594405594405,5.172902098902456
2018-06-08 00:00:00+00:00,377.6013986013986,4.34534965611838
2018-06-09 00:00:00+00:00,328.93356643356645,5.4419230739553495
2018-06-10 00:00:00+00:00,323.34965034965035,6.008531462062489
2018-06-11 00:00:00+00:00,310.1468531468532,6.6139510461500475
2018-06-12 00:00:00+00:00,308.3041958041958,7.105279710742977
2018-06-13 00:00:00+00:00,304.8776223776224,8.352412578942893
2018-06-14 00:00:00+00:00,332.38461538461536,7.67615385322304
2018-06-15 00:00:00+00:00,323.27272727272725,6.330524466254494
2018-06-16 00:00:00+00:00,315.03846153846155,5.818251748185058
2018-06-17 00:00:00+00:00,309.7412587412587,11.031503497303783
2018-06-18 00:00:00+00:00,470.85664335664336,8.452482518616256
2018-06-19 00:00:00+00:00,493.4568345323741,3.086115111549981
2018-06-20 00:00:00+00:00,453.1958041958042,2.705384618752486
2018-06-21 00:00:00+00:00,391.0174825174825,3.1817132909814796
2018-06-22 00:00:00+00:00,369.25524475524475,3.342272725138631
2018-06-23 00:00:00+00:00,421.04545454545456,8.784335648263252
2018-06-24 00:00:00+00:00,453.986013986014,3.799930065661877
2018-06-25 00:00:00+00:00,400.3041958041958,5.325314701437117
2018-06-26 00:00:00+00:00,523.0524475524476,6.964755230850273
2018-06-27 00:00:00+00:00,565.1293706293707,2.4451748220236986
2018-06-28 00:00:00+00:00,497.8811188811189,3.0637063013090122
2018-06-29 00:00:00+00:00,455.83216783216784,2.1655944066864627
2018-06-30 00:00:00+00:00,400.54895104895104,3.7852447633143074
2018-07-01 00:00:00+00:00,380.7132867132867,4.0303146918336825
2018-07-02 00:00:00+00:00,333.2307692307692,4.873951050785038
2018-07-03 00:00:00+00:00,325.3076923076923,9.693286705683995
2018-07-04 00:00:00+00:00,349.9055944055944,10.710384618985904
2018-07-05 00:00:00+00:00,394.37412587412587,6.990734268735339
2018-07-06 00:00:00+00:00,450.4825174825175,4.715419576718257
2018-07-07 00:00:00+00:00,473.8706293706294,2.990629373730479
2018-07-08 00:00:00+00:00,437.9929078014184,2.8207092225974333
2018-07-09 00:00:00+00:00,392.87632508833923,2.79787986143739
2018-07-10 00:00:00+00:00,364.8421052631579,6.785894717668232
2018-07-11 00:00:00+00:00,354.188679245283,6.917924540222816
2018-07-12 00:00:00+00:00,424.8776223776224,5.623881131619006
2018-07-13 00:00:00+00:00,466.62056737588654,3.187730502575002
2018-07-14 00:00:00+00:00,430.74825174825173,3.123356641172529
2018-07-15 00:00:00+00:00,374.74825174825173,2.7708391613893575
2018-07-16 00:00:00+00:00,334.6118881118881,8.62101399898529
2018-07-17 00:00:00+00:00,408.4475524475524,6.672762239729608
2018-07-18 00:00:00+00:00,408.43706293706293,3.5086713337398074
2018-07-19 00:00:00+00:00,382.84965034965035,4.4316083934757255
2018-07-20 00:00:00+00:00,429.7972027972028,5.602762230626353
2018-07-21 00:00:00+00:00,494.9755244755245,5.35888110924434
2018-07-22 00:00:00+00:00,468.2237762237762,3.161818183385409
2018-07-23 00:00:00+00:00,398.68531468531467,4.049370626052776
2018-07-24 00:00:00+00:00,536.493006993007,5.933356639388558
2018-07-25 00:00:00+00:00,560.1013986013986,2.242657344658058
2018-07-26 00:00:00+00:00,455.4895104895105,2.298321671627618
2018-07-27 00:00:00+00:00,400.67832167832165,3.4389160733956556
2018-07-28 00:00:00+00:00,378.64335664335664,3.760349650483031
2018-07-29 00:00:00+00:00,340.5052631578947,5.865894730885824
2018-07-30 00:00:00+00:00,324.27972027972027,8.565979032249718
2018-07-31 00:00:00+00:00,335.65034965034965,9.176293708227732
2018-08-01 00:00:00+00:00,368.8454545454546,9.030318184332414
2018-08-02 00:00:00+00:00,382.25524475524475,5.605839171609678
2018-08-03 00:00:00+00:00,390.1013986013986,5.402097908766954
2018-08-04 00:00:00+00:00,378.37412587412587,4.466398600931768
2018-08-05 00:00:00+00:00,358.07342657342656,6.71604894508015
2018-08-06 00:00:00+00:00,325.2561403508772,6.244491220775403
2018-08-07 00:00:00+00:00,348.0422535211268,9.849061003313379
2018-08-08 00:00:00+00:00,407.8777777777778,3.9842222293217975
2018-08-09 00:00:00+00:00,378.97297297297297,3.5356756770932996
2018-08-10 00:00:00+00:00,381.1224489795918,6.872244912750867
2018-08-11 00:00:00+00:00,394.94029850746267,10.845671675098476
2018-08-12 00:00:00+00:00,393.1290322580645,5.2577419396369685
2018-08-13 00:00:00+00:00,369.1162790697674,4.687286831611811
2018-08-14 00:00:00+00:00,346.24825174825173,4.301818168246663
2018-08-15 00:00:00+00:00,418.76140350877193,7.8134386146277715
2018-08-16 00:00:00+00:00,454.16402116402116,5.042116396010868
2018-08-17 00:00:00+00:00,479.06293706293707,3.363181815280781
2018-08-18 00:00:00+00:00,493.2237762237762,3.072482516298761
2018-08-19 00:00:00+00:00,427.26223776223776,6.804790205055183
2018-08-20 00:00:00+00:00,604.048951048951,2.988286717371507
2018-08-21 00:00:00+00:00,586.3315508021391,1.8306951873442705
2018-08-22 00:00:00+00:00,460.2692307692308,3.074615383481646
2018-08-23 00:00:00+00:00,381.0034965034965,3.492832169249341
2018-08-24 00:00:00+00:00,349.6118881118881,5.915104897705825
2018-08-25 00:00:00+00:00,407.68070175438595,5.067824562390645
2018-08-26 00:00:00+00:00,435.2412587412587,8.864125846982835
2018-08-27 00:00:00+00:00,560.5804195804196,2.8903496490491856
2018-08-28 00:00:00+00:00,535.3321678321678,2.3751048904198866
2018-08-29 00:00:00+00:00,493.7237762237762,2.141013992624683
2018-08-30 00:00:00+00:00,394.9055944055944,3.581328665876722
2018-08-31 00:00:00+00:00,367.22727272727275,6.285069934971682
2019-09-01 00:00:00+00:00,695.2657342657343,3.4090909232626427
2019-09-02 00:00:00+00:00,659.006993006993,2.4126923080090874
2019-09-03 00:00:00+00:00,594.493006993007,2.4636013966340284
2019-09-04 00:00:00+00:00,506.3881118881119,3.3931468454274265
2019-09-05 00:00:00+00:00,498.8881118881119,2.7975524463853634
2019-09-06 00:00:00+00:00,496.15384615384613,2.461188805686844
2019-09-07 00:00:00+00:00,446.8251748251748,3.366993002958231
2019-09-08 00:00:00+00:00,413.2832167832168,4.278601397167552
2019-09-09 00:00:00+00:00,471.04545454545456,3.8052097879923306
2019-09-10 00:00:00+00:00,476.63861386138615,2.2073267273383563
2019-09-11 00:00:00+00:00,429.71830985915494,2.4084506983488376
2019-09-12 00:00:00+00:00,407.43356643356645,3.901643346239637
2019-09-13 00:00:00+00:00,475.13286713286715,4.4772377645635935
2019-09-14 00:00:00+00:00,452.14736842105265,2.688771925892746
2019-09-15 00:00:00+00:00,439.4300699300699,4.515419578635609
2019-09-16 00:00:00+00:00,448.4020979020979,4.8138461613154915
2019-09-17 00:00:00+00:00,387.6748251748252,5.019195804645965
2019-09-18 00:00:00+00:00,411.541958041958,2.8635664315490454
2019-09-19 00:00:00+00:00,359.993006993007,4.118076932180178
2019-09-20 00:00:00+00:00,319.26223776223776,5.363531462796084
2019-09-21 00:00:00+00:00,337.56293706293707,5.9455944016263205
2019-09-22 00:00:00+00:00,353.55594405594405,4.726083910548604
2019-09-23 00:00:00+00:00,324.034965034965,4.693776219041197
2019-09-24 00:00:00+00:00,377.0944055944056,8.429895121734459
2019-09-25 00:00:00+00:00,422.993006993007,3.6769230807577813
2019-09-26 00:00:00+00:00,376.3601895734597,3.6479620956131633
2019-09-27 00:00:00+00:00,587.6818181818181,5.9313636801459575
2019-09-28 00:00:00+00:00,624.0357142857143,2.4957142727715627
2019-09-29 00:00:00+00:00,492.8536585365854,3.4007926844969028
2019-09-30 00:00:00+00:00,443.26223776223776,5.211643348207007
2019-10-01 00:00:00+00:00,467.42657342657344,2.594300698150288
2019-10-02 00:00:00+00:00,467.54895104895104,2.8872377743254174
2019-10-03 00:00:00+00:00,414.01503759398497,3.5243609112904486
2019-10-04 00:00:00+00:00,406.2153846153846,5.011025645182683
2019-10-05 00:00:00+00:00,387.12631578947367,4.9032982479062
2019-10-06 00:00:00+00:00,380.55944055944053,3.938916089651468
2019-10-07 00:00:00+00:00,359.88461538461536,5.251923079257245
2019-10-08 00:00:00+00:00,380.2587412587413,3.9279021033040293
2019-10-09 00:00:00+00:00,368.39622641509436,5.883584897473173
2019-10-10 00:00:00+00:00,468.1666666666667,3.661666663487752
2019-10-11 00:00:00+00:00,453.26724137931035,2.355948273477883
2019-10-12 00:00:00+00:00,391.0034965034965,3.316538465189767
2019-10-13 00:00:00+00:00,350.8811188811189,4.348356641255892
2019-10-14 00:00:00+00:00,338.2806324110672,5.925731227331953
2019-10-15 00:00:00+00:00,351.5882352941176,6.3376471295076255
2019-10-16 00:00:00+00:00,395.5806451612903,3.964193574843868
2019-10-17 00:00:00+00:00,406.72222222222223,3.744074066480001
2019-10-18 00:00:00+00:00,353.1458333333333,5.353749990463257
2019-10-19 00:00:00+00:00,349.5950920245399,5.667546013381584
2019-10-20 00:00:00+00:00,345.8111888111888,5.524195811965249
2019-10-21 00:00:00+00:00,348.4825174825175,5.508251752053107
2019-10-22 00:00:00+00:00,351.5034965034965,5.9888461369734545
2019-10-23 00:00:00+00:00,353.88461538461536,3.60513987574544
2019-10-24 00:00:00+00:00,445.69767441860466,6.864496122959048
2019-10-25 00:00:00+00:00,594.7558139534884,3.5812790781952613
2019-10-26 00:00:00+00:00,594.5631067961165,5.577281579230595
2019-10-27 00:00:00+00:00,578.8870967741935,2.336612891766333
2019-10-28 00:00:00+00:00,485.40384615384613,3.472884632073916
2019-10-29 00:00:00+00:00,400.5882352941176,2.5335293961506262
2019-10-30 00:00:00+00:00,365.82456140350877,7.838070216931794
2019-10-31 00:00:00+00:00,442.93333333333334,5.923999985059102
2019-11-01 00:00:00+00:00,413.3958333333333,3.0552083353201547
2019-11-02 00:00:00+00:00,345.32307692307694,4.245076927771935
2019-11-03 00:00:00+00:00,330.98148148148147,4.559259260142291
2019-11-04 00:00:00+00:00,331.2040816326531,9.218163247011146
2019-11-05 00:00:00+00:00,400.75555555555553,4.068296289443969
2019-11-06 00:00:00+00:00,400.95454545454544,3.8741258774603997
2019-11-07 00:00:00+00:00,393.4965034965035,2.961573433625948
2019-11-08 00:00:00+00:00,323.4315789473684,6.026210526416176
2019-11-09 00:00:00+00:00,329.1888111888112,5.433426559388221
2019-11-10 00:00:00+00:00,324.2692307692308,5.676118894056841
2019-11-11 00:00:00+00:00,356.1363636363636,6.320349654117664
2019-11-12 00:00:00+00:00,351.6188811188811,7.472587402883943
2019-11-13 00:00:00+00:00,343.87854251012146,4.902550611418751
2019-11-14 00:00:00+00:00,325.0,6.049000000953674
2019-11-15 00:00:00+00:00,348.7631578947368,7.230263139072218
2019-11-16 00:00:00+00:00,378.0804195804196,6.525944037037296
2019-11-17 00:00:00+00:00,412.0839160839161,3.3903146857148285
2019-11-18 00:00:00+00:00,365.31468531468533,4.202237762771286
2019-11-19 00:00:00+00:00,342.8251748251748,4.911573421705019
2019-11-20 00:00:00+00:00,339.2832167832168,5.449475542648689
2019-11-21 00:00:00+00:00,501.44055944055947,6.078181811145969
2019-11-22 00:00:00+00:00,550.006993006993,3.1747552539918806
2019-11-23 00:00:00+00:00,474.77972027972027,4.003811191845607
2019-11-24 00:00:00+00:00,473.3076923076923,3.1884265808792382
2019-11-25 00:00:00+00:00,411.1468531468532,3.001678324662722
2019-11-26 00:00:00+00:00,400.6013986013986,3.3838111887444984
2019-11-27 00:00:00+00:00,402.0104895104895,4.046153852989623
2019-11-28 00:00:00+00:00,351.3387755102041,12.183020420463718
2019-11-29 00:00:00+00:00,358.1118881118881,5.762937060602895
2019-11-30 00:00:00+00:00,382.8041958041958,6.4190909037223225
2019-12-01 00:00:00+00:00,361.5979020979021,5.994160835559551
2019-12-02 00:00:00+00:00,323.9160839160839,6.442832174834671
2019-12-03 00:00:00+00:00,324.9055944055944,5.643146858348713
2019-12-04 00:00:00+00:00,323.1993006993007,6.961083910681984
2019-12-05 00:00:00+00:00,326.4300699300699,7.720699270288427
2019-12-06 00:00:00+00:00,364.97902097902096,5.09069929339669
2019-12-07 00:00:00+00:00,365.3636363636364,3.861748247713476
2019-12-08 00:00:00+00:00,363.7692307692308,4.653426577994874
2019-12-09 00:00:00+00:00,353.82167832167835,5.073286725924565
2019-12-10 00:00:00+00:00,419.67832167832165,6.075909086874315
2019-12-11 00:00:00+00:00,431.1118881118881,3.671958047193247
2019-12-12 00:00:00+00:00,395.76223776223776,4.13601399885191
2019-12-13 00:00:00+00:00,375.9125874125874,4.174475536479816
2019-12-14 00:00:00+00:00,373.5979020979021,5.198076929245795
2019-12-15 00:00:00+00:00,380.90909090909093,5.158636381576112
2019-12-16 00:00:00+00:00,376.97202797202794,3.7005594410262743
2019-12-17 00:00:00+00:00,349.06643356643355,4.7623077047454725
2019-12-18 00:00:00+00:00,475.61538461538464,6.30045455652517
2019-12-19 00:00:00+00:00,509.97902097902096,4.375804199205412
2019-12-20 00:00:00+00:00,455.22027972027973,3.3109090936767474
2019-12-21 00:00:00+00:00,384.4020979020979,4.005979024446928
2019-12-22 00:00:00+00:00,356.65734265734267,4.261993022231789
2019-12-23 00:00:00+00:00,360.75524475524475,4.526958047093212
2019-12-24 00:00:00+00:00,326.7167832167832,5.659300693265208
2019-12-25 00:00:00+00:00,339.56643356643355,6.6261538375507705
2019-12-26 00:00:00+00:00,370.6293706293706,8.897062943531918
2019-12-27 00:00:00+00:00,378.2762237762238,4.7098251806272495
2019-12-28 00:00:00+00:00,350.0979020979021,4.670244748775776
2019-12-29 00:00:00+00:00,313.1958041958042,6.463146839942132
2019-12-30 00:00:00+00:00,316.6888111888112,6.289160857667456
2019-12-31 00:00:00+00:00,320.4895104895105,6.8545104973799695
2020-01-01 00:00:00+00:00,330.90909090909093,7.457751182848186
2020-01-02 00:00:00+00:00,334.4195804195804,5.707832159695926
2020-01-03 00:00:00+00:00,362.2027972027972,7.8323077088469395
2020-01-04 00:00:00+00:00,384.92657342657344,4.311678318710594
2020-01-05 00:00:00+00:00,412.3986013986014,7.503601398501363
2020-01-06 00:00:00+00:00,503.8076923076923,3.495664340215963
2020-01-07 00:00:00+00:00,436.22027972027973,3.166363631095086
2020-01-08 00:00:00+00:00,386.0699300699301,4.795104907942819
2020-01-09 00:00:00+00:00,458.53146853146853,4.523216790252632
2020-01-10 00:00:00+00:00,504.9755244755245,3.596748253682277
2020-01-11 00:00:00+00:00,444.97202797202794,3.0860139852637176
2020-01-12 00:00:00+00:00,403.3531468531468,3.054860138392949
2020-01-13 00:00:00+00:00,369.7167832167832,3.1046853173862803
2020-01-14 00:00:00+00:00,317.38659793814435,6.871288660875301
2020-01-15 00:00:00+00:00,319.8916083916084,7.994965011423284
2020-01-16 00:00:00+00:00,341.2587412587413,7.524370601960829
2020-01-17 00:00:00+00:00,311.15384615384613,7.11800697966889
2020-01-18 00:00:00+00:00,330.92657342657344,6.60503496823611
2020-01-19 00:00:00+00:00,331.55944055944053,5.3469580528619405
2020-01-20 00:00:00+00:00,322.23776223776224,5.17709790576588
2020-01-21 00:00:00+00:00,327.48837209302326,8.0091860285101
2020-01-22 00:00:00+00:00,354.82089552238807,9.367611963357499
2020-01-23 00:00:00+00:00,339.72857142857146,5.139428588322231
2020-01-24 00:00:00+00:00,311.72093023255815,7.489302302515784
2020-01-25 00:00:00+00:00,322.81538461538463,6.840615375225361
2020-01-26 00:00:00+00:00,321.6190476190476,6.129682525755867
2020-01-27 00:00:00+00:00,332.51428571428573,4.486857114519392
2020-01-28 00:00:00+00:00,339.94444444444446,8.828194406297472
2020-01-29 00:00:00+00:00,399.2828282828283,4.255858577863134
2020-01-30 00:00:00+00:00,408.2937062937063,4.410314688315759
2020-01-31 00:00:00+00:00,473.97902097902096,2.6680069907561883
2020-02-01 00:00:00+00:00,429.3286713286713,3.552657334537773
2020-02-02 00:00:00+00:00,424.9475524475524,3.4885314736332926
2020-02-03 00:00:00+00:00,363.8531468531468,4.618146853013472
2020-02-04 00:00:00+00:00,350.6118881118881,6.049825180660594
2020-02-05 00:00:00+00:00,357.2902097902098,4.989615383681717
2020-02-06 00:00:00+00:00,470.2832167832168,7.341188818007916
2020-02-07 00:00:00+00:00,573.5551020408163,2.446897948031523
2020-02-08 00:00:00+00:00,478.9030837004405,2.4078854595512023
2020-02-09 00:00:00+00:00,419.4825174825175,3.2166433626121576
2020-02-10 00:00:00+00:00,379.23426573426576,5.507797209532945
2020-02-11 00:00:00+00:00,405.9055944055944,4.108706297157528
2020-02-12 00:00:00+00:00,380.25524475524475,4.499755250824081
2020-02-13 00:00:00+00:00,346.6013986013986,4.2475174848849955
2020-02-14 00:00:00+00:00,344.5944055944056,4.504860136058781
2020-02-15 00:00:00+00:00,344.48728813559325,5.3377966203932035
2020-02-16 00:00:00+00:00,334.68531468531467,4.901293707894278
2020-02-17 00:00:00+00:00,329.6666666666667,5.823754386734544
2020-02-18 00:00:00+00:00,366.6982456140351,7.143122817758928
2020-02-19 00:00:00+00:00,439.5543859649123,3.998000006926687
2020-02-20 00:00:00+00:00,395.8181818181818,4.610594411829968
2020-02-21 00:00:00+00:00,458.1083916083916,4.462062935729127
2020-02-22 00:00:00+00:00,471.7879858657244,3.0786925908112273
2020-02-23 00:00:00+00:00,425.4877192982456,2.799824565335324
2020-02-24 00:00:00+00:00,395.2832167832168,3.170384615451306
2020-02-25 00:00:00+00:00,364.13684210526316,2.966315798173871
2020-02-26 00:00:00+00:00,342.3181818181818,5.100349650516376
2020-02-27 00:00:00+00:00,351.9125874125874,4.321258754163355
2020-02-28 00:00:00+00:00,372.53710247349824,6.324805675884018
2020-02-29 00:00:00+00:00,467.7832167832168,3.708461545564078
2020-03-01 00:00:00+00:00,432.8531468531468,3.1586013915655498
2020-03-02 00:00:00+00:00,423.739837398374,3.826991858521128
2020-03-03 00:00:00+00:00,426.27972027972027,3.507797204947972
2020-03-04 00:00:00+00:00,379.1223776223776,3.5488461489444014
2020-03-05 00:00:00+00:00,347.3811188811189,6.598776224609855
2020-03-06 00:00:00+00:00,347.3636363636364,7.696643382519275
2020-03-07 00:00:00+00:00,361.7692307692308,5.087937064104147
2020-03-08 00:00:00+00:00,360.9020979020979,4.52779720963298
2020-03-09 00:00:00+00:00,353.97202797202794,6.226433578904692
2020-03-10 00:00:00+00:00,340.1818181818182,4.33426573893407
2020-03-11 00:00:00+00:00,309.59090909090907,5.29751749138732
2020-03-12 00:00:00+00:00,351.4526315789474,5.540596499359398
2020-03-13 00:00:00+00:00,434.46153846153845,2.2829326884104657
2020-03-14 00:00:00+00:00,378.2972027972028,3.456188812122478
2020-03-15 00:00:00+00:00,355.5874125874126,5.4847202917912625
2020-03-16 00:00:00+00:00,349.2692307692308,6.054685320053901
2020-03-17 00:00:00+00:00,401.2132867132867,4.140034961533713
2020-03-18 00:00:00+00:00,392.7073170731707,3.632682939855064
2020-03-19 00:00:00+00:00,493.8157894736842,2.3881578853255823
2020-03-20 00:00:00+00:00,405.25174825174827,3.985279724314496
2020-03-21 00:00:00+00:00,477.52797202797206,2.9923426579762173
2020-03-22 00:00:00+00:00,455.2,3.8796842156795033
2020-03-23 00:00:00+00:00,475.4160839160839,3.3765034950696506
2020-03-24 00:00:00+00:00,444.2062937062937,2.838426576210902
2020-03-25 00:00:00+00:00,384.3776223776224,3.0497902144085276
2020-03-26 00:00:00+00:00,393.993006993007,3.7736713377745836
2020-03-27 00:00:00+00:00,396.02797202797206,3.539790216859404
2020-03-28 00:00:00+00:00,368.6223776223776,5.151258753729867
2020-03-29 00:00:00+00:00,391.6958041958042,4.396923078523649
2020-03-30 00:00:00+00:00,404.37333333333333,5.37155557208591
2020-03-31 00:00:00+00:00,495.8006993006993,3.3308741258574535
2020-04-01 00:00:00+00:00,446.22727272727275,2.8434964993616916
2020-04-02 00:00:00+00:00,400.2692307692308,3.7630069897725034
2020-04-03 00:00:00+00:00,413.9195804195804,3.7115384632057244
2020-04-04 00:00:00+00:00,435.6643356643357,3.0360839171009464
2020-04-05 00:00:00+00:00,410.3811188811189,3.1766083849059954
2020-04-06 00:00:00+00:00,347.3986013986014,4.398951061955699
2020-04-07 00:00:00+00:00,308.7867132867133,7.309195800261064
2020-04-08 00:00:00+00:00,416.1013986013986,6.752342657609419
2020-04-09 00:00:00+00:00,403.44055944055947,2.7570629440821133
2020-04-10 00:00:00+00:00,362.8181818181818,4.394790209256685
2020-04-11 00:00:00+00:00,366.4315789473684,5.787929834399307
2020-04-12 00:00:00+00:00,424.1958041958042,4.000559438358653
2020-04-13 00:00:00+00:00,387.513986013986,4.309965040300276
2020-04-14 00:00:00+00:00,394.9005235602094,6.033403145705218
2020-04-15 00:00:00+00:00,414.67832167832165,3.021888118107002
2020-04-16 00:00:00+00:00,373.2681818181818,3.124363638596101
2020-04-17 00:00:00+00:00,319.60645161290324,5.711096758996287
2020-04-18 00:00:00+00:00,325.80263157894734,4.812631581958971
2020-04-19 00:00:00+00:00,318.6341463414634,4.917804915730546
2020-04-20 00:00:00+00:00,334.3478260869565,8.196521689926369
2020-04-21 00:00:00+00:00,384.4888888888889,5.755666637420655
2020-04-22 00:00:00+00:00,430.74468085106383,2.909361702330569
2020-04-23 00:00:00+00:00,388.3627450980392,2.9525490227867577
2020-04-24 00:00:00+00:00,381.0740740740741,4.59972220659256
2020-04-25 00:00:00+00:00,402.5948275862069,3.035775860835766
2020-04-26 00:00:00+00:00,386.51,4.743299989700318
2020-04-27 00:00:00+00:00,394.14925373134326,3.5510447914920635
2020-04-28 00:00:00+00:00,387.26612903225805,3.7120967834226546
2020-04-29 00:00:00+00:00,356.3754385964912,4.453298248324478
2020-04-30 00:00:00+00:00,316.65384615384613,5.767132867466319
2021-05-01 00:00:00+00:00,347.22027972027973,7.831643349224037
2021-05-02 00:00:00+00:00,355.2762237762238,8.416258733172517
2021-05-03 00:00:00+00:00,418.93333333333334,5.093263147588361
2021-05-04 00:00:00+00:00,427.6223776223776,3.931608403062487
2021-05-05 00:00:00+00:00,364.3356643356643,3.8225524558887614
2021-05-06 00:00:00+00:00,316.9125874125874,5.977762221456407
2021-05-07 00:00:00+00:00,305.7097902097902,9.03398601408605
2021-05-08 00:00:00+00:00,327.5506072874494,5.56578948140627
2021-05-09 00:00:00+00:00,330.37412587412587,5.71783217850265
2021-05-10 00:00:00+00:00,365.74825174825173,10.813881107143589
2021-05-11 00:00:00+00:00,340.25174825174827,5.463076934947834
2021-05-12 00:00:00+00:00,432.9965034965035,9.294195754127903
2021-05-13 00:00:00+00:00,438.5244755244755,2.718706294998422
2021-05-14 00:00:00+00:00,398.2132867132867,4.863916094903345
2021-05-15 00:00:00+00:00,433.0104895104895,4.156573426473391
2021-05-16 00:00:00+00:00,376.36013986013984,3.5373776259122196
2021-05-17 00:00:00+00:00,380.041958041958,4.937797197928796
2021-05-18 00:00:00+00:00,398.0699300699301,5.501818185502833
2021-05-19 00:00:00+00:00,392.45104895104896,5.950314678095437
2021-05-20 00:00:00+00:00,459.1643356643357,8.307622378939515
2021-05-21 00:00:00+00:00,531.6853146853147,2.3483566395886295
2021-05-22 00:00:00+00:00,449.1923076923077,2.2013985906447564
2021-05-23 00:00:00+00:00,388.34265734265733,3.4422377614708215
2021-05-24 00:00:00+00:00,354.495867768595,3.1852066162203956
2021-05-25 00:00:00+00:00,316.3298245614035,6.205052625087269
2021-05-26 00:00:00+00:00,356.5699300699301,12.416993003625135
2021-05-27 00:00:00+00:00,409.6923076923077,5.8710489448133885
2021-05-28 00:00:00+00:00,408.2412587412587,2.5271328635565884
2021-05-29 00:00:00+00:00,414.15034965034965,3.9037062996750946
2021-05-30 00:00:00+00:00,424.6993006993007,3.3597202817876854
2021-05-31 00:00:00+00:00,368.6048951048951,3.8851048963053243
2021-06-01 00:00:00+00:00,311.034965034965,6.589930068362843
2021-06-02 00:00:00+00:00,321.7719298245614,6.602912277924387
2021-06-03 00:00:00+00:00,323.63286713286715,10.07937061453199
2021-06-04 00:00:00+00:00,356.44055944055947,5.244650345582229
2021-06-05 00:00:00+00:00,356.5567375886525,6.824893603933618
2021-06-06 00:00:00+00:00,320.67518248175185,5.901167884360265
2021-06-07 00:00:00+00:00,405.25524475524475,9.420629362959962
2021-06-08 00:00:00+00:00,460.93356643356645,2.634860138793092
2021-06-09 00:00:00+00:00,384.2412587412587,3.4009790216292535
2021-06-10 00:00:00+00:00,350.2412587412587,4.355000006569015
2021-06-11 00:00:00+00:00,359.5874125874126,4.432797205198061
2021-06-12 00:00:00+00:00,392.26573426573424,5.9275524399497295
2021-06-13 00:00:00+00:00,458.8881118881119,3.140419579886056
2021-06-14 00:00:00+00:00,382.7167832167832,5.345384607781897
2021-06-15 00:00:00+00:00,472.4195804195804,7.0816783271469435
2021-06-16 00:00:00+00:00,610.7438596491228,2.592982461996246
2021-06-17 00:00:00+00:00,536.8881118881119,2.308251750635934
2021-06-18 00:00:00+00:00,501.0987654320988,3.011851849379363
2021-07-29 00:00:00+00:00,491.7410071942446,3.0348920942210467
2021-07-30 00:00:00+00:00,458.15384615384613,3.915979019411794
2021-07-31 00:00:00+00:00,447.7962962962963,5.346481486603066
2021-08-01 00:00:00+00:00,389.77972027972027,3.6252097983460327
2021-08-02 00:00:00+00:00,384.12587412587413,6.189405586336043
2021-08-03 00:00:00+00:00,345.9965034965035,7.410699309168995
2021-08-04 00:00:00+00:00,348.0699300699301,5.62842656515695
2021-08-05 00:00:00+00:00,316.986013986014,7.173076919325582
2021-08-06 00:00:00+00:00,305.24475524475525,11.98076923076923
2021-08-07 00:00:00+00:00,414.6713286713287,8.107622367935582
2021-08-08 00:00:00+00:00,382.5699300699301,8.156748238977018
2021-08-09 00:00:00+00:00,356.73426573426576,10.83653844820036
2021-08-10 00:00:00+00:00,412.2062937062937,4.971223770738481
2021-08-11 00:00:00+00:00,447.0812720848057,2.665795050745718
2021-08-12 00:00:00+00:00,397.5684210526316,3.4915087662245097
2021-08-13 00:00:00+00:00,406.2062937062937,5.987237768573361
2021-08-14 00:00:00+00:00,361.33216783216784,5.352272732274516
2021-08-15 00:00:00+00:00,414.2167832167832,4.407552455271874
2021-08-16 00:00:00+00:00,449.8706293706294,2.5375174754983063
2021-08-17 00:00:00+00:00,431.2762237762238,3.325349656851975
2021-08-18 00:00:00+00:00,400.2587412587413,2.9171678282164195
2021-08-19 00:00:00+00:00,337.63286713286715,6.346118876984069
2021-08-20 00:00:00+00:00,321.8776223776224,9.195489519959564
2021-08-21 00:00:00+00:00,346.534965034965,5.006188811955752
2021-08-22 00:00:00+00:00,310.0736842105263,6.984245604799505
2021-08-23 00:00:00+00:00,298.36713286713285,9.203146839475298
2021-08-24 00:00:00+00:00,321.4307692307692,9.422423100471496
2021-08-25 00:00:00+00:00,386.77972027972027,4.014930065695222
2021-08-26 00:00:00+00:00,377.7412587412587,4.278321679655488
2021-08-27 00:00:00+00:00,389.1118881118881,7.18066433759836
2021-08-28 00:00:00+00:00,363.11538461538464,5.307762238529179
2021-08-29 00:00:00+00:00,374.1223776223776,7.270209775938021
2021-08-30 00:00:00+00:00,398.6013986013986,5.80346153999542
2021-08-31 00:00:00+00:00,358.61764705882354,6.295588236521272
2022-09-01 00:00:00+00:00,518.5944055944055,2.9640559441559797
2022-09-02 00:00:00+00:00,431.2692307692308,8.202272725272012
2022-09-03 00:00:00+00:00,503.22027972027973,5.23741258774604
2022-09-04 00:00:00+00:00,668.1713286713286,5.4139510501514785
2022-09-05 00:00:00+00:00,586.979020979021,3.7745454690673133
2022-09-06 00:00:00+00:00,608.493006993007,2.072377617959376
2022-09-07 00:00:00+00:00,584.6573426573426,1.9303846155013238
2022-09-08 00:00:00+00:00,495.1013986013986,2.849965040917163
2022-09-09 00:00:00+00:00,463.50373134328356,3.134701487733357
2022-09-10 00:00:00+00:00,433.54545454545456,4.009370622101364
2022-09-11 00:00:00+00:00,453.60474308300394,3.218300395332306
2022-09-12 00:00:00+00:00,363.1025641025641,5.15916666159263
2022-09-13 00:00:00+00:00,343.2704081632653,4.7607653007215385
2022-09-14 00:00:00+00:00,312.0315789473684,12.848350851159347
2022-09-15 00:00:00+00:00,330.40076335877865,6.733015271543547
2022-09-16 00:00:00+00:00,340.2937062937063,6.06580419640441
2022-09-17 00:00:00+00:00,343.6468531468532,6.9096852999467115
2022-09-18 00:00:00+00:00,448.5244755244755,6.481328679965093
2022-09-19 00:00:00+00:00,471.7762237762238,3.936818174965732
2022-09-20 00:00:00+00:00,459.2762237762238,3.6416783257797882
2022-09-21 00:00:00+00:00,464.35664335664336,2.66947553041098
2022-09-22 00:00:00+00:00,388.8978873239437,4.599084512448647
2022-09-23 00:00:00+00:00,406.16915422885575,5.87562188283721
2022-09-24 00:00:00+00:00,416.4347826086956,3.3386231937270234
2022-09-25 00:00:00+00:00,330.9177215189873,6.839493676076962
2022-09-26 00:00:00+00:00,313.33179723502303,12.570460853488765
2022-09-27 00:00:00+00:00,511.11917098445593,9.305803130945394
2022-09-28 00:00:00+00:00,512.1418918918919,1.3882432447091952
2022-09-29 00:00:00+00:00,501.24074074074076,3.4483333362473383
2022-09-30 00:00:00+00:00,463.3333333333333,2.2290990943307274
2022-10-01 00:00:00+00:00,408.26241134751774,3.1862411279204887
2022-10-02 00:00:00+00:00,464.15,3.645928578717368
2022-10-03 00:00:00+00:00,528.3046357615895,3.254172186977816
2022-10-04 00:00:00+00:00,562.9475982532751,3.36659388693139
2022-10-05 00:00:00+00:00,516.4814814814815,3.2863703736552488
2022-10-06 00:00:00+00:00,503.11976047904193,4.05317364053098
2022-10-07 00:00:00+00:00,508.6923076923077,2.7657692349040426
2022-10-08 00:00:00+00:00,516.1913043478261,2.7843043477638907
2022-10-09 00:00:00+00:00,603.2132867132867,2.8323776184262095
2022-10-10 00:00:00+00:00,518.06993006993,2.19335663902176
2022-10-11 00:00:00+00:00,426.8636363636364,2.2561538469541325
2022-10-12 00:00:00+00:00,391.940350877193,2.5643157881602905
2022-10-13 00:00:00+00:00,337.47202797202794,4.505594413597267
2022-10-14 00:00:00+00:00,393.34736842105264,9.854105255896584
2022-10-15 00:00:00+00:00,528.1853146853147,6.462097922405163
2022-10-16 00:00:00+00:00,611.6083916083916,2.454999995398355
2022-10-17 00:00:00+00:00,593.7622377622378,1.6153496535091134
2022-10-18 00:00:00+00:00,521.3951048951049,2.360874125382283
2022-10-19 00:00:00+00:00,437.4160839160839,2.1746503423143935
2022-10-20 00:00:00+00:00,411.443661971831,3.729964789370416
2022-10-21 00:00:00+00:00,386.15384615384613,4.304685318386638
2022-10-22 00:00:00+00:00,372.34615384615387,12.106258719117491
2022-10-23 00:00:00+00:00,493.44405594405595,6.93328672188979
2022-10-24 00:00:00+00:00,516.7922535211268,2.817535208144658
2022-10-25 00:00:00+00:00,426.013986013986,3.0599300788415897
2022-10-26 00:00:00+00:00,388.38461538461536,5.6157692370714845
2022-10-27 00:00:00+00:00,416.94055944055947,7.689370635506156
2022-10-28 00:00:00+00:00,463.9020979020979,5.7257342822068225
2022-10-29 00:00:00+00:00,565.0944055944055,3.8304545420866747
2022-10-30 00:00:00+00:00,533.5874125874126,2.659055947423815
2022-10-31 00:00:00+00:00,486.4020979020979,3.074440569310755
2022-11-01 00:00:00+00:00,444.5810276679842,3.0161660141624482
2022-11-02 00:00:00+00:00,462.1118881118881,2.7734615418252413
2022-11-03 00:00:00+00:00,540.979020979021,2.1519930060510033
2022-11-04 00:00:00+00:00,584.7657342657343,1.9056993012244885
2022-11-05 00:00:00+00:00,480.02097902097904,2.3130419604428165
2022-11-06 00:00:00+00:00,399.8636363636364,2.995664330629202
2022-11-07 00:00:00+00:00,388.9230769230769,8.501153842552558
2022-11-08 00:00:00+00:00,384.986013986014,4.088461547464758
2022-11-09 00:00:00+00:00,363.0874125874126,3.0118181776333524
2022-11-10 00:00:00+00:00,339.3636363636364,4.976600793039375
2022-11-11 00:00:00+00:00,370.1083916083916,12.37227270153019
2022-11-12 00:00:00+00:00,464.76573426573424,4.265104896121925
2022-11-13 00:00:00+00:00,478.6223776223776,1.8768181796674128
2022-11-14 00:00:00+00:00,443.506993006993,3.081503496303425
2022-11-15 00:00:00+00:00,406.3531468531468,3.254545454795544
2022-11-16 00:00:00+00:00,354.3556338028169,4.1613028267739525
2022-11-17 00:00:00+00:00,332.75555555555553,5.900177798800998
2022-11-18 00:00:00+00:00,354.030303030303,13.588787870696097
2022-11-19 00:00:00+00:00,364.958041958042,10.518636393380332
2022-11-20 00:00:00+00:00,364.05594405594405,8.05297202163643
2022-11-21 00:00:00+00:00,423.08156028368796,6.688617021479505
2022-11-22 00:00:00+00:00,380.2307692307692,4.443601399034887
2022-11-23 00:00:00+00:00,315.11578947368423,13.143052604742218
2022-11-24 00:00:00+00:00,334.9684210526316,12.161754357187371
2022-11-25 00:00:00+00:00,502.3111888111888,5.50758742202412
2022-11-26 00:00:00+00:00,562.479020979021,3.731433563715928
2022-11-27 00:00:00+00:00,495.7902097902098,4.183251754387276
2022-11-28 00:00:00+00:00,605.1853146853147,3.3709090910591444
2022-11-29 00:00:00+00:00,632.8006993006993,2.2386363707222303
2022-11-30 00:00:00+00:00,671.1363636363636,2.8830069841204824
2022-12-01 00:00:00+00:00,736.1678321678322,1.7653496473819226
2022-12-02 00:00:00+00:00,696.9169811320754,1.338415092567228
2022-12-03 00:00:00+00:00,574.7797202797203,2.551608394492756
2022-12-04 00:00:00+00:00,503.71875,3.8574107299957956
2022-12-05 00:00:00+00:00,477.57142857142856,2.131691728095363
2022-12-06 00:00:00+00:00,387.45454545454544,2.651153842886011
2022-12-07 00:00:00+00:00,384.9424778761062,8.051371655632964
2022-12-08 00:00:00+00:00,549.5979020979021,5.884825172124209
2022-12-09 00:00:00+00:00,536.4140350877193,3.0418596547946595
2022-12-10 00:00:00+00:00,461.84615384615387,3.5108041913359314
2022-12-11 00:00:00+00:00,457.2167832167832,3.694300705319518
2022-12-12 00:00:00+00:00,441.006993006993,3.024615379897031
2022-12-13 00:00:00+00:00,395.07142857142856,3.8563214170081275
2022-12-14 00:00:00+00:00,370.83916083916085,3.008566442069474
2022-12-15 00:00:00+00:00,356.65734265734267,5.871468547340873
2022-12-16 00:00:00+00:00,339.1993006993007,5.8596853242887486
2022-12-17 00:00:00+00:00,333.3006993006993,5.867552470493983
2022-12-18 00:00:00+00:00,314.3006993006993,8.25031465667111
2022-12-19 00:00:00+00:00,338.2922535211268,7.931056332420296
2022-12-20 00:00:00+00:00,367.4487632508834,6.631660781985037
2022-12-21 00:00:00+00:00,394.4620938628159,6.027184106813011
2022-12-22 00:00:00+00:00,433.7307692307692,5.5691258765600775
2022-12-23 00:00:00+00:00,514.395256916996,4.820513830825745
2022-12-24 00:00:00+00:00,618.4635416666666,1.8868750039643298
2022-12-25 00:00:00+00:00,548.410071942446,0.5549640286740639
2022-12-26 00:00:00+00:00,561.9214659685864,1.6345026168523658
2022-12-27 00:00:00+00:00,535.4659090909091,1.9618181843649258
2022-12-28 00:00:00+00:00,491.5668789808917,1.7898089156788626
2022-12-29 00:00:00+00:00,468.6244131455399,4.109624417734818
2022-12-30 00:00:00+00:00,555.0051546391752,5.080103126383319
2022-12-31 00:00:00+00:00,569.4895104895105,2.830944048774826
2023-01-01 00:00:00+00:00,541.0874125874126,2.2020629298436893
2023-01-02 00:00:00+00:00,445.8521126760563,3.136338018615481
2023-01-03 00:00:00+00:00,399.50877192982455,4.577754404670314
2023-01-04 00:00:00+00:00,442.25704225352115,3.818978877134726
2023-01-05 00:00:00+00:00,362.88461538461536,7.213811187477378
2023-01-06 00:00:00+00:00,391.65384615384613,4.00381118767745
2023-01-07 00:00:00+00:00,417.83916083916085,3.939405605092749
2023-01-08 00:00:00+00:00,400.85664335664336,4.216293705093277
2023-01-09 00:00:00+00:00,352.8076923076923,5.40769233403506
2023-01-10 00:00:00+00:00,370.8098591549296,7.896936614748458
2023-01-11 00:00:00+00:00,394.5839160839161,6.774615374478427
2023-01-12 00:00:00+00:00,404.0874125874126,6.992447547145657
2023-01-13 00:00:00+00:00,407.5,4.668181807011157
2023-01-14 00:00:00+00:00,482.75618374558303,2.7637102587062983
2023-01-15 00:00:00+00:00,432.2062937062937,5.228181828985681
2023-01-16 00:00:00+00:00,470.38461538461536,5.492272727972978
2023-01-17 00:00:00+00:00,417.7307692307692,4.575524471022866
2023-01-18 00:00:00+00:00,419.5157894736842,5.790105261719018
2023-01-19 00:00:00+00:00,388.7709090909091,3.973454555598172
2023-01-20 00:00:00+00:00,417.344398340249,2.5186722065897897
2023-01-21 00:00:00+00:00,462.506993006993,3.9766433539090458
2023-01-22 00:00:00+00:00,409.486013986014,4.408391606557619
2023-01-23 00:00:00+00:00,446.5263157894737,2.9045613991586787
2023-01-24 00:00:00+00:00,406.1409090909091,3.3719545537775213
2023-01-25 00:00:00+00:00,400.418410041841,5.139246857814709
2023-01-26 00:00:00+00:00,484.94405594405595,5.756643374066253
2023-01-27 00:00:00+00:00,542.2447552447552,2.599230768797281
2023-01-28 00:00:00+00:00,514.5559440559441,2.701328676897329
2023-01-29 00:00:00+00:00,463.57342657342656,3.381783216983288
2023-01-30 00:00:00+00:00,400.14716981132074,6.1196981403062924
2023-01-31 00:00:00+00:00,475.33216783216784,2.518286711686141
2023-02-01 00:00:00+00:00,382.3881118881119,5.103286731910039
2023-02-02 00:00:00+00:00,373.04561403508774,3.0232982434724507
2023-02-03 00:00:00+00:00,350.51929824561404,5.7205965075576515
2023-02-04 00:00:00+00:00,333.09090909090907,5.204545449543666
2023-02-05 00:00:00+00:00,343.85,8.22772728096355
2023-02-06 00:00:00+00:00,425.83916083916085,8.468286709351974
2023-02-07 00:00:00+00:00,522.7132867132867,3.6370979022312833
2023-02-08 00:00:00+00:00,550.493006993007,3.9266084094981215
2023-02-09 00:00:00+00:00,517.3951048951049,2.941643363529152
2023-02-10 00:00:00+00:00,478.5769230769231,3.6097902142918192
2023-02-11 00:00:00+00:00,480.2412587412587,3.0343706299374986
2023-02-12 00:00:00+00:00,424.6468531468532,2.748111896581583
2023-02-13 00:00:00+00:00,361.0320284697509,4.491494655609131
2023-02-14 00:00:00+00:00,359.22535211267603,12.244178386921055
2023-02-15 00:00:00+00:00,346.27972027972027,8.303496506664303
2023-02-16 00:00:00+00:00,445.12587412587413,5.953496491367167
2023-02-17 00:00:00+00:00,484.45104895104896,2.1530769158910203
2023-02-18 00:00:00+00:00,403.0944055944056,4.020139864691488
2023-02-19 00:00:00+00:00,363.3951048951049,5.574090910124612
2023-02-20 00:00:00+00:00,385.0,10.432447548512812
2023-02-21 00:00:00+00:00,397.17832167832165,9.088391614126992
2023-02-22 00:00:00+00:00,430.3062015503876,3.996317836665368
2023-02-23 00:00:00+00:00,561.7272727272727,3.586853140300804
2023-02-24 00:00:00+00:00,508.3531468531468,4.558181813963643
2023-02-25 00:00:00+00:00,382.40909090909093,6.19986014182751
2023-02-26 00:00:00+00:00,505.75471698113205,7.958490571660816
2023-02-27 00:00:00+00:00,716.6408450704225,5.593767627444066
2023-02-28 00:00:00+00:00,650.5454545454545,2.5034265755773424
2023-03-01 00:00:00+00:00,607.3239436619718,2.7001056352131805
2023-03-02 00:00:00+00:00,481.2762237762238,3.9516783152426873
2023-03-03 00:00:00+00:00,611.0804195804196,3.011153850105259
2023-03-04 00:00:00+00:00,685.3076923076923,1.9522377586031294
2023-03-05 00:00:00+00:00,609.6643356643357,2.919300704152434
2023-03-06 00:00:00+00:00,628.8146853146853,2.4046503493002245
2023-03-07 00:00:00+00:00,588.7062937062936,1.7287762194246679
2023-03-08 00:00:00+00:00,412.3951048951049,3.277937071306722
2023-03-09 00:00:00+00:00,413.16083916083915,4.548881133536359
2023-03-10 00:00:00+00:00,381.541958041958,5.483426565890546
2023-03-11 00:00:00+00:00,355.9825174825175,5.4376923129275125
2023-03-12 00:00:00+00:00,366.6713286713287,4.431643357643714
2023-03-13 00:00:00+00:00,354.9195804195804,4.41811190201686
2023-03-14 00:00:00+00:00,396.6923076923077,8.986818179383977
2023-03-15 00:00:00+00:00,488.15384615384613,11.735419528467672
2023-03-16 00:00:00+00:00,507.5578947368421,2.2322456167455305
2023-03-17 00:00:00+00:00,421.844696969697,3.016893942699288
2023-03-18 00:00:00+00:00,399.8941176470588,5.0644705814473765
2023-03-19 00:00:00+00:00,403.79881656804736,4.919171605589828
2023-03-20 00:00:00+00:00,404.45360824742266,5.237319568997806
2023-03-21 00:00:00+00:00,442.1219512195122,6.222682935435597
2023-03-22 00:00:00+00:00,528.6133333333333,3.3323333287239074
2023-03-23 00:00:00+00:00,465.2566844919786,7.401443834610801
2023-03-24 00:00:00+00:00,430.5707547169811,4.8961792397049235
2023-03-25 00:00:00+00:00,541.578947368421,2.639407895897564
2023-03-26 00:00:00+00:00,590.1441860465117,0.772604649981787
2023-03-27 00:00:00+00:00,420.5409836065574,1.7789617548874819
2023-03-28 00:00:00+00:00,372.2415730337079,2.4820224682936507
2023-03-29 00:00:00+00:00,443.1032028469751,1.0560854066203074
2023-03-30 00:00:00+00:00,526.740350877193,4.5100350856781
2023-03-31 00:00:00+00:00,561.3776223776224,3.263881115646629
2023-04-01 00:00:00+00:00,551.0769230769231,3.023671324436481
2023-04-02 00:00:00+00:00,564.1468531468531,2.1477272743945357
2023-04-03 00:00:00+00:00,507.4125874125874,2.793181821182891
2023-04-04 00:00:00+00:00,512.1478873239437,4.004859150295526
2023-04-05 00:00:00+00:00,461.42657342657344,3.16814685534764
2023-04-06 00:00:00+00:00,407.4877192982456,5.011052636096352
2023-04-07 00:00:00+00:00,395.4020979020979,3.3648601420275814
2023-04-08 00:00:00+00:00,371.6118881118881,4.037517481333726
2023-04-09 00:00:00+00:00,348.67832167832165,4.480804202439901
2023-04-10 00:00:00+00:00,449.9055944055944,6.909195800761243
2023-04-11 00:00:00+00:00,424.458041958042,5.2146853100169785
2023-04-12 00:00:00+00:00,374.75174825174827,5.271328664326168
2023-04-13 00:00:00+00:00,393.96853146853147,4.765489513223821
2023-04-14 00:00:00+00:00,383.9300699300699,6.152797201296666
2023-04-15 00:00:00+00:00,346.7692307692308,7.849230766296387
2023-04-16 00:00:00+00:00,361.97902097902096,4.027867133383984
2023-04-17 00:00:00+00:00,364.565371024735,9.149575989996166
2023-04-18 00:00:00+00:00,462.73571428571427,5.571928586278643
2023-04-19 00:00:00+00:00,514.3052631578947,1.9451228070677373
2023-04-20 00:00:00+00:00,411.506993006993,2.9441958051044623
2023-04-21 00:00:00+00:00,389.39285714285717,4.675285722102438
2023-04-22 00:00:00+00:00,372.15734265734267,4.633356650392492
2023-04-23 00:00:00+00:00,464.8286713286713,5.186258743692945
2023-04-24 00:00:00+00:00,555.5104895104895,3.0919230716837034
2023-04-25 00:00:00+00:00,540.527972027972,1.7771328691836004
2023-04-26 00:00:00+00:00,559.7307692307693,3.170909095477391
2023-04-27 00:00:00+00:00,637.824427480916,2.61572519331488
2023-04-28 00:00:00+00:00,672.3346007604563,2.2682509454030955
2023-04-29 00:00:00+00:00,654.8111888111888,1.885734259873837
2023-04-30 00:00:00+00:00,530.1048951048951,2.4651398652500207
